<?xml version="1.0" encoding="UTF-8"?>
<addon
  id="skin.confluence.wall"
  version="0.0.3"
  name="Confluence Wall"
  provider-name="primaeval">
  <requires>
    <import addon="xbmc.gui" version="5.10.0"/>
  </requires>
  <extension
    point="xbmc.gui.skin"
    debugging="false"
    effectslowdown="1.0">
    <res width="1280" height="720" aspect="16:9" default="true" folder="720p" />
  </extension>
  <extension point="xbmc.addon.metadata">
    <summary lang="en_GB">Confluence Wall skin by primaeval</summary>
    <description lang="en_GB">Confluence with Fullscreen Video Wall and Zero Animations</description>
    <platform>all</platform>
  </extension>
</addon>
