<?xml version="1.0" encoding="UTF-8"?>
<window>
    <defaultcontrol always="true">9</defaultcontrol>
    <coordinates>
        <left>0</left>
        <top>0</top>
    </coordinates>
    <include>dialogeffect</include>
    <controls>
        <control type="image">
            <include>BackgroundDimensions</include>
            <texture>special://skin/backgrounds/media-overlay.jpg</texture>
        </control>    
        <control type="grouplist" id="9">
            <description>button area</description>
            <left>0</left>
            <top>0</top>
            <width>1280</width>
            <height>80</height>
            <itemgap>5</itemgap>
            <align>center</align>
            <orientation>horizontal</orientation>
        </control>
        <control type="grouplist" id="2">
            <description>control area</description>
            <left>0</left>
            <top>80</top>
            <width>1280</width>
            <height>560</height>
            <itemgap>5</itemgap>
            <pagecontrol>30</pagecontrol>
        </control>
        <control type="scrollbar" id="30">
            <left>16r</left>
            <top>80</top>
            <width>25</width>
            <height>560</height>
            <texturesliderbackground border="0,14,0,14">ScrollBarV.png</texturesliderbackground>
            <texturesliderbar border="2,16,2,16">ScrollBarV_bar.png</texturesliderbar>
            <texturesliderbarfocus border="2,16,2,16">ScrollBarV_bar_focus.png</texturesliderbarfocus>
            <textureslidernib>ScrollBarNib.png</textureslidernib>
            <textureslidernibfocus>ScrollBarNib.png</textureslidernibfocus>
            <showonepage>false</showonepage>
            <orientation>vertical</orientation>
        </control>
        <control type="grouplist" id="9001">
            <itemgap>5</itemgap>
            <align>center</align>
            <orientation>horizontal</orientation>        
            <top>80r</top>
            <left>0</left>
            <control type="button" id="10">
                <description>OK Button</description>
                <width>200</width>
                <height>80</height>
                <align>center</align>
                <aligny>center</aligny>
                <font>font12_title</font>
                <label>186</label>
            </control>
            <control type="button" id="11">
                <description>Cancel Button</description>
                <width>200</width>
                <height>80</height>
                <align>center</align>
                <aligny>center</aligny>
                <font>font12_title</font>
                <label>222</label>
            </control>
            <control type="button" id="12">
                <description>Defaults Button</description>
                <width>200</width>
                <height>80</height>
                <align>center</align>
                <aligny>center</aligny>
                <font>font12_title</font>
                <label>409</label>
            </control>
        </control>
        <control type="button" id="13">
            <description>Default Category Button</description>
            <height>80</height>
            <width>273</width>
            <align>center</align>
            <aligny>center</aligny>
            <font>font12_title</font>
            <textcolor>white</textcolor>
            <pulseonselect>false</pulseonselect>
        </control>
        <control type="button" id="3">
            <description>Default Button</description>
            <height>80</height>
            <font>font13</font>
            <textcolor>grey2</textcolor>
            <focusedcolor>white</focusedcolor>
            <texturefocus border="5">button-focus2.png</texturefocus>
        </control>
        <control type="radiobutton" id="4">
            <description>Default RadioButton</description>
            <height>80</height>
            <font>font13</font>
            <textcolor>grey2</textcolor>
            <focusedcolor>white</focusedcolor>
            <texturefocus border="5">button-focus2.png</texturefocus>
        </control>
        <control type="spincontrolex" id="5">
            <description>Default spincontrolex</description>
            <height>80</height>
            <textcolor>grey2</textcolor>
            <focusedcolor>white</focusedcolor>
            <texturenofocus border="5">button-nofocus.png</texturenofocus>
            <texturefocus border="5">button-focus2.png</texturefocus>
            <font>font13</font>
            <aligny>center</aligny>
            <reverse>yes</reverse>
        </control>
        <control type="label" id="7">
            <height>70</height>
            <font>font13_title</font>
            <label>-</label>
            <textcolor>blue</textcolor>
            <shadowcolor>black</shadowcolor>
            <align>left</align>
            <aligny>center</aligny>
        </control>
        <control type="image" id="6">
            <description>Default Seperator</description>
            <height>2</height>
            <texture>separator2.png</texture>
        </control>
        <control type="sliderex" id="8">
            <description>Default Slider</description>
            <height>80</height>
            <font>font13</font>
            <textcolor>grey2</textcolor>
            <focusedcolor>white</focusedcolor>
            <texturefocus border="5">button-focus2.png</texturefocus>
        </control>
    </controls>
</window>