<?xml version="1.0" encoding="UTF-8"?>
<window>
	<defaultcontrol>20</defaultcontrol>
	<controls>


		<control type="group">
			<left>0</left>
			<top>0</top>

			<control type="image">
				<left>510</left>
				<top>0</top>
				<width>80</width>
				<height>80</height>
				<aspectratio>keep</aspectratio>
				<info>Container(20).ListItem.Icon</info>
				<bordertexture border="5">button-nofocus.png</bordertexture>
				<bordersize>3</bordersize>
			</control>
			<control type="label">
				<description>header label</description>
				<left>30</left>
				<top>10</top>
				<width>470</width>
				<height>30</height>
				<font>font35_title</font>
				<label>A</label>
				<align>left</align>
				<aligny>center</aligny>
				<textcolor>blue</textcolor>
				<shadowcolor>black</shadowcolor>
			</control>
			<control type="label" id="101">
				<description>current directory text label</description>
				<left>30</left>
				<top>50</top>
				<width>470</width>
				<height>30</height>
				<font>font12_title</font>
				<textcolor>selected</textcolor>
				<shadowcolor>black</shadowcolor>
				<scroll>true</scroll>
				<align>left</align>
				<aligny>center</aligny>
			</control>
			<control type="scrollbar" id="30">
				<left>10</left>
				<top>110</top>
				<width>25</width>
				<height>630</height>
				<texturesliderbackground border="0,14,0,14">ScrollBarV.png</texturesliderbackground>
				<texturesliderbar border="2,16,2,16">ScrollBarV_bar.png</texturesliderbar>
				<texturesliderbarfocus border="2,16,2,16">ScrollBarV_bar_focus.png</texturesliderbarfocus>
				<textureslidernib>-</textureslidernib>
				<textureslidernibfocus>-</textureslidernibfocus>
				<onleft>31</onleft>
				<onright>20</onright>
				<ondown>20</ondown>
				<onup>20</onup>
				<showonepage>false</showonepage>
				<orientation>vertical</orientation>
			</control>
			<control type="list" id="20">
				<left>80</left>
				<top>110</top>
				<width>540</width>
				<height>630</height>
				<onleft>30</onleft>
				<onright>21</onright>
				<onup>20</onup>
				<ondown>20</ondown>
				<pagecontrol>30</pagecontrol>
				<scrolltime>200</scrolltime>
				<itemlayout height="80" width="540">
					<control type="image">
						<left>0</left>
						<top>0</top>
						<width>540</width>
						<height>82</height>
						<texture border="0,2,0,2">MenuItemNF.png</texture>
					</control>
					<control type="label">
						<left>0</left>
						<top>0</top>
						<width>500</width>
						<height>80</height>
						<font>font13</font>
						<aligny>center</aligny>
						<selectedcolor>selected</selectedcolor>
						<textcolor>grey2</textcolor>
						<align>left</align>
						<info>ListItem.Label</info>
					</control>
					<control type="label">
						<left>330</left>
						<top>0</top>
						<width>200</width>
						<height>80</height>
						<font>font12</font>
						<aligny>center</aligny>
						<selectedcolor>selected</selectedcolor>
						<textcolor>grey</textcolor>
						<align>right</align>
						<info>ListItem.Label2</info>
					</control>
				</itemlayout>
				<focusedlayout height="80" width="540">
					<control type="image">
						<left>0</left>
						<top>0</top>
						<width>540</width>
						<height>82</height>
						<visible>!Control.HasFocus(20)</visible>
						<texture border="0,2,0,2">MenuItemNF.png</texture>
					</control>
					<control type="image">
						<left>0</left>
						<top>0</top>
						<width>540</width>
						<height>82</height>
						<visible>Control.HasFocus(20)</visible>
						<texture border="0,2,0,2">MenuItemFO.png</texture>
					</control>
					<control type="image">
						<left>340</left>
						<top>5</top>
						<width>200</width>
						<height>31</height>
						<texture border="0,0,14,0">MediaItemDetailBG.png</texture>
						<visible>Control.HasFocus(20) + !IsEmpty(ListItem.Label2)</visible>
					</control>
					<control type="label">
						<left>0</left>
						<top>0</top>
						<width>500</width>
						<height>80</height>
						<font>font13</font>
						<aligny>center</aligny>
						<selectedcolor>selected</selectedcolor>
						<textcolor>white</textcolor>
						<align>left</align>
						<info>ListItem.Label</info>
					</control>
					<control type="label">
						<left>330</left>
						<top>0</top>
						<width>200</width>
						<height>80</height>
						<font>font12</font>
						<aligny>center</aligny>
						<selectedcolor>selected</selectedcolor>
						<textcolor>grey</textcolor>
						<align>right</align>
						<info>ListItem.Label2</info>
					</control>
				</focusedlayout>
			</control>
		</control>
		<control type="group">
			<left>670</left>
			<top>0</top>

			<control type="image">
				<left>20</left>
				<top>0</top>
				<width>80</width>
				<height>80</height>
				<aspectratio>keep</aspectratio>
				<info>Container(21).ListItem.Icon</info>
				<bordertexture border="5">button-nofocus.png</bordertexture>
				<bordersize>3</bordersize>
			</control>
			<control type="label">
				<description>header label</description>
				<left>110</left>
				<top>10</top>
				<width>470</width>
				<height>30</height>
				<font>font35_title</font>
				<label>B</label>
				<align>right</align>
				<aligny>center</aligny>
				<textcolor>blue</textcolor>
				<shadowcolor>black</shadowcolor>
			</control>
			<control type="label" id="102">
				<description>current directory text label</description>
				<left>110</left>
				<top>50</top>
				<width>470</width>
				<height>30</height>
				<font>font12_title</font>
				<textcolor>selected</textcolor>
				<shadowcolor>black</shadowcolor>
				<scroll>true</scroll>
				<align>right</align>
				<aligny>center</aligny>
			</control>
			<control type="scrollbar" id="31">
				<left>575</left>
				<top>110</top>
				<width>25</width>
				<height>630</height>
				<texturesliderbackground border="0,14,0,14">ScrollBarV.png</texturesliderbackground>
				<texturesliderbar border="2,16,2,16">ScrollBarV_bar.png</texturesliderbar>
				<texturesliderbarfocus border="2,16,2,16">ScrollBarV_bar_focus.png</texturesliderbarfocus>
				<textureslidernib>-</textureslidernib>
				<textureslidernibfocus>-</textureslidernibfocus>
				<onleft>21</onleft>
				<onright>30</onright>
				<ondown>21</ondown>
				<onup>21</onup>
				<showonepage>false</showonepage>
				<orientation>vertical</orientation>
			</control>
			<control type="list" id="21">
				<left>30</left>
				<top>110</top>
				<width>540</width>
				<height>630</height>
				<onleft>20</onleft>
				<onright>31</onright>
				<onup>21</onup>
				<ondown>21</ondown>
				<pagecontrol>31</pagecontrol>
				<scrolltime>200</scrolltime>
				<itemlayout height="80">
					<control type="image">
						<left>0</left>
						<top>0</top>
						<width>540</width>
						<height>82</height>
						<texture border="0,2,0,2">MenuItemNF.png</texture>
					</control>
					<control type="label">
						<left>0</left>
						<top>0</top>
						<width>500</width>
						<height>80</height>
						<font>font13</font>
						<aligny>center</aligny>
						<selectedcolor>selected</selectedcolor>
						<textcolor>grey2</textcolor>
						<align>left</align>
						<info>ListItem.Label</info>
					</control>
					<control type="label">
						<left>330</left>
						<top>0</top>
						<width>200</width>
						<height>80</height>
						<font>font12</font>
						<aligny>center</aligny>
						<selectedcolor>selected</selectedcolor>
						<textcolor>grey</textcolor>
						<align>right</align>
						<info>ListItem.Label2</info>
					</control>
				</itemlayout>
				<focusedlayout height="80">
					<control type="image">
						<left>0</left>
						<top>0</top>
						<width>540</width>
						<height>82</height>
						<visible>!Control.HasFocus(21)</visible>
						<texture border="0,2,0,2">MenuItemNF.png</texture>
					</control>
					<control type="image">
						<left>0</left>
						<top>0</top>
						<width>540</width>
						<height>82</height>
						<visible>Control.HasFocus(21)</visible>
						<texture border="0,2,0,2">MenuItemFO.png</texture>
					</control>
					<control type="image">
						<left>340</left>
						<top>5</top>
						<width>200</width>
						<height>31</height>
						<texture border="0,0,14,0">MediaItemDetailBG.png</texture>
						<visible>Control.HasFocus(21) + !IsEmpty(ListItem.Label2)</visible>
					</control>
					<control type="label">
						<left>0</left>
						<top>0</top>
						<width>500</width>
						<height>80</height>
						<font>font13</font>
						<aligny>center</aligny>
						<selectedcolor>selected</selectedcolor>
						<textcolor>white</textcolor>
						<align>left</align>
						<info>ListItem.Label</info>
					</control>
					<control type="label">
						<left>330</left>
						<top>0</top>
						<width>200</width>
						<height>80</height>
						<font>font12</font>
						<aligny>center</aligny>
						<selectedcolor>selected</selectedcolor>
						<textcolor>grey</textcolor>
						<align>right</align>
						<info>ListItem.Label2</info>
					</control>
				</focusedlayout>
			</control>
		</control>



	</controls>
</window>
