<?xml version="1.0" encoding="UTF-8"?>
<window>
	<defaultcontrol>3</defaultcontrol>
	<controls>

		<control type="group">
			<left>0</left>
			<top>0</top>

			<control type="image">
				<left>5</left>
				<top>5</top>
				<width>1280</width>
				<height>720</height>
				<texture border="15">ContentPanel.png</texture>
			</control>



			<control type="grouplist" id="3">
				<description>button area</description>
				<left>0</left>
				<top>0</top>
				<width>260</width>
				<height>720</height>
				<itemgap>-1</itemgap>
				<onleft>5</onleft>
				<onright>5</onright>
				<onup>3</onup>
				<ondown>20</ondown>
			</control>
			<control type="button" id="20">
				<description>Setting level button</description>
				<left>0</left>
				<top>80r</top>
				<height>80</height>
				<width>260</width>
				<label>10037</label>
				<textoffsetx>20</textoffsetx>
				<textoffsety>28</textoffsety>
				<align>right</align>
				<aligny>top</aligny>
				<font>font13</font>
				<textcolor>selected</textcolor>
				<focusedcolor>selected</focusedcolor>
				<texturefocus border="5">MenuItemFO.png</texturefocus>
				<texturenofocus border="5">MenuItemNF.png</texturenofocus>
				<pulseonselect>false</pulseonselect>
				<onleft>5</onleft>
				<onright>5</onright>
				<onup>3</onup>
				<ondown>3</ondown>
				<onclick>SettingsLevelChange</onclick>
			</control>
			<control type="label">
				<left>0</left>
				<top>80r</top>
				<height>25</height>
				<width>230</width>
				<label>31142</label>
				<font>font13_title</font>
				<textcolor>white</textcolor>
				<align>right</align>
				<aligny>center</aligny>
			</control>

			<control type="label">
				<description>header label</description>
				<left>300</left>
				<top>20</top>
				<width>726</width>
				<height>30</height>
				<font>font16</font>
				<label>$INFO[Control.GetLabel(2)] - $LOCALIZE[5]</label>
				<align>center</align>
				<aligny>center</aligny>
				<textcolor>white</textcolor>
				<shadowcolor>black</shadowcolor>
			</control>
			<control type="grouplist" id="5">
				<description>control area</description>
				<left>260</left>
				<top>70</top>
				<width>1020</width>
				<height>560</height>
				<itemgap>-1</itemgap>
				<pagecontrol>-</pagecontrol>

			</control>


			<control type="textbox" id="6">
				<description>description area</description>
				<left>260</left>
				<top>80r</top>
				<width>1020</width>
				<height>80</height>
				<font>font12</font>
				<align>justify</align>
				<textcolor>white</textcolor>
				<autoscroll time="0" delay="4000" repeat="5000">true</autoscroll>
			</control>
		</control>

		<control type="button" id="10">
			<description>Default Category Button</description>
			<height>60</height>
			<width>260</width>
			<textoffsetx>20</textoffsetx>
			<align>right</align>
			<aligny>center</aligny>
			<font>font13_title</font>
			<textcolor>grey2</textcolor>
			<focusedcolor>white</focusedcolor>
			<texturefocus border="5">MenuItemFO.png</texturefocus>
			<texturenofocus border="5">MenuItemNF.png</texturenofocus>
			<pulseonselect>false</pulseonselect>
		</control>
		<control type="button" id="7">
			<description>Default Button</description>
			<left>0</left>
			<top>0</top>
			<height>60</height>
			<font>font13</font>
			<textcolor>grey2</textcolor>
			<focusedcolor>white</focusedcolor>
			<invalidcolor>invalid</invalidcolor>
			<texturefocus border="0,2,0,2">MenuItemFO.png</texturefocus>
			<texturenofocus border="0,2,0,2">MenuItemNF.png</texturenofocus>
		</control>
		<control type="radiobutton" id="8">
			<description>Default RadioButton</description>
			<left>0</left>
			<top>0</top>
			<height>60</height>
			<font>font13</font>
			<textcolor>grey2</textcolor>
			<focusedcolor>white</focusedcolor>
			<texturefocus border="0,2,0,2">MenuItemFO.png</texturefocus>
			<texturenofocus border="0,2,0,2">MenuItemNF.png</texturenofocus>
		</control>
		<control type="spincontrolex" id="9">
			<description>Default SpinControlex</description>
			<left>0</left>
			<top>0</top>
			<height>60</height>
			<font>font13</font>
			<textcolor>grey2</textcolor>
			<focusedcolor>white</focusedcolor>
			<texturefocus border="0,2,0,2">MenuItemFO.png</texturefocus>
			<texturenofocus border="0,2,0,2">MenuItemNF.png</texturenofocus>
			<aligny>center</aligny>
			<reverse>yes</reverse>
		</control>
		<control type="sliderex" id="13">
			<description>Default Slider</description>
			<posx>0</posx>
			<posy>0</posy>
			<height>60</height>
			<font>font13</font>
			<textcolor>grey2</textcolor>
			<focusedcolor>white</focusedcolor>
			<texturefocus border="0,2,0,2">MenuItemFO.png</texturefocus>
			<texturenofocus border="0,2,0,2">MenuItemNF.png</texturenofocus>
			<aligny>center</aligny>
		</control>
		<control type="image" id="11">
			<description>separator image</description>
			<height>2</height>
			<texture>separator2.png</texture>
		</control>
		<control type="label" id="14">
			<description>Default Label</description>
			<left>0</left>
			<top>0</top>
			<height>60</height>
			<label>-</label>
			<align>center</align>
			<aligny>bottom</aligny>
			<font>font13_title</font>
			<textcolor>grey</textcolor>
			<shadowcolor>black</shadowcolor>
		</control>
		<control type="label" id="2">
			<description>Fake Label so we can pass it value down to the one below</description>
			<left>0</left>
			<top>0</top>
			<width>0</width>
			<height>0</height>
			<font>-</font>
			<visible>false</visible>
		</control>

	</controls>
</window>
