<?xml version="1.0" encoding="UTF-8"?>
<window>
	<defaultcontrol always="true">95</defaultcontrol>
	<controls>


		<control type="group">
			<left>0</left>
			<top>0</top>


			<control type="grouplist" id="9000">
				<left>10</left>
				<top>90</top>
				<width>260</width>
				<height>481</height>
				<itemgap>-1</itemgap>
				<onup>9000</onup>
				<ondown>9000</ondown>
				<control type="button" id="95">
					<description>Button Summary Values</description>
					<height>60</height>
					<width>241</width>
					<textoffsetx>0</textoffsetx>
					<align>right</align>
					<aligny>center</aligny>
					<font>font13_title</font>
					<textcolor>grey2</textcolor>
					<focusedcolor>white</focusedcolor>
					<texturefocus border="5">MenuItemFO.png</texturefocus>
					<texturenofocus border="5">MenuItemNF.png</texturenofocus>
					<pulseonselect>false</pulseonselect>
					<label>20037</label>
				</control>
				<control type="button" id="94">
					<description>Button Storage</description>
					<height>60</height>
					<width>241</width>
					<textoffsetx>0</textoffsetx>
					<align>right</align>
					<aligny>center</aligny>
					<font>font13_title</font>
					<textcolor>grey2</textcolor>
					<focusedcolor>white</focusedcolor>
					<texturefocus border="5">MenuItemFO.png</texturefocus>
					<texturenofocus border="5">MenuItemNF.png</texturenofocus>
					<pulseonselect>false</pulseonselect>
					<label>13277</label>
				</control>
				<control type="button" id="96">
					<description>Button Network</description>
					<height>60</height>
					<width>241</width>
					<textoffsetx>0</textoffsetx>
					<align>right</align>
					<aligny>center</aligny>
					<font>font13_title</font>
					<textcolor>grey2</textcolor>
					<focusedcolor>white</focusedcolor>
					<texturefocus border="5">MenuItemFO.png</texturefocus>
					<texturenofocus border="5">MenuItemNF.png</texturenofocus>
					<pulseonselect>false</pulseonselect>
					<label>13279</label>
				</control>
				<control type="button" id="97">
					<description>Button Video</description>
					<height>60</height>
					<width>241</width>
					<textoffsetx>0</textoffsetx>
					<align>right</align>
					<aligny>center</aligny>
					<font>font13_title</font>
					<textcolor>grey2</textcolor>
					<focusedcolor>white</focusedcolor>
					<texturefocus border="5">MenuItemFO.png</texturefocus>
					<texturenofocus border="5">MenuItemNF.png</texturenofocus>
					<pulseonselect>false</pulseonselect>
					<label>13280</label>
				</control>
				<control type="button" id="98">
					<description>Button Hardware</description>
					<height>60</height>
					<width>241</width>
					<textoffsetx>0</textoffsetx>
					<align>right</align>
					<aligny>center</aligny>
					<font>font13_title</font>
					<textcolor>grey2</textcolor>
					<focusedcolor>white</focusedcolor>
					<texturefocus border="5">MenuItemFO.png</texturefocus>
					<texturenofocus border="5">MenuItemNF.png</texturenofocus>
					<pulseonselect>false</pulseonselect>
					<label>13281</label>
				</control>
				<control type="button" id="99">
					<description>Button PVR</description>
					<height>60</height>
					<width>241</width>
					<textoffsetx>0</textoffsetx>
					<align>right</align>
					<aligny>center</aligny>
					<font>font13_title</font>
					<textcolor>grey2</textcolor>
					<focusedcolor>white</focusedcolor>
					<texturefocus border="5">MenuItemFO.png</texturefocus>
					<texturenofocus border="5">MenuItemNF.png</texturenofocus>
					<pulseonselect>false</pulseonselect>
					<label>19191</label>
				</control>
			</control>
			<control type="image">
				<left>268</left>
				<top>10</top>
				<width>1020</width>
				<height>720</height>
				<texture border="5">black-back2.png</texture>
			</control>
			<control type="image">
				<left>268</left>
				<top>10</top>
				<width>1020</width>
				<height>52</height>
				<texture>dialogheader.png</texture>
			</control>
			<control type="label" id="40">
				<description>header label</description>
				<left>300</left>
				<top>20</top>
				<width>1020</width>
				<height>30</height>
				<font>font16</font>
				<label>-</label>
				<align>center</align>
				<aligny>center</aligny>
				<textcolor>white</textcolor>
				<shadowcolor>black</shadowcolor>
			</control>
			<control type="group">
				<left>290</left>
				<top>100</top>
				<control type="label" id="2">
					<description>Label 2</description>
					<left>0</left>
					<top>0</top>
					<width>1020</width>
					<label>-</label>
					<font>font13</font>
				</control>
				<control type="label" id="3">
					<description>Label 3</description>
					<left>0</left>
					<top>35</top>
					<width>1020</width>
					<label>-</label>
					<font>font13</font>
				</control>
				<control type="label" id="4">
					<description>Label 4</description>
					<left>0</left>
					<top>70</top>
					<width>1020</width>
					<label>-</label>
					<font>font13</font>
				</control>
				<control type="label" id="5">
					<description>Label 5</description>
					<left>0</left>
					<top>105</top>
					<width>1020</width>
					<label>-</label>
					<font>font13</font>
				</control>
				<control type="label" id="6">
					<description>Label 6</description>
					<left>0</left>
					<top>140</top>
					<width>1020</width>
					<label>-</label>
					<font>font13</font>
				</control>
				<control type="label" id="7">
					<description>Label 7</description>
					<left>0</left>
					<top>175</top>
					<width>1020</width>
					<label>-</label>
					<font>font13</font>
				</control>
				<control type="label" id="8">
					<description>Label 8</description>
					<left>0</left>
					<top>210</top>
					<width>1020</width>
					<label>-</label>
					<font>font13</font>
				</control>
				<control type="label" id="9">
					<description>Label 9</description>
					<left>0</left>
					<top>245</top>
					<width>1020</width>
					<label>-</label>
					<font>font13</font>
				</control>
				<control type="label" id="10">
					<description>Label 10</description>
					<left>0</left>
					<top>280</top>
					<width>1020</width>
					<label>-</label>
					<font>font13</font>
				</control>
				<control type="label" id="11">
					<description>Label 11</description>
					<left>0</left>
					<top>315</top>
					<width>1020</width>
					<label>-</label>
					<font>font13</font>
				</control>
				<control type="label">
					<description>CPU Text</description>
					<left>0</left>
					<top>350</top>
					<width>1020</width>
					<height>25</height>
					<label>$LOCALIZE[13271] $INFO[System.CPUUsage]</label>
					<align>left</align>
					<aligny>center</aligny>
					<textcolor>white</textcolor>
					<shadowcolor>black</shadowcolor>
					<font>font12_title</font>
				</control>
				<control type="progress">
					<description>CPU BAR</description>
					<left>0</left>
					<top>375</top>
					<width>920</width>
					<height>16</height>
					<info>System.CPUUsage</info>
				</control>
				<control type="label">
					<description>Memory Text</description>
					<left>0</left>
					<top>395</top>
					<width>auto</width>
					<height>25</height>
					<label>$LOCALIZE[31309] $INFO[system.memory(used)] [B]/[/B] $INFO[system.memory(total)] [B]-[/B] $INFO[system.memory(used.percent)]</label>
					<align>left</align>
					<aligny>center</aligny>
					<textcolor>white</textcolor>
					<shadowcolor>black</shadowcolor>
					<font>font12_title</font>
				</control>
				<control type="progress">
					<description>Memory BAR</description>
					<left>0</left>
					<top>420</top>
					<width>920</width>
					<height>16</height>
					<info>system.memory(used)</info>
				</control>
				<control type="grouplist">
					<description>Kodi build version</description>
					<itemgap>50</itemgap>
					<top>450</top>
					<left>0</left>
					<align>left</align>
					<orientation>horizontal</orientation>
					<control type="label">
						<description>Build label</description>
						<width>auto</width>
						<height>25</height>
						<label>$LOCALIZE[144]</label>
						<textcolor>white</textcolor>
						<shadowcolor>black</shadowcolor>
						<font>font13_title</font>
					</control>
					<control type="label" id="52">
						<description>Kodi Build Version</description>
						<left>90</left>
						<top>450</top>
						<width>auto</width>
						<textcolor>blue</textcolor>
						<shadowcolor>black</shadowcolor>
						<font>font13_title</font>
					</control>
				</control>
				<control type="grouplist">
					<description>Build date</description>
					<itemgap>10</itemgap>
					<top>480</top>
					<align>left</align>
					<left>0</left>
					<orientation>horizontal</orientation>
					<control type="label">
						<description>kodi Compiled Text</description>
						<width>auto</width>
						<height>25</height>
						<label>$LOCALIZE[174]</label>
						<textcolor>white</textcolor>
						<shadowcolor>black</shadowcolor>
						<font>font13_title</font>
					</control>
					<control type="label" id="53">
						<description>Kodi Build Date</description>
						<width>auto</width>
						<textcolor>blue</textcolor>
						<shadowcolor>black</shadowcolor>
						<font>font13_title</font>
					</control>
				</control>
			</control>
		</control>

	</controls>
</window>
