<?xml version="1.0" encoding="utf-8"?>
<window type="dialog">
    <allowoverlay>no</allowoverlay>
    <defaultcontrol always="true">7004</defaultcontrol>
    <coordinates>
        <system>1</system>
        <posx>0</posx>
        <posy>0</posy>
    </coordinates>

    <controls>

        <control type="image">
            <posx>0</posx>
            <posy>0</posy>
            <width>1280</width>
            <height>30</height>
            <texture>white.png</texture>
            <visible>true</visible>
        </control>

        <control type="list" id="7004">
            <description>categories</description>
            <left>0</left>
            <top>0</top>
            <width>1280</width>
            <height>30</height>
            <visible>true</visible>
            <onup></onup>
            <ondown></ondown>
            <onleft></onleft>
            <onright></onright>
            <viewtype label="3D list">list</viewtype>
            <orientation>horizontal</orientation>

            <itemlayout width="256" height="30">
                <control type="image">
                    <posx>1</posx>
                    <posy>0</posy>
                    <width>254</width>
                    <height>30</height>
                    <texture>black-back.png</texture>
                    <visible>true</visible>
                </control>
                <control type="label">
                    <left>0</left>
                    <top>0</top>
                    <width>256</width>
                    <height>30</height>
                    <font>font13</font>
                    <align>center</align>
                    <aligny>center</aligny>
                    <textcolor>white</textcolor>
                    <selectedcolor>blue</selectedcolor>
                    <info>ListItem.Label</info>
                </control>
            </itemlayout>
            <focusedlayout width="256" height="30">
                <control type="image">
                    <posx>1</posx>
                    <posy>0</posy>
                    <width>254</width>
                    <height>30</height>
                    <texture>tvg-program-focus.png</texture>
                    <visible>true</visible>
                </control>
                <control type="label">
                    <left>0</left>
                    <top>0</top>
                    <width>256</width>
                    <height>30</height>
                    <font>font13</font>
                    <align>center</align>
                    <aligny>center</aligny>
                    <textcolor>black</textcolor>
                    <selectedcolor>yellow</selectedcolor>
                    <info>ListItem.Label</info>
                </control>
            </focusedlayout>
        </control>


    </controls>
</window>
