<?xml version="1.0" encoding="UTF-8" standalone="yes"?>
<addon id="script.tvguide.fullscreen.skin.wmc" name="TV Guide Fullscreen - WMC" version="0.0.2" provider-name="DoctorEggs">
    <requires>
        <import addon="xbmc.python" version="2.19.0"/>
        <import addon="script.tvguide.fullscreen" version="0.0.324"/>
    </requires>
    <extension point="xbmc.python.script" library="addon.py">
            <provides>executable</provides>
    </extension>
    <extension point="xbmc.addon.metadata">
        <summary lang="en">Doctor Eggs' WMC skin for TV Guide Fullscreen</summary>
        <description lang="en"></description>
        <disclaimer lang="en"></disclaimer>
        <language></language>
        <platform>all</platform>
        <license>GPLv2</license>
        <forum>http://forum.kodi.tv/showthread.php?tid=282157</forum>
        <source>https://github.com/primaeval/script.tvguide.fullscreen</source>
        <website></website>
        <email></email>
        <assets>
            <icon>resources/icon.png</icon>
            <screenshot>resources/screenshot000.jpg</screenshot>
            <screenshot>resources/screenshot001.jpg</screenshot>
            <screenshot>resources/screenshot002.jpg</screenshot>
            <screenshot>resources/screenshot003.jpg</screenshot>
            <screenshot>resources/screenshot004.jpg</screenshot>
            <screenshot>resources/screenshot005.jpg</screenshot>
        </assets>
    </extension>
</addon>
