<?xml version="1.0" encoding="UTF-8"?>
<tv generator-info-name="xmltv Meld">
<channel id="dummy001">
    <display-name lang="en">Dummy 001</display-name>
</channel>
<channel id="dummy002">
    <display-name lang="en">Dummy 002</display-name>
</channel>
<channel id="dummy003">
    <display-name lang="en">Dummy 003</display-name>
</channel>
<channel id="dummy004">
    <display-name lang="en">Dummy 004</display-name>
</channel>
<channel id="dummy005">
    <display-name lang="en">Dummy 005</display-name>
</channel>
<channel id="dummy006">
    <display-name lang="en">Dummy 006</display-name>
</channel>
<channel id="dummy007">
    <display-name lang="en">Dummy 007</display-name>
</channel>
<channel id="dummy008">
    <display-name lang="en">Dummy 008</display-name>
</channel>
<channel id="dummy009">
    <display-name lang="en">Dummy 009</display-name>
</channel>
<channel id="dummy010">
    <display-name lang="en">Dummy 010</display-name>
</channel>
<channel id="dummy011">
    <display-name lang="en">Dummy 011</display-name>
</channel>
<channel id="dummy012">
    <display-name lang="en">Dummy 012</display-name>
</channel>
<channel id="dummy013">
    <display-name lang="en">Dummy 013</display-name>
</channel>
<channel id="dummy014">
    <display-name lang="en">Dummy 014</display-name>
</channel>
<channel id="dummy015">
    <display-name lang="en">Dummy 015</display-name>
</channel>
<channel id="dummy016">
    <display-name lang="en">Dummy 016</display-name>
</channel>
<channel id="dummy017">
    <display-name lang="en">Dummy 017</display-name>
</channel>
<channel id="dummy018">
    <display-name lang="en">Dummy 018</display-name>
</channel>
<channel id="dummy019">
    <display-name lang="en">Dummy 019</display-name>
</channel>
<channel id="dummy020">
    <display-name lang="en">Dummy 020</display-name>
</channel>
<channel id="dummy021">
    <display-name lang="en">Dummy 021</display-name>
</channel>
<channel id="dummy022">
    <display-name lang="en">Dummy 022</display-name>
</channel>
<channel id="dummy023">
    <display-name lang="en">Dummy 023</display-name>
</channel>
<channel id="dummy024">
    <display-name lang="en">Dummy 024</display-name>
</channel>
<channel id="dummy025">
    <display-name lang="en">Dummy 025</display-name>
</channel>
<channel id="dummy026">
    <display-name lang="en">Dummy 026</display-name>
</channel>
<channel id="dummy027">
    <display-name lang="en">Dummy 027</display-name>
</channel>
<channel id="dummy028">
    <display-name lang="en">Dummy 028</display-name>
</channel>
<channel id="dummy029">
    <display-name lang="en">Dummy 029</display-name>
</channel>
<channel id="dummy030">
    <display-name lang="en">Dummy 030</display-name>
</channel>
<channel id="dummy031">
    <display-name lang="en">Dummy 031</display-name>
</channel>
<channel id="dummy032">
    <display-name lang="en">Dummy 032</display-name>
</channel>
<channel id="dummy033">
    <display-name lang="en">Dummy 033</display-name>
</channel>
<channel id="dummy034">
    <display-name lang="en">Dummy 034</display-name>
</channel>
<channel id="dummy035">
    <display-name lang="en">Dummy 035</display-name>
</channel>
<channel id="dummy036">
    <display-name lang="en">Dummy 036</display-name>
</channel>
<channel id="dummy037">
    <display-name lang="en">Dummy 037</display-name>
</channel>
<channel id="dummy038">
    <display-name lang="en">Dummy 038</display-name>
</channel>
<channel id="dummy039">
    <display-name lang="en">Dummy 039</display-name>
</channel>
<channel id="dummy040">
    <display-name lang="en">Dummy 040</display-name>
</channel>
<channel id="dummy041">
    <display-name lang="en">Dummy 041</display-name>
</channel>
<channel id="dummy042">
    <display-name lang="en">Dummy 042</display-name>
</channel>
<channel id="dummy043">
    <display-name lang="en">Dummy 043</display-name>
</channel>
<channel id="dummy044">
    <display-name lang="en">Dummy 044</display-name>
</channel>
<channel id="dummy045">
    <display-name lang="en">Dummy 045</display-name>
</channel>
<channel id="dummy046">
    <display-name lang="en">Dummy 046</display-name>
</channel>
<channel id="dummy047">
    <display-name lang="en">Dummy 047</display-name>
</channel>
<channel id="dummy048">
    <display-name lang="en">Dummy 048</display-name>
</channel>
<channel id="dummy049">
    <display-name lang="en">Dummy 049</display-name>
</channel>
<channel id="dummy050">
    <display-name lang="en">Dummy 050</display-name>
</channel>
<channel id="dummy051">
    <display-name lang="en">Dummy 051</display-name>
</channel>
<channel id="dummy052">
    <display-name lang="en">Dummy 052</display-name>
</channel>
<channel id="dummy053">
    <display-name lang="en">Dummy 053</display-name>
</channel>
<channel id="dummy054">
    <display-name lang="en">Dummy 054</display-name>
</channel>
<channel id="dummy055">
    <display-name lang="en">Dummy 055</display-name>
</channel>
<channel id="dummy056">
    <display-name lang="en">Dummy 056</display-name>
</channel>
<channel id="dummy057">
    <display-name lang="en">Dummy 057</display-name>
</channel>
<channel id="dummy058">
    <display-name lang="en">Dummy 058</display-name>
</channel>
<channel id="dummy059">
    <display-name lang="en">Dummy 059</display-name>
</channel>
<channel id="dummy060">
    <display-name lang="en">Dummy 060</display-name>
</channel>
<channel id="dummy061">
    <display-name lang="en">Dummy 061</display-name>
</channel>
<channel id="dummy062">
    <display-name lang="en">Dummy 062</display-name>
</channel>
<channel id="dummy063">
    <display-name lang="en">Dummy 063</display-name>
</channel>
<channel id="dummy064">
    <display-name lang="en">Dummy 064</display-name>
</channel>
<channel id="dummy065">
    <display-name lang="en">Dummy 065</display-name>
</channel>
<channel id="dummy066">
    <display-name lang="en">Dummy 066</display-name>
</channel>
<channel id="dummy067">
    <display-name lang="en">Dummy 067</display-name>
</channel>
<channel id="dummy068">
    <display-name lang="en">Dummy 068</display-name>
</channel>
<channel id="dummy069">
    <display-name lang="en">Dummy 069</display-name>
</channel>
<channel id="dummy070">
    <display-name lang="en">Dummy 070</display-name>
</channel>
<channel id="dummy071">
    <display-name lang="en">Dummy 071</display-name>
</channel>
<channel id="dummy072">
    <display-name lang="en">Dummy 072</display-name>
</channel>
<channel id="dummy073">
    <display-name lang="en">Dummy 073</display-name>
</channel>
<channel id="dummy074">
    <display-name lang="en">Dummy 074</display-name>
</channel>
<channel id="dummy075">
    <display-name lang="en">Dummy 075</display-name>
</channel>
<channel id="dummy076">
    <display-name lang="en">Dummy 076</display-name>
</channel>
<channel id="dummy077">
    <display-name lang="en">Dummy 077</display-name>
</channel>
<channel id="dummy078">
    <display-name lang="en">Dummy 078</display-name>
</channel>
<channel id="dummy079">
    <display-name lang="en">Dummy 079</display-name>
</channel>
<channel id="dummy080">
    <display-name lang="en">Dummy 080</display-name>
</channel>
<channel id="dummy081">
    <display-name lang="en">Dummy 081</display-name>
</channel>
<channel id="dummy082">
    <display-name lang="en">Dummy 082</display-name>
</channel>
<channel id="dummy083">
    <display-name lang="en">Dummy 083</display-name>
</channel>
<channel id="dummy084">
    <display-name lang="en">Dummy 084</display-name>
</channel>
<channel id="dummy085">
    <display-name lang="en">Dummy 085</display-name>
</channel>
<channel id="dummy086">
    <display-name lang="en">Dummy 086</display-name>
</channel>
<channel id="dummy087">
    <display-name lang="en">Dummy 087</display-name>
</channel>
<channel id="dummy088">
    <display-name lang="en">Dummy 088</display-name>
</channel>
<channel id="dummy089">
    <display-name lang="en">Dummy 089</display-name>
</channel>
<channel id="dummy090">
    <display-name lang="en">Dummy 090</display-name>
</channel>
<channel id="dummy091">
    <display-name lang="en">Dummy 091</display-name>
</channel>
<channel id="dummy092">
    <display-name lang="en">Dummy 092</display-name>
</channel>
<channel id="dummy093">
    <display-name lang="en">Dummy 093</display-name>
</channel>
<channel id="dummy094">
    <display-name lang="en">Dummy 094</display-name>
</channel>
<channel id="dummy095">
    <display-name lang="en">Dummy 095</display-name>
</channel>
<channel id="dummy096">
    <display-name lang="en">Dummy 096</display-name>
</channel>
<channel id="dummy097">
    <display-name lang="en">Dummy 097</display-name>
</channel>
<channel id="dummy098">
    <display-name lang="en">Dummy 098</display-name>
</channel>
<channel id="dummy099">
    <display-name lang="en">Dummy 099</display-name>
</channel>
<channel id="dummy100">
    <display-name lang="en">Dummy 100</display-name>
</channel>
<channel id="dummy101">
    <display-name lang="en">Dummy 101</display-name>
</channel>
<channel id="dummy102">
    <display-name lang="en">Dummy 102</display-name>
</channel>
<channel id="dummy103">
    <display-name lang="en">Dummy 103</display-name>
</channel>
<channel id="dummy104">
    <display-name lang="en">Dummy 104</display-name>
</channel>
<channel id="dummy105">
    <display-name lang="en">Dummy 105</display-name>
</channel>
<channel id="dummy106">
    <display-name lang="en">Dummy 106</display-name>
</channel>
<channel id="dummy107">
    <display-name lang="en">Dummy 107</display-name>
</channel>
<channel id="dummy108">
    <display-name lang="en">Dummy 108</display-name>
</channel>
<channel id="dummy109">
    <display-name lang="en">Dummy 109</display-name>
</channel>
<channel id="dummy110">
    <display-name lang="en">Dummy 110</display-name>
</channel>
<channel id="dummy111">
    <display-name lang="en">Dummy 111</display-name>
</channel>
<channel id="dummy112">
    <display-name lang="en">Dummy 112</display-name>
</channel>
<channel id="dummy113">
    <display-name lang="en">Dummy 113</display-name>
</channel>
<channel id="dummy114">
    <display-name lang="en">Dummy 114</display-name>
</channel>
<channel id="dummy115">
    <display-name lang="en">Dummy 115</display-name>
</channel>
<channel id="dummy116">
    <display-name lang="en">Dummy 116</display-name>
</channel>
<channel id="dummy117">
    <display-name lang="en">Dummy 117</display-name>
</channel>
<channel id="dummy118">
    <display-name lang="en">Dummy 118</display-name>
</channel>
<channel id="dummy119">
    <display-name lang="en">Dummy 119</display-name>
</channel>
<channel id="dummy120">
    <display-name lang="en">Dummy 120</display-name>
</channel>
<channel id="dummy121">
    <display-name lang="en">Dummy 121</display-name>
</channel>
<channel id="dummy122">
    <display-name lang="en">Dummy 122</display-name>
</channel>
<channel id="dummy123">
    <display-name lang="en">Dummy 123</display-name>
</channel>
<channel id="dummy124">
    <display-name lang="en">Dummy 124</display-name>
</channel>
<channel id="dummy125">
    <display-name lang="en">Dummy 125</display-name>
</channel>
<channel id="dummy126">
    <display-name lang="en">Dummy 126</display-name>
</channel>
<channel id="dummy127">
    <display-name lang="en">Dummy 127</display-name>
</channel>
<channel id="dummy128">
    <display-name lang="en">Dummy 128</display-name>
</channel>
<channel id="dummy129">
    <display-name lang="en">Dummy 129</display-name>
</channel>
<channel id="dummy130">
    <display-name lang="en">Dummy 130</display-name>
</channel>
<channel id="dummy131">
    <display-name lang="en">Dummy 131</display-name>
</channel>
<channel id="dummy132">
    <display-name lang="en">Dummy 132</display-name>
</channel>
<channel id="dummy133">
    <display-name lang="en">Dummy 133</display-name>
</channel>
<channel id="dummy134">
    <display-name lang="en">Dummy 134</display-name>
</channel>
<channel id="dummy135">
    <display-name lang="en">Dummy 135</display-name>
</channel>
<channel id="dummy136">
    <display-name lang="en">Dummy 136</display-name>
</channel>
<channel id="dummy137">
    <display-name lang="en">Dummy 137</display-name>
</channel>
<channel id="dummy138">
    <display-name lang="en">Dummy 138</display-name>
</channel>
<channel id="dummy139">
    <display-name lang="en">Dummy 139</display-name>
</channel>
<channel id="dummy140">
    <display-name lang="en">Dummy 140</display-name>
</channel>
<channel id="dummy141">
    <display-name lang="en">Dummy 141</display-name>
</channel>
<channel id="dummy142">
    <display-name lang="en">Dummy 142</display-name>
</channel>
<channel id="dummy143">
    <display-name lang="en">Dummy 143</display-name>
</channel>
<channel id="dummy144">
    <display-name lang="en">Dummy 144</display-name>
</channel>
<channel id="dummy145">
    <display-name lang="en">Dummy 145</display-name>
</channel>
<channel id="dummy146">
    <display-name lang="en">Dummy 146</display-name>
</channel>
<channel id="dummy147">
    <display-name lang="en">Dummy 147</display-name>
</channel>
<channel id="dummy148">
    <display-name lang="en">Dummy 148</display-name>
</channel>
<channel id="dummy149">
    <display-name lang="en">Dummy 149</display-name>
</channel>
<channel id="dummy150">
    <display-name lang="en">Dummy 150</display-name>
</channel>
<channel id="dummy151">
    <display-name lang="en">Dummy 151</display-name>
</channel>
<channel id="dummy152">
    <display-name lang="en">Dummy 152</display-name>
</channel>
<channel id="dummy153">
    <display-name lang="en">Dummy 153</display-name>
</channel>
<channel id="dummy154">
    <display-name lang="en">Dummy 154</display-name>
</channel>
<channel id="dummy155">
    <display-name lang="en">Dummy 155</display-name>
</channel>
<channel id="dummy156">
    <display-name lang="en">Dummy 156</display-name>
</channel>
<channel id="dummy157">
    <display-name lang="en">Dummy 157</display-name>
</channel>
<channel id="dummy158">
    <display-name lang="en">Dummy 158</display-name>
</channel>
<channel id="dummy159">
    <display-name lang="en">Dummy 159</display-name>
</channel>
<channel id="dummy160">
    <display-name lang="en">Dummy 160</display-name>
</channel>
<channel id="dummy161">
    <display-name lang="en">Dummy 161</display-name>
</channel>
<channel id="dummy162">
    <display-name lang="en">Dummy 162</display-name>
</channel>
<channel id="dummy163">
    <display-name lang="en">Dummy 163</display-name>
</channel>
<channel id="dummy164">
    <display-name lang="en">Dummy 164</display-name>
</channel>
<channel id="dummy165">
    <display-name lang="en">Dummy 165</display-name>
</channel>
<channel id="dummy166">
    <display-name lang="en">Dummy 166</display-name>
</channel>
<channel id="dummy167">
    <display-name lang="en">Dummy 167</display-name>
</channel>
<channel id="dummy168">
    <display-name lang="en">Dummy 168</display-name>
</channel>
<channel id="dummy169">
    <display-name lang="en">Dummy 169</display-name>
</channel>
<channel id="dummy170">
    <display-name lang="en">Dummy 170</display-name>
</channel>
<channel id="dummy171">
    <display-name lang="en">Dummy 171</display-name>
</channel>
<channel id="dummy172">
    <display-name lang="en">Dummy 172</display-name>
</channel>
<channel id="dummy173">
    <display-name lang="en">Dummy 173</display-name>
</channel>
<channel id="dummy174">
    <display-name lang="en">Dummy 174</display-name>
</channel>
<channel id="dummy175">
    <display-name lang="en">Dummy 175</display-name>
</channel>
<channel id="dummy176">
    <display-name lang="en">Dummy 176</display-name>
</channel>
<channel id="dummy177">
    <display-name lang="en">Dummy 177</display-name>
</channel>
<channel id="dummy178">
    <display-name lang="en">Dummy 178</display-name>
</channel>
<channel id="dummy179">
    <display-name lang="en">Dummy 179</display-name>
</channel>
<channel id="dummy180">
    <display-name lang="en">Dummy 180</display-name>
</channel>
<channel id="dummy181">
    <display-name lang="en">Dummy 181</display-name>
</channel>
<channel id="dummy182">
    <display-name lang="en">Dummy 182</display-name>
</channel>
<channel id="dummy183">
    <display-name lang="en">Dummy 183</display-name>
</channel>
<channel id="dummy184">
    <display-name lang="en">Dummy 184</display-name>
</channel>
<channel id="dummy185">
    <display-name lang="en">Dummy 185</display-name>
</channel>
<channel id="dummy186">
    <display-name lang="en">Dummy 186</display-name>
</channel>
<channel id="dummy187">
    <display-name lang="en">Dummy 187</display-name>
</channel>
<channel id="dummy188">
    <display-name lang="en">Dummy 188</display-name>
</channel>
<channel id="dummy189">
    <display-name lang="en">Dummy 189</display-name>
</channel>
<channel id="dummy190">
    <display-name lang="en">Dummy 190</display-name>
</channel>
<channel id="dummy191">
    <display-name lang="en">Dummy 191</display-name>
</channel>
<channel id="dummy192">
    <display-name lang="en">Dummy 192</display-name>
</channel>
<channel id="dummy193">
    <display-name lang="en">Dummy 193</display-name>
</channel>
<channel id="dummy194">
    <display-name lang="en">Dummy 194</display-name>
</channel>
<channel id="dummy195">
    <display-name lang="en">Dummy 195</display-name>
</channel>
<channel id="dummy196">
    <display-name lang="en">Dummy 196</display-name>
</channel>
<channel id="dummy197">
    <display-name lang="en">Dummy 197</display-name>
</channel>
<channel id="dummy198">
    <display-name lang="en">Dummy 198</display-name>
</channel>
<channel id="dummy199">
    <display-name lang="en">Dummy 199</display-name>
</channel>
<channel id="dummy200">
    <display-name lang="en">Dummy 200</display-name>
</channel>
<channel id="dummy201">
    <display-name lang="en">Dummy 201</display-name>
</channel>
<channel id="dummy202">
    <display-name lang="en">Dummy 202</display-name>
</channel>
<channel id="dummy203">
    <display-name lang="en">Dummy 203</display-name>
</channel>
<channel id="dummy204">
    <display-name lang="en">Dummy 204</display-name>
</channel>
<channel id="dummy205">
    <display-name lang="en">Dummy 205</display-name>
</channel>
<channel id="dummy206">
    <display-name lang="en">Dummy 206</display-name>
</channel>
<channel id="dummy207">
    <display-name lang="en">Dummy 207</display-name>
</channel>
<channel id="dummy208">
    <display-name lang="en">Dummy 208</display-name>
</channel>
<channel id="dummy209">
    <display-name lang="en">Dummy 209</display-name>
</channel>
<channel id="dummy210">
    <display-name lang="en">Dummy 210</display-name>
</channel>
<channel id="dummy211">
    <display-name lang="en">Dummy 211</display-name>
</channel>
<channel id="dummy212">
    <display-name lang="en">Dummy 212</display-name>
</channel>
<channel id="dummy213">
    <display-name lang="en">Dummy 213</display-name>
</channel>
<channel id="dummy214">
    <display-name lang="en">Dummy 214</display-name>
</channel>
<channel id="dummy215">
    <display-name lang="en">Dummy 215</display-name>
</channel>
<channel id="dummy216">
    <display-name lang="en">Dummy 216</display-name>
</channel>
<channel id="dummy217">
    <display-name lang="en">Dummy 217</display-name>
</channel>
<channel id="dummy218">
    <display-name lang="en">Dummy 218</display-name>
</channel>
<channel id="dummy219">
    <display-name lang="en">Dummy 219</display-name>
</channel>
<channel id="dummy220">
    <display-name lang="en">Dummy 220</display-name>
</channel>
<channel id="dummy221">
    <display-name lang="en">Dummy 221</display-name>
</channel>
<channel id="dummy222">
    <display-name lang="en">Dummy 222</display-name>
</channel>
<channel id="dummy223">
    <display-name lang="en">Dummy 223</display-name>
</channel>
<channel id="dummy224">
    <display-name lang="en">Dummy 224</display-name>
</channel>
<channel id="dummy225">
    <display-name lang="en">Dummy 225</display-name>
</channel>
<channel id="dummy226">
    <display-name lang="en">Dummy 226</display-name>
</channel>
<channel id="dummy227">
    <display-name lang="en">Dummy 227</display-name>
</channel>
<channel id="dummy228">
    <display-name lang="en">Dummy 228</display-name>
</channel>
<channel id="dummy229">
    <display-name lang="en">Dummy 229</display-name>
</channel>
<channel id="dummy230">
    <display-name lang="en">Dummy 230</display-name>
</channel>
<channel id="dummy231">
    <display-name lang="en">Dummy 231</display-name>
</channel>
<channel id="dummy232">
    <display-name lang="en">Dummy 232</display-name>
</channel>
<channel id="dummy233">
    <display-name lang="en">Dummy 233</display-name>
</channel>
<channel id="dummy234">
    <display-name lang="en">Dummy 234</display-name>
</channel>
<channel id="dummy235">
    <display-name lang="en">Dummy 235</display-name>
</channel>
<channel id="dummy236">
    <display-name lang="en">Dummy 236</display-name>
</channel>
<channel id="dummy237">
    <display-name lang="en">Dummy 237</display-name>
</channel>
<channel id="dummy238">
    <display-name lang="en">Dummy 238</display-name>
</channel>
<channel id="dummy239">
    <display-name lang="en">Dummy 239</display-name>
</channel>
<channel id="dummy240">
    <display-name lang="en">Dummy 240</display-name>
</channel>
<channel id="dummy241">
    <display-name lang="en">Dummy 241</display-name>
</channel>
<channel id="dummy242">
    <display-name lang="en">Dummy 242</display-name>
</channel>
<channel id="dummy243">
    <display-name lang="en">Dummy 243</display-name>
</channel>
<channel id="dummy244">
    <display-name lang="en">Dummy 244</display-name>
</channel>
<channel id="dummy245">
    <display-name lang="en">Dummy 245</display-name>
</channel>
<channel id="dummy246">
    <display-name lang="en">Dummy 246</display-name>
</channel>
<channel id="dummy247">
    <display-name lang="en">Dummy 247</display-name>
</channel>
<channel id="dummy248">
    <display-name lang="en">Dummy 248</display-name>
</channel>
<channel id="dummy249">
    <display-name lang="en">Dummy 249</display-name>
</channel>
<channel id="dummy250">
    <display-name lang="en">Dummy 250</display-name>
</channel>
<channel id="dummy251">
    <display-name lang="en">Dummy 251</display-name>
</channel>
<channel id="dummy252">
    <display-name lang="en">Dummy 252</display-name>
</channel>
<channel id="dummy253">
    <display-name lang="en">Dummy 253</display-name>
</channel>
<channel id="dummy254">
    <display-name lang="en">Dummy 254</display-name>
</channel>
<channel id="dummy255">
    <display-name lang="en">Dummy 255</display-name>
</channel>
<channel id="dummy256">
    <display-name lang="en">Dummy 256</display-name>
</channel>
<channel id="dummy257">
    <display-name lang="en">Dummy 257</display-name>
</channel>
<channel id="dummy258">
    <display-name lang="en">Dummy 258</display-name>
</channel>
<channel id="dummy259">
    <display-name lang="en">Dummy 259</display-name>
</channel>
<channel id="dummy260">
    <display-name lang="en">Dummy 260</display-name>
</channel>
<channel id="dummy261">
    <display-name lang="en">Dummy 261</display-name>
</channel>
<channel id="dummy262">
    <display-name lang="en">Dummy 262</display-name>
</channel>
<channel id="dummy263">
    <display-name lang="en">Dummy 263</display-name>
</channel>
<channel id="dummy264">
    <display-name lang="en">Dummy 264</display-name>
</channel>
<channel id="dummy265">
    <display-name lang="en">Dummy 265</display-name>
</channel>
<channel id="dummy266">
    <display-name lang="en">Dummy 266</display-name>
</channel>
<channel id="dummy267">
    <display-name lang="en">Dummy 267</display-name>
</channel>
<channel id="dummy268">
    <display-name lang="en">Dummy 268</display-name>
</channel>
<channel id="dummy269">
    <display-name lang="en">Dummy 269</display-name>
</channel>
<channel id="dummy270">
    <display-name lang="en">Dummy 270</display-name>
</channel>
<channel id="dummy271">
    <display-name lang="en">Dummy 271</display-name>
</channel>
<channel id="dummy272">
    <display-name lang="en">Dummy 272</display-name>
</channel>
<channel id="dummy273">
    <display-name lang="en">Dummy 273</display-name>
</channel>
<channel id="dummy274">
    <display-name lang="en">Dummy 274</display-name>
</channel>
<channel id="dummy275">
    <display-name lang="en">Dummy 275</display-name>
</channel>
<channel id="dummy276">
    <display-name lang="en">Dummy 276</display-name>
</channel>
<channel id="dummy277">
    <display-name lang="en">Dummy 277</display-name>
</channel>
<channel id="dummy278">
    <display-name lang="en">Dummy 278</display-name>
</channel>
<channel id="dummy279">
    <display-name lang="en">Dummy 279</display-name>
</channel>
<channel id="dummy280">
    <display-name lang="en">Dummy 280</display-name>
</channel>
<channel id="dummy281">
    <display-name lang="en">Dummy 281</display-name>
</channel>
<channel id="dummy282">
    <display-name lang="en">Dummy 282</display-name>
</channel>
<channel id="dummy283">
    <display-name lang="en">Dummy 283</display-name>
</channel>
<channel id="dummy284">
    <display-name lang="en">Dummy 284</display-name>
</channel>
<channel id="dummy285">
    <display-name lang="en">Dummy 285</display-name>
</channel>
<channel id="dummy286">
    <display-name lang="en">Dummy 286</display-name>
</channel>
<channel id="dummy287">
    <display-name lang="en">Dummy 287</display-name>
</channel>
<channel id="dummy288">
    <display-name lang="en">Dummy 288</display-name>
</channel>
<channel id="dummy289">
    <display-name lang="en">Dummy 289</display-name>
</channel>
<channel id="dummy290">
    <display-name lang="en">Dummy 290</display-name>
</channel>
<channel id="dummy291">
    <display-name lang="en">Dummy 291</display-name>
</channel>
<channel id="dummy292">
    <display-name lang="en">Dummy 292</display-name>
</channel>
<channel id="dummy293">
    <display-name lang="en">Dummy 293</display-name>
</channel>
<channel id="dummy294">
    <display-name lang="en">Dummy 294</display-name>
</channel>
<channel id="dummy295">
    <display-name lang="en">Dummy 295</display-name>
</channel>
<channel id="dummy296">
    <display-name lang="en">Dummy 296</display-name>
</channel>
<channel id="dummy297">
    <display-name lang="en">Dummy 297</display-name>
</channel>
<channel id="dummy298">
    <display-name lang="en">Dummy 298</display-name>
</channel>
<channel id="dummy299">
    <display-name lang="en">Dummy 299</display-name>
</channel>
<channel id="dummy300">
    <display-name lang="en">Dummy 300</display-name>
</channel>
<channel id="dummy301">
    <display-name lang="en">Dummy 301</display-name>
</channel>
<channel id="dummy302">
    <display-name lang="en">Dummy 302</display-name>
</channel>
<channel id="dummy303">
    <display-name lang="en">Dummy 303</display-name>
</channel>
<channel id="dummy304">
    <display-name lang="en">Dummy 304</display-name>
</channel>
<channel id="dummy305">
    <display-name lang="en">Dummy 305</display-name>
</channel>
<channel id="dummy306">
    <display-name lang="en">Dummy 306</display-name>
</channel>
<channel id="dummy307">
    <display-name lang="en">Dummy 307</display-name>
</channel>
<channel id="dummy308">
    <display-name lang="en">Dummy 308</display-name>
</channel>
<channel id="dummy309">
    <display-name lang="en">Dummy 309</display-name>
</channel>
<channel id="dummy310">
    <display-name lang="en">Dummy 310</display-name>
</channel>
<channel id="dummy311">
    <display-name lang="en">Dummy 311</display-name>
</channel>
<channel id="dummy312">
    <display-name lang="en">Dummy 312</display-name>
</channel>
<channel id="dummy313">
    <display-name lang="en">Dummy 313</display-name>
</channel>
<channel id="dummy314">
    <display-name lang="en">Dummy 314</display-name>
</channel>
<channel id="dummy315">
    <display-name lang="en">Dummy 315</display-name>
</channel>
<channel id="dummy316">
    <display-name lang="en">Dummy 316</display-name>
</channel>
<channel id="dummy317">
    <display-name lang="en">Dummy 317</display-name>
</channel>
<channel id="dummy318">
    <display-name lang="en">Dummy 318</display-name>
</channel>
<channel id="dummy319">
    <display-name lang="en">Dummy 319</display-name>
</channel>
<channel id="dummy320">
    <display-name lang="en">Dummy 320</display-name>
</channel>
<channel id="dummy321">
    <display-name lang="en">Dummy 321</display-name>
</channel>
<channel id="dummy322">
    <display-name lang="en">Dummy 322</display-name>
</channel>
<channel id="dummy323">
    <display-name lang="en">Dummy 323</display-name>
</channel>
<channel id="dummy324">
    <display-name lang="en">Dummy 324</display-name>
</channel>
<channel id="dummy325">
    <display-name lang="en">Dummy 325</display-name>
</channel>
<channel id="dummy326">
    <display-name lang="en">Dummy 326</display-name>
</channel>
<channel id="dummy327">
    <display-name lang="en">Dummy 327</display-name>
</channel>
<channel id="dummy328">
    <display-name lang="en">Dummy 328</display-name>
</channel>
<channel id="dummy329">
    <display-name lang="en">Dummy 329</display-name>
</channel>
<channel id="dummy330">
    <display-name lang="en">Dummy 330</display-name>
</channel>
<channel id="dummy331">
    <display-name lang="en">Dummy 331</display-name>
</channel>
<channel id="dummy332">
    <display-name lang="en">Dummy 332</display-name>
</channel>
<channel id="dummy333">
    <display-name lang="en">Dummy 333</display-name>
</channel>
<channel id="dummy334">
    <display-name lang="en">Dummy 334</display-name>
</channel>
<channel id="dummy335">
    <display-name lang="en">Dummy 335</display-name>
</channel>
<channel id="dummy336">
    <display-name lang="en">Dummy 336</display-name>
</channel>
<channel id="dummy337">
    <display-name lang="en">Dummy 337</display-name>
</channel>
<channel id="dummy338">
    <display-name lang="en">Dummy 338</display-name>
</channel>
<channel id="dummy339">
    <display-name lang="en">Dummy 339</display-name>
</channel>
<channel id="dummy340">
    <display-name lang="en">Dummy 340</display-name>
</channel>
<channel id="dummy341">
    <display-name lang="en">Dummy 341</display-name>
</channel>
<channel id="dummy342">
    <display-name lang="en">Dummy 342</display-name>
</channel>
<channel id="dummy343">
    <display-name lang="en">Dummy 343</display-name>
</channel>
<channel id="dummy344">
    <display-name lang="en">Dummy 344</display-name>
</channel>
<channel id="dummy345">
    <display-name lang="en">Dummy 345</display-name>
</channel>
<channel id="dummy346">
    <display-name lang="en">Dummy 346</display-name>
</channel>
<channel id="dummy347">
    <display-name lang="en">Dummy 347</display-name>
</channel>
<channel id="dummy348">
    <display-name lang="en">Dummy 348</display-name>
</channel>
<channel id="dummy349">
    <display-name lang="en">Dummy 349</display-name>
</channel>
<channel id="dummy350">
    <display-name lang="en">Dummy 350</display-name>
</channel>
<channel id="dummy351">
    <display-name lang="en">Dummy 351</display-name>
</channel>
<channel id="dummy352">
    <display-name lang="en">Dummy 352</display-name>
</channel>
<channel id="dummy353">
    <display-name lang="en">Dummy 353</display-name>
</channel>
<channel id="dummy354">
    <display-name lang="en">Dummy 354</display-name>
</channel>
<channel id="dummy355">
    <display-name lang="en">Dummy 355</display-name>
</channel>
<channel id="dummy356">
    <display-name lang="en">Dummy 356</display-name>
</channel>
<channel id="dummy357">
    <display-name lang="en">Dummy 357</display-name>
</channel>
<channel id="dummy358">
    <display-name lang="en">Dummy 358</display-name>
</channel>
<channel id="dummy359">
    <display-name lang="en">Dummy 359</display-name>
</channel>
<channel id="dummy360">
    <display-name lang="en">Dummy 360</display-name>
</channel>
<channel id="dummy361">
    <display-name lang="en">Dummy 361</display-name>
</channel>
<channel id="dummy362">
    <display-name lang="en">Dummy 362</display-name>
</channel>
<channel id="dummy363">
    <display-name lang="en">Dummy 363</display-name>
</channel>
<channel id="dummy364">
    <display-name lang="en">Dummy 364</display-name>
</channel>
<channel id="dummy365">
    <display-name lang="en">Dummy 365</display-name>
</channel>
<channel id="dummy366">
    <display-name lang="en">Dummy 366</display-name>
</channel>
<channel id="dummy367">
    <display-name lang="en">Dummy 367</display-name>
</channel>
<channel id="dummy368">
    <display-name lang="en">Dummy 368</display-name>
</channel>
<channel id="dummy369">
    <display-name lang="en">Dummy 369</display-name>
</channel>
<channel id="dummy370">
    <display-name lang="en">Dummy 370</display-name>
</channel>
<channel id="dummy371">
    <display-name lang="en">Dummy 371</display-name>
</channel>
<channel id="dummy372">
    <display-name lang="en">Dummy 372</display-name>
</channel>
<channel id="dummy373">
    <display-name lang="en">Dummy 373</display-name>
</channel>
<channel id="dummy374">
    <display-name lang="en">Dummy 374</display-name>
</channel>
<channel id="dummy375">
    <display-name lang="en">Dummy 375</display-name>
</channel>
<channel id="dummy376">
    <display-name lang="en">Dummy 376</display-name>
</channel>
<channel id="dummy377">
    <display-name lang="en">Dummy 377</display-name>
</channel>
<channel id="dummy378">
    <display-name lang="en">Dummy 378</display-name>
</channel>
<channel id="dummy379">
    <display-name lang="en">Dummy 379</display-name>
</channel>
<channel id="dummy380">
    <display-name lang="en">Dummy 380</display-name>
</channel>
<channel id="dummy381">
    <display-name lang="en">Dummy 381</display-name>
</channel>
<channel id="dummy382">
    <display-name lang="en">Dummy 382</display-name>
</channel>
<channel id="dummy383">
    <display-name lang="en">Dummy 383</display-name>
</channel>
<channel id="dummy384">
    <display-name lang="en">Dummy 384</display-name>
</channel>
<channel id="dummy385">
    <display-name lang="en">Dummy 385</display-name>
</channel>
<channel id="dummy386">
    <display-name lang="en">Dummy 386</display-name>
</channel>
<channel id="dummy387">
    <display-name lang="en">Dummy 387</display-name>
</channel>
<channel id="dummy388">
    <display-name lang="en">Dummy 388</display-name>
</channel>
<channel id="dummy389">
    <display-name lang="en">Dummy 389</display-name>
</channel>
<channel id="dummy390">
    <display-name lang="en">Dummy 390</display-name>
</channel>
<channel id="dummy391">
    <display-name lang="en">Dummy 391</display-name>
</channel>
<channel id="dummy392">
    <display-name lang="en">Dummy 392</display-name>
</channel>
<channel id="dummy393">
    <display-name lang="en">Dummy 393</display-name>
</channel>
<channel id="dummy394">
    <display-name lang="en">Dummy 394</display-name>
</channel>
<channel id="dummy395">
    <display-name lang="en">Dummy 395</display-name>
</channel>
<channel id="dummy396">
    <display-name lang="en">Dummy 396</display-name>
</channel>
<channel id="dummy397">
    <display-name lang="en">Dummy 397</display-name>
</channel>
<channel id="dummy398">
    <display-name lang="en">Dummy 398</display-name>
</channel>
<channel id="dummy399">
    <display-name lang="en">Dummy 399</display-name>
</channel>
<channel id="dummy400">
    <display-name lang="en">Dummy 400</display-name>
</channel>
<channel id="dummy401">
    <display-name lang="en">Dummy 401</display-name>
</channel>
<channel id="dummy402">
    <display-name lang="en">Dummy 402</display-name>
</channel>
<channel id="dummy403">
    <display-name lang="en">Dummy 403</display-name>
</channel>
<channel id="dummy404">
    <display-name lang="en">Dummy 404</display-name>
</channel>
<channel id="dummy405">
    <display-name lang="en">Dummy 405</display-name>
</channel>
<channel id="dummy406">
    <display-name lang="en">Dummy 406</display-name>
</channel>
<channel id="dummy407">
    <display-name lang="en">Dummy 407</display-name>
</channel>
<channel id="dummy408">
    <display-name lang="en">Dummy 408</display-name>
</channel>
<channel id="dummy409">
    <display-name lang="en">Dummy 409</display-name>
</channel>
<channel id="dummy410">
    <display-name lang="en">Dummy 410</display-name>
</channel>
<channel id="dummy411">
    <display-name lang="en">Dummy 411</display-name>
</channel>
<channel id="dummy412">
    <display-name lang="en">Dummy 412</display-name>
</channel>
<channel id="dummy413">
    <display-name lang="en">Dummy 413</display-name>
</channel>
<channel id="dummy414">
    <display-name lang="en">Dummy 414</display-name>
</channel>
<channel id="dummy415">
    <display-name lang="en">Dummy 415</display-name>
</channel>
<channel id="dummy416">
    <display-name lang="en">Dummy 416</display-name>
</channel>
<channel id="dummy417">
    <display-name lang="en">Dummy 417</display-name>
</channel>
<channel id="dummy418">
    <display-name lang="en">Dummy 418</display-name>
</channel>
<channel id="dummy419">
    <display-name lang="en">Dummy 419</display-name>
</channel>
<channel id="dummy420">
    <display-name lang="en">Dummy 420</display-name>
</channel>
<channel id="dummy421">
    <display-name lang="en">Dummy 421</display-name>
</channel>
<channel id="dummy422">
    <display-name lang="en">Dummy 422</display-name>
</channel>
<channel id="dummy423">
    <display-name lang="en">Dummy 423</display-name>
</channel>
<channel id="dummy424">
    <display-name lang="en">Dummy 424</display-name>
</channel>
<channel id="dummy425">
    <display-name lang="en">Dummy 425</display-name>
</channel>
<channel id="dummy426">
    <display-name lang="en">Dummy 426</display-name>
</channel>
<channel id="dummy427">
    <display-name lang="en">Dummy 427</display-name>
</channel>
<channel id="dummy428">
    <display-name lang="en">Dummy 428</display-name>
</channel>
<channel id="dummy429">
    <display-name lang="en">Dummy 429</display-name>
</channel>
<channel id="dummy430">
    <display-name lang="en">Dummy 430</display-name>
</channel>
<channel id="dummy431">
    <display-name lang="en">Dummy 431</display-name>
</channel>
<channel id="dummy432">
    <display-name lang="en">Dummy 432</display-name>
</channel>
<channel id="dummy433">
    <display-name lang="en">Dummy 433</display-name>
</channel>
<channel id="dummy434">
    <display-name lang="en">Dummy 434</display-name>
</channel>
<channel id="dummy435">
    <display-name lang="en">Dummy 435</display-name>
</channel>
<channel id="dummy436">
    <display-name lang="en">Dummy 436</display-name>
</channel>
<channel id="dummy437">
    <display-name lang="en">Dummy 437</display-name>
</channel>
<channel id="dummy438">
    <display-name lang="en">Dummy 438</display-name>
</channel>
<channel id="dummy439">
    <display-name lang="en">Dummy 439</display-name>
</channel>
<channel id="dummy440">
    <display-name lang="en">Dummy 440</display-name>
</channel>
<channel id="dummy441">
    <display-name lang="en">Dummy 441</display-name>
</channel>
<channel id="dummy442">
    <display-name lang="en">Dummy 442</display-name>
</channel>
<channel id="dummy443">
    <display-name lang="en">Dummy 443</display-name>
</channel>
<channel id="dummy444">
    <display-name lang="en">Dummy 444</display-name>
</channel>
<channel id="dummy445">
    <display-name lang="en">Dummy 445</display-name>
</channel>
<channel id="dummy446">
    <display-name lang="en">Dummy 446</display-name>
</channel>
<channel id="dummy447">
    <display-name lang="en">Dummy 447</display-name>
</channel>
<channel id="dummy448">
    <display-name lang="en">Dummy 448</display-name>
</channel>
<channel id="dummy449">
    <display-name lang="en">Dummy 449</display-name>
</channel>
<channel id="dummy450">
    <display-name lang="en">Dummy 450</display-name>
</channel>
<channel id="dummy451">
    <display-name lang="en">Dummy 451</display-name>
</channel>
<channel id="dummy452">
    <display-name lang="en">Dummy 452</display-name>
</channel>
<channel id="dummy453">
    <display-name lang="en">Dummy 453</display-name>
</channel>
<channel id="dummy454">
    <display-name lang="en">Dummy 454</display-name>
</channel>
<channel id="dummy455">
    <display-name lang="en">Dummy 455</display-name>
</channel>
<channel id="dummy456">
    <display-name lang="en">Dummy 456</display-name>
</channel>
<channel id="dummy457">
    <display-name lang="en">Dummy 457</display-name>
</channel>
<channel id="dummy458">
    <display-name lang="en">Dummy 458</display-name>
</channel>
<channel id="dummy459">
    <display-name lang="en">Dummy 459</display-name>
</channel>
<channel id="dummy460">
    <display-name lang="en">Dummy 460</display-name>
</channel>
<channel id="dummy461">
    <display-name lang="en">Dummy 461</display-name>
</channel>
<channel id="dummy462">
    <display-name lang="en">Dummy 462</display-name>
</channel>
<channel id="dummy463">
    <display-name lang="en">Dummy 463</display-name>
</channel>
<channel id="dummy464">
    <display-name lang="en">Dummy 464</display-name>
</channel>
<channel id="dummy465">
    <display-name lang="en">Dummy 465</display-name>
</channel>
<channel id="dummy466">
    <display-name lang="en">Dummy 466</display-name>
</channel>
<channel id="dummy467">
    <display-name lang="en">Dummy 467</display-name>
</channel>
<channel id="dummy468">
    <display-name lang="en">Dummy 468</display-name>
</channel>
<channel id="dummy469">
    <display-name lang="en">Dummy 469</display-name>
</channel>
<channel id="dummy470">
    <display-name lang="en">Dummy 470</display-name>
</channel>
<channel id="dummy471">
    <display-name lang="en">Dummy 471</display-name>
</channel>
<channel id="dummy472">
    <display-name lang="en">Dummy 472</display-name>
</channel>
<channel id="dummy473">
    <display-name lang="en">Dummy 473</display-name>
</channel>
<channel id="dummy474">
    <display-name lang="en">Dummy 474</display-name>
</channel>
<channel id="dummy475">
    <display-name lang="en">Dummy 475</display-name>
</channel>
<channel id="dummy476">
    <display-name lang="en">Dummy 476</display-name>
</channel>
<channel id="dummy477">
    <display-name lang="en">Dummy 477</display-name>
</channel>
<channel id="dummy478">
    <display-name lang="en">Dummy 478</display-name>
</channel>
<channel id="dummy479">
    <display-name lang="en">Dummy 479</display-name>
</channel>
<channel id="dummy480">
    <display-name lang="en">Dummy 480</display-name>
</channel>
<channel id="dummy481">
    <display-name lang="en">Dummy 481</display-name>
</channel>
<channel id="dummy482">
    <display-name lang="en">Dummy 482</display-name>
</channel>
<channel id="dummy483">
    <display-name lang="en">Dummy 483</display-name>
</channel>
<channel id="dummy484">
    <display-name lang="en">Dummy 484</display-name>
</channel>
<channel id="dummy485">
    <display-name lang="en">Dummy 485</display-name>
</channel>
<channel id="dummy486">
    <display-name lang="en">Dummy 486</display-name>
</channel>
<channel id="dummy487">
    <display-name lang="en">Dummy 487</display-name>
</channel>
<channel id="dummy488">
    <display-name lang="en">Dummy 488</display-name>
</channel>
<channel id="dummy489">
    <display-name lang="en">Dummy 489</display-name>
</channel>
<channel id="dummy490">
    <display-name lang="en">Dummy 490</display-name>
</channel>
<channel id="dummy491">
    <display-name lang="en">Dummy 491</display-name>
</channel>
<channel id="dummy492">
    <display-name lang="en">Dummy 492</display-name>
</channel>
<channel id="dummy493">
    <display-name lang="en">Dummy 493</display-name>
</channel>
<channel id="dummy494">
    <display-name lang="en">Dummy 494</display-name>
</channel>
<channel id="dummy495">
    <display-name lang="en">Dummy 495</display-name>
</channel>
<channel id="dummy496">
    <display-name lang="en">Dummy 496</display-name>
</channel>
<channel id="dummy497">
    <display-name lang="en">Dummy 497</display-name>
</channel>
<channel id="dummy498">
    <display-name lang="en">Dummy 498</display-name>
</channel>
<channel id="dummy499">
    <display-name lang="en">Dummy 499</display-name>
</channel>
<channel id="dummy500">
    <display-name lang="en">Dummy 500</display-name>
</channel>
<channel id="dummy501">
    <display-name lang="en">Dummy 501</display-name>
</channel>
<channel id="dummy502">
    <display-name lang="en">Dummy 502</display-name>
</channel>
<channel id="dummy503">
    <display-name lang="en">Dummy 503</display-name>
</channel>
<channel id="dummy504">
    <display-name lang="en">Dummy 504</display-name>
</channel>
<channel id="dummy505">
    <display-name lang="en">Dummy 505</display-name>
</channel>
<channel id="dummy506">
    <display-name lang="en">Dummy 506</display-name>
</channel>
<channel id="dummy507">
    <display-name lang="en">Dummy 507</display-name>
</channel>
<channel id="dummy508">
    <display-name lang="en">Dummy 508</display-name>
</channel>
<channel id="dummy509">
    <display-name lang="en">Dummy 509</display-name>
</channel>
<channel id="dummy510">
    <display-name lang="en">Dummy 510</display-name>
</channel>
<channel id="dummy511">
    <display-name lang="en">Dummy 511</display-name>
</channel>
<channel id="dummy512">
    <display-name lang="en">Dummy 512</display-name>
</channel>
<channel id="dummy513">
    <display-name lang="en">Dummy 513</display-name>
</channel>
<channel id="dummy514">
    <display-name lang="en">Dummy 514</display-name>
</channel>
<channel id="dummy515">
    <display-name lang="en">Dummy 515</display-name>
</channel>
<channel id="dummy516">
    <display-name lang="en">Dummy 516</display-name>
</channel>
<channel id="dummy517">
    <display-name lang="en">Dummy 517</display-name>
</channel>
<channel id="dummy518">
    <display-name lang="en">Dummy 518</display-name>
</channel>
<channel id="dummy519">
    <display-name lang="en">Dummy 519</display-name>
</channel>
<channel id="dummy520">
    <display-name lang="en">Dummy 520</display-name>
</channel>
<channel id="dummy521">
    <display-name lang="en">Dummy 521</display-name>
</channel>
<channel id="dummy522">
    <display-name lang="en">Dummy 522</display-name>
</channel>
<channel id="dummy523">
    <display-name lang="en">Dummy 523</display-name>
</channel>
<channel id="dummy524">
    <display-name lang="en">Dummy 524</display-name>
</channel>
<channel id="dummy525">
    <display-name lang="en">Dummy 525</display-name>
</channel>
<channel id="dummy526">
    <display-name lang="en">Dummy 526</display-name>
</channel>
<channel id="dummy527">
    <display-name lang="en">Dummy 527</display-name>
</channel>
<channel id="dummy528">
    <display-name lang="en">Dummy 528</display-name>
</channel>
<channel id="dummy529">
    <display-name lang="en">Dummy 529</display-name>
</channel>
<channel id="dummy530">
    <display-name lang="en">Dummy 530</display-name>
</channel>
<channel id="dummy531">
    <display-name lang="en">Dummy 531</display-name>
</channel>
<channel id="dummy532">
    <display-name lang="en">Dummy 532</display-name>
</channel>
<channel id="dummy533">
    <display-name lang="en">Dummy 533</display-name>
</channel>
<channel id="dummy534">
    <display-name lang="en">Dummy 534</display-name>
</channel>
<channel id="dummy535">
    <display-name lang="en">Dummy 535</display-name>
</channel>
<channel id="dummy536">
    <display-name lang="en">Dummy 536</display-name>
</channel>
<channel id="dummy537">
    <display-name lang="en">Dummy 537</display-name>
</channel>
<channel id="dummy538">
    <display-name lang="en">Dummy 538</display-name>
</channel>
<channel id="dummy539">
    <display-name lang="en">Dummy 539</display-name>
</channel>
<channel id="dummy540">
    <display-name lang="en">Dummy 540</display-name>
</channel>
<channel id="dummy541">
    <display-name lang="en">Dummy 541</display-name>
</channel>
<channel id="dummy542">
    <display-name lang="en">Dummy 542</display-name>
</channel>
<channel id="dummy543">
    <display-name lang="en">Dummy 543</display-name>
</channel>
<channel id="dummy544">
    <display-name lang="en">Dummy 544</display-name>
</channel>
<channel id="dummy545">
    <display-name lang="en">Dummy 545</display-name>
</channel>
<channel id="dummy546">
    <display-name lang="en">Dummy 546</display-name>
</channel>
<channel id="dummy547">
    <display-name lang="en">Dummy 547</display-name>
</channel>
<channel id="dummy548">
    <display-name lang="en">Dummy 548</display-name>
</channel>
<channel id="dummy549">
    <display-name lang="en">Dummy 549</display-name>
</channel>
<channel id="dummy550">
    <display-name lang="en">Dummy 550</display-name>
</channel>
<channel id="dummy551">
    <display-name lang="en">Dummy 551</display-name>
</channel>
<channel id="dummy552">
    <display-name lang="en">Dummy 552</display-name>
</channel>
<channel id="dummy553">
    <display-name lang="en">Dummy 553</display-name>
</channel>
<channel id="dummy554">
    <display-name lang="en">Dummy 554</display-name>
</channel>
<channel id="dummy555">
    <display-name lang="en">Dummy 555</display-name>
</channel>
<channel id="dummy556">
    <display-name lang="en">Dummy 556</display-name>
</channel>
<channel id="dummy557">
    <display-name lang="en">Dummy 557</display-name>
</channel>
<channel id="dummy558">
    <display-name lang="en">Dummy 558</display-name>
</channel>
<channel id="dummy559">
    <display-name lang="en">Dummy 559</display-name>
</channel>
<channel id="dummy560">
    <display-name lang="en">Dummy 560</display-name>
</channel>
<channel id="dummy561">
    <display-name lang="en">Dummy 561</display-name>
</channel>
<channel id="dummy562">
    <display-name lang="en">Dummy 562</display-name>
</channel>
<channel id="dummy563">
    <display-name lang="en">Dummy 563</display-name>
</channel>
<channel id="dummy564">
    <display-name lang="en">Dummy 564</display-name>
</channel>
<channel id="dummy565">
    <display-name lang="en">Dummy 565</display-name>
</channel>
<channel id="dummy566">
    <display-name lang="en">Dummy 566</display-name>
</channel>
<channel id="dummy567">
    <display-name lang="en">Dummy 567</display-name>
</channel>
<channel id="dummy568">
    <display-name lang="en">Dummy 568</display-name>
</channel>
<channel id="dummy569">
    <display-name lang="en">Dummy 569</display-name>
</channel>
<channel id="dummy570">
    <display-name lang="en">Dummy 570</display-name>
</channel>
<channel id="dummy571">
    <display-name lang="en">Dummy 571</display-name>
</channel>
<channel id="dummy572">
    <display-name lang="en">Dummy 572</display-name>
</channel>
<channel id="dummy573">
    <display-name lang="en">Dummy 573</display-name>
</channel>
<channel id="dummy574">
    <display-name lang="en">Dummy 574</display-name>
</channel>
<channel id="dummy575">
    <display-name lang="en">Dummy 575</display-name>
</channel>
<channel id="dummy576">
    <display-name lang="en">Dummy 576</display-name>
</channel>
<channel id="dummy577">
    <display-name lang="en">Dummy 577</display-name>
</channel>
<channel id="dummy578">
    <display-name lang="en">Dummy 578</display-name>
</channel>
<channel id="dummy579">
    <display-name lang="en">Dummy 579</display-name>
</channel>
<channel id="dummy580">
    <display-name lang="en">Dummy 580</display-name>
</channel>
<channel id="dummy581">
    <display-name lang="en">Dummy 581</display-name>
</channel>
<channel id="dummy582">
    <display-name lang="en">Dummy 582</display-name>
</channel>
<channel id="dummy583">
    <display-name lang="en">Dummy 583</display-name>
</channel>
<channel id="dummy584">
    <display-name lang="en">Dummy 584</display-name>
</channel>
<channel id="dummy585">
    <display-name lang="en">Dummy 585</display-name>
</channel>
<channel id="dummy586">
    <display-name lang="en">Dummy 586</display-name>
</channel>
<channel id="dummy587">
    <display-name lang="en">Dummy 587</display-name>
</channel>
<channel id="dummy588">
    <display-name lang="en">Dummy 588</display-name>
</channel>
<channel id="dummy589">
    <display-name lang="en">Dummy 589</display-name>
</channel>
<channel id="dummy590">
    <display-name lang="en">Dummy 590</display-name>
</channel>
<channel id="dummy591">
    <display-name lang="en">Dummy 591</display-name>
</channel>
<channel id="dummy592">
    <display-name lang="en">Dummy 592</display-name>
</channel>
<channel id="dummy593">
    <display-name lang="en">Dummy 593</display-name>
</channel>
<channel id="dummy594">
    <display-name lang="en">Dummy 594</display-name>
</channel>
<channel id="dummy595">
    <display-name lang="en">Dummy 595</display-name>
</channel>
<channel id="dummy596">
    <display-name lang="en">Dummy 596</display-name>
</channel>
<channel id="dummy597">
    <display-name lang="en">Dummy 597</display-name>
</channel>
<channel id="dummy598">
    <display-name lang="en">Dummy 598</display-name>
</channel>
<channel id="dummy599">
    <display-name lang="en">Dummy 599</display-name>
</channel>
<channel id="dummy600">
    <display-name lang="en">Dummy 600</display-name>
</channel>
<channel id="dummy601">
    <display-name lang="en">Dummy 601</display-name>
</channel>
<channel id="dummy602">
    <display-name lang="en">Dummy 602</display-name>
</channel>
<channel id="dummy603">
    <display-name lang="en">Dummy 603</display-name>
</channel>
<channel id="dummy604">
    <display-name lang="en">Dummy 604</display-name>
</channel>
<channel id="dummy605">
    <display-name lang="en">Dummy 605</display-name>
</channel>
<channel id="dummy606">
    <display-name lang="en">Dummy 606</display-name>
</channel>
<channel id="dummy607">
    <display-name lang="en">Dummy 607</display-name>
</channel>
<channel id="dummy608">
    <display-name lang="en">Dummy 608</display-name>
</channel>
<channel id="dummy609">
    <display-name lang="en">Dummy 609</display-name>
</channel>
<channel id="dummy610">
    <display-name lang="en">Dummy 610</display-name>
</channel>
<channel id="dummy611">
    <display-name lang="en">Dummy 611</display-name>
</channel>
<channel id="dummy612">
    <display-name lang="en">Dummy 612</display-name>
</channel>
<channel id="dummy613">
    <display-name lang="en">Dummy 613</display-name>
</channel>
<channel id="dummy614">
    <display-name lang="en">Dummy 614</display-name>
</channel>
<channel id="dummy615">
    <display-name lang="en">Dummy 615</display-name>
</channel>
<channel id="dummy616">
    <display-name lang="en">Dummy 616</display-name>
</channel>
<channel id="dummy617">
    <display-name lang="en">Dummy 617</display-name>
</channel>
<channel id="dummy618">
    <display-name lang="en">Dummy 618</display-name>
</channel>
<channel id="dummy619">
    <display-name lang="en">Dummy 619</display-name>
</channel>
<channel id="dummy620">
    <display-name lang="en">Dummy 620</display-name>
</channel>
<channel id="dummy621">
    <display-name lang="en">Dummy 621</display-name>
</channel>
<channel id="dummy622">
    <display-name lang="en">Dummy 622</display-name>
</channel>
<channel id="dummy623">
    <display-name lang="en">Dummy 623</display-name>
</channel>
<channel id="dummy624">
    <display-name lang="en">Dummy 624</display-name>
</channel>
<channel id="dummy625">
    <display-name lang="en">Dummy 625</display-name>
</channel>
<channel id="dummy626">
    <display-name lang="en">Dummy 626</display-name>
</channel>
<channel id="dummy627">
    <display-name lang="en">Dummy 627</display-name>
</channel>
<channel id="dummy628">
    <display-name lang="en">Dummy 628</display-name>
</channel>
<channel id="dummy629">
    <display-name lang="en">Dummy 629</display-name>
</channel>
<channel id="dummy630">
    <display-name lang="en">Dummy 630</display-name>
</channel>
<channel id="dummy631">
    <display-name lang="en">Dummy 631</display-name>
</channel>
<channel id="dummy632">
    <display-name lang="en">Dummy 632</display-name>
</channel>
<channel id="dummy633">
    <display-name lang="en">Dummy 633</display-name>
</channel>
<channel id="dummy634">
    <display-name lang="en">Dummy 634</display-name>
</channel>
<channel id="dummy635">
    <display-name lang="en">Dummy 635</display-name>
</channel>
<channel id="dummy636">
    <display-name lang="en">Dummy 636</display-name>
</channel>
<channel id="dummy637">
    <display-name lang="en">Dummy 637</display-name>
</channel>
<channel id="dummy638">
    <display-name lang="en">Dummy 638</display-name>
</channel>
<channel id="dummy639">
    <display-name lang="en">Dummy 639</display-name>
</channel>
<channel id="dummy640">
    <display-name lang="en">Dummy 640</display-name>
</channel>
<channel id="dummy641">
    <display-name lang="en">Dummy 641</display-name>
</channel>
<channel id="dummy642">
    <display-name lang="en">Dummy 642</display-name>
</channel>
<channel id="dummy643">
    <display-name lang="en">Dummy 643</display-name>
</channel>
<channel id="dummy644">
    <display-name lang="en">Dummy 644</display-name>
</channel>
<channel id="dummy645">
    <display-name lang="en">Dummy 645</display-name>
</channel>
<channel id="dummy646">
    <display-name lang="en">Dummy 646</display-name>
</channel>
<channel id="dummy647">
    <display-name lang="en">Dummy 647</display-name>
</channel>
<channel id="dummy648">
    <display-name lang="en">Dummy 648</display-name>
</channel>
<channel id="dummy649">
    <display-name lang="en">Dummy 649</display-name>
</channel>
<channel id="dummy650">
    <display-name lang="en">Dummy 650</display-name>
</channel>
<channel id="dummy651">
    <display-name lang="en">Dummy 651</display-name>
</channel>
<channel id="dummy652">
    <display-name lang="en">Dummy 652</display-name>
</channel>
<channel id="dummy653">
    <display-name lang="en">Dummy 653</display-name>
</channel>
<channel id="dummy654">
    <display-name lang="en">Dummy 654</display-name>
</channel>
<channel id="dummy655">
    <display-name lang="en">Dummy 655</display-name>
</channel>
<channel id="dummy656">
    <display-name lang="en">Dummy 656</display-name>
</channel>
<channel id="dummy657">
    <display-name lang="en">Dummy 657</display-name>
</channel>
<channel id="dummy658">
    <display-name lang="en">Dummy 658</display-name>
</channel>
<channel id="dummy659">
    <display-name lang="en">Dummy 659</display-name>
</channel>
<channel id="dummy660">
    <display-name lang="en">Dummy 660</display-name>
</channel>
<channel id="dummy661">
    <display-name lang="en">Dummy 661</display-name>
</channel>
<channel id="dummy662">
    <display-name lang="en">Dummy 662</display-name>
</channel>
<channel id="dummy663">
    <display-name lang="en">Dummy 663</display-name>
</channel>
<channel id="dummy664">
    <display-name lang="en">Dummy 664</display-name>
</channel>
<channel id="dummy665">
    <display-name lang="en">Dummy 665</display-name>
</channel>
<channel id="dummy666">
    <display-name lang="en">Dummy 666</display-name>
</channel>
<channel id="dummy667">
    <display-name lang="en">Dummy 667</display-name>
</channel>
<channel id="dummy668">
    <display-name lang="en">Dummy 668</display-name>
</channel>
<channel id="dummy669">
    <display-name lang="en">Dummy 669</display-name>
</channel>
<channel id="dummy670">
    <display-name lang="en">Dummy 670</display-name>
</channel>
<channel id="dummy671">
    <display-name lang="en">Dummy 671</display-name>
</channel>
<channel id="dummy672">
    <display-name lang="en">Dummy 672</display-name>
</channel>
<channel id="dummy673">
    <display-name lang="en">Dummy 673</display-name>
</channel>
<channel id="dummy674">
    <display-name lang="en">Dummy 674</display-name>
</channel>
<channel id="dummy675">
    <display-name lang="en">Dummy 675</display-name>
</channel>
<channel id="dummy676">
    <display-name lang="en">Dummy 676</display-name>
</channel>
<channel id="dummy677">
    <display-name lang="en">Dummy 677</display-name>
</channel>
<channel id="dummy678">
    <display-name lang="en">Dummy 678</display-name>
</channel>
<channel id="dummy679">
    <display-name lang="en">Dummy 679</display-name>
</channel>
<channel id="dummy680">
    <display-name lang="en">Dummy 680</display-name>
</channel>
<channel id="dummy681">
    <display-name lang="en">Dummy 681</display-name>
</channel>
<channel id="dummy682">
    <display-name lang="en">Dummy 682</display-name>
</channel>
<channel id="dummy683">
    <display-name lang="en">Dummy 683</display-name>
</channel>
<channel id="dummy684">
    <display-name lang="en">Dummy 684</display-name>
</channel>
<channel id="dummy685">
    <display-name lang="en">Dummy 685</display-name>
</channel>
<channel id="dummy686">
    <display-name lang="en">Dummy 686</display-name>
</channel>
<channel id="dummy687">
    <display-name lang="en">Dummy 687</display-name>
</channel>
<channel id="dummy688">
    <display-name lang="en">Dummy 688</display-name>
</channel>
<channel id="dummy689">
    <display-name lang="en">Dummy 689</display-name>
</channel>
<channel id="dummy690">
    <display-name lang="en">Dummy 690</display-name>
</channel>
<channel id="dummy691">
    <display-name lang="en">Dummy 691</display-name>
</channel>
<channel id="dummy692">
    <display-name lang="en">Dummy 692</display-name>
</channel>
<channel id="dummy693">
    <display-name lang="en">Dummy 693</display-name>
</channel>
<channel id="dummy694">
    <display-name lang="en">Dummy 694</display-name>
</channel>
<channel id="dummy695">
    <display-name lang="en">Dummy 695</display-name>
</channel>
<channel id="dummy696">
    <display-name lang="en">Dummy 696</display-name>
</channel>
<channel id="dummy697">
    <display-name lang="en">Dummy 697</display-name>
</channel>
<channel id="dummy698">
    <display-name lang="en">Dummy 698</display-name>
</channel>
<channel id="dummy699">
    <display-name lang="en">Dummy 699</display-name>
</channel>
<channel id="dummy700">
    <display-name lang="en">Dummy 700</display-name>
</channel>
<channel id="dummy701">
    <display-name lang="en">Dummy 701</display-name>
</channel>
<channel id="dummy702">
    <display-name lang="en">Dummy 702</display-name>
</channel>
<channel id="dummy703">
    <display-name lang="en">Dummy 703</display-name>
</channel>
<channel id="dummy704">
    <display-name lang="en">Dummy 704</display-name>
</channel>
<channel id="dummy705">
    <display-name lang="en">Dummy 705</display-name>
</channel>
<channel id="dummy706">
    <display-name lang="en">Dummy 706</display-name>
</channel>
<channel id="dummy707">
    <display-name lang="en">Dummy 707</display-name>
</channel>
<channel id="dummy708">
    <display-name lang="en">Dummy 708</display-name>
</channel>
<channel id="dummy709">
    <display-name lang="en">Dummy 709</display-name>
</channel>
<channel id="dummy710">
    <display-name lang="en">Dummy 710</display-name>
</channel>
<channel id="dummy711">
    <display-name lang="en">Dummy 711</display-name>
</channel>
<channel id="dummy712">
    <display-name lang="en">Dummy 712</display-name>
</channel>
<channel id="dummy713">
    <display-name lang="en">Dummy 713</display-name>
</channel>
<channel id="dummy714">
    <display-name lang="en">Dummy 714</display-name>
</channel>
<channel id="dummy715">
    <display-name lang="en">Dummy 715</display-name>
</channel>
<channel id="dummy716">
    <display-name lang="en">Dummy 716</display-name>
</channel>
<channel id="dummy717">
    <display-name lang="en">Dummy 717</display-name>
</channel>
<channel id="dummy718">
    <display-name lang="en">Dummy 718</display-name>
</channel>
<channel id="dummy719">
    <display-name lang="en">Dummy 719</display-name>
</channel>
<channel id="dummy720">
    <display-name lang="en">Dummy 720</display-name>
</channel>
<channel id="dummy721">
    <display-name lang="en">Dummy 721</display-name>
</channel>
<channel id="dummy722">
    <display-name lang="en">Dummy 722</display-name>
</channel>
<channel id="dummy723">
    <display-name lang="en">Dummy 723</display-name>
</channel>
<channel id="dummy724">
    <display-name lang="en">Dummy 724</display-name>
</channel>
<channel id="dummy725">
    <display-name lang="en">Dummy 725</display-name>
</channel>
<channel id="dummy726">
    <display-name lang="en">Dummy 726</display-name>
</channel>
<channel id="dummy727">
    <display-name lang="en">Dummy 727</display-name>
</channel>
<channel id="dummy728">
    <display-name lang="en">Dummy 728</display-name>
</channel>
<channel id="dummy729">
    <display-name lang="en">Dummy 729</display-name>
</channel>
<channel id="dummy730">
    <display-name lang="en">Dummy 730</display-name>
</channel>
<channel id="dummy731">
    <display-name lang="en">Dummy 731</display-name>
</channel>
<channel id="dummy732">
    <display-name lang="en">Dummy 732</display-name>
</channel>
<channel id="dummy733">
    <display-name lang="en">Dummy 733</display-name>
</channel>
<channel id="dummy734">
    <display-name lang="en">Dummy 734</display-name>
</channel>
<channel id="dummy735">
    <display-name lang="en">Dummy 735</display-name>
</channel>
<channel id="dummy736">
    <display-name lang="en">Dummy 736</display-name>
</channel>
<channel id="dummy737">
    <display-name lang="en">Dummy 737</display-name>
</channel>
<channel id="dummy738">
    <display-name lang="en">Dummy 738</display-name>
</channel>
<channel id="dummy739">
    <display-name lang="en">Dummy 739</display-name>
</channel>
<channel id="dummy740">
    <display-name lang="en">Dummy 740</display-name>
</channel>
<channel id="dummy741">
    <display-name lang="en">Dummy 741</display-name>
</channel>
<channel id="dummy742">
    <display-name lang="en">Dummy 742</display-name>
</channel>
<channel id="dummy743">
    <display-name lang="en">Dummy 743</display-name>
</channel>
<channel id="dummy744">
    <display-name lang="en">Dummy 744</display-name>
</channel>
<channel id="dummy745">
    <display-name lang="en">Dummy 745</display-name>
</channel>
<channel id="dummy746">
    <display-name lang="en">Dummy 746</display-name>
</channel>
<channel id="dummy747">
    <display-name lang="en">Dummy 747</display-name>
</channel>
<channel id="dummy748">
    <display-name lang="en">Dummy 748</display-name>
</channel>
<channel id="dummy749">
    <display-name lang="en">Dummy 749</display-name>
</channel>
<channel id="dummy750">
    <display-name lang="en">Dummy 750</display-name>
</channel>
<channel id="dummy751">
    <display-name lang="en">Dummy 751</display-name>
</channel>
<channel id="dummy752">
    <display-name lang="en">Dummy 752</display-name>
</channel>
<channel id="dummy753">
    <display-name lang="en">Dummy 753</display-name>
</channel>
<channel id="dummy754">
    <display-name lang="en">Dummy 754</display-name>
</channel>
<channel id="dummy755">
    <display-name lang="en">Dummy 755</display-name>
</channel>
<channel id="dummy756">
    <display-name lang="en">Dummy 756</display-name>
</channel>
<channel id="dummy757">
    <display-name lang="en">Dummy 757</display-name>
</channel>
<channel id="dummy758">
    <display-name lang="en">Dummy 758</display-name>
</channel>
<channel id="dummy759">
    <display-name lang="en">Dummy 759</display-name>
</channel>
<channel id="dummy760">
    <display-name lang="en">Dummy 760</display-name>
</channel>
<channel id="dummy761">
    <display-name lang="en">Dummy 761</display-name>
</channel>
<channel id="dummy762">
    <display-name lang="en">Dummy 762</display-name>
</channel>
<channel id="dummy763">
    <display-name lang="en">Dummy 763</display-name>
</channel>
<channel id="dummy764">
    <display-name lang="en">Dummy 764</display-name>
</channel>
<channel id="dummy765">
    <display-name lang="en">Dummy 765</display-name>
</channel>
<channel id="dummy766">
    <display-name lang="en">Dummy 766</display-name>
</channel>
<channel id="dummy767">
    <display-name lang="en">Dummy 767</display-name>
</channel>
<channel id="dummy768">
    <display-name lang="en">Dummy 768</display-name>
</channel>
<channel id="dummy769">
    <display-name lang="en">Dummy 769</display-name>
</channel>
<channel id="dummy770">
    <display-name lang="en">Dummy 770</display-name>
</channel>
<channel id="dummy771">
    <display-name lang="en">Dummy 771</display-name>
</channel>
<channel id="dummy772">
    <display-name lang="en">Dummy 772</display-name>
</channel>
<channel id="dummy773">
    <display-name lang="en">Dummy 773</display-name>
</channel>
<channel id="dummy774">
    <display-name lang="en">Dummy 774</display-name>
</channel>
<channel id="dummy775">
    <display-name lang="en">Dummy 775</display-name>
</channel>
<channel id="dummy776">
    <display-name lang="en">Dummy 776</display-name>
</channel>
<channel id="dummy777">
    <display-name lang="en">Dummy 777</display-name>
</channel>
<channel id="dummy778">
    <display-name lang="en">Dummy 778</display-name>
</channel>
<channel id="dummy779">
    <display-name lang="en">Dummy 779</display-name>
</channel>
<channel id="dummy780">
    <display-name lang="en">Dummy 780</display-name>
</channel>
<channel id="dummy781">
    <display-name lang="en">Dummy 781</display-name>
</channel>
<channel id="dummy782">
    <display-name lang="en">Dummy 782</display-name>
</channel>
<channel id="dummy783">
    <display-name lang="en">Dummy 783</display-name>
</channel>
<channel id="dummy784">
    <display-name lang="en">Dummy 784</display-name>
</channel>
<channel id="dummy785">
    <display-name lang="en">Dummy 785</display-name>
</channel>
<channel id="dummy786">
    <display-name lang="en">Dummy 786</display-name>
</channel>
<channel id="dummy787">
    <display-name lang="en">Dummy 787</display-name>
</channel>
<channel id="dummy788">
    <display-name lang="en">Dummy 788</display-name>
</channel>
<channel id="dummy789">
    <display-name lang="en">Dummy 789</display-name>
</channel>
<channel id="dummy790">
    <display-name lang="en">Dummy 790</display-name>
</channel>
<channel id="dummy791">
    <display-name lang="en">Dummy 791</display-name>
</channel>
<channel id="dummy792">
    <display-name lang="en">Dummy 792</display-name>
</channel>
<channel id="dummy793">
    <display-name lang="en">Dummy 793</display-name>
</channel>
<channel id="dummy794">
    <display-name lang="en">Dummy 794</display-name>
</channel>
<channel id="dummy795">
    <display-name lang="en">Dummy 795</display-name>
</channel>
<channel id="dummy796">
    <display-name lang="en">Dummy 796</display-name>
</channel>
<channel id="dummy797">
    <display-name lang="en">Dummy 797</display-name>
</channel>
<channel id="dummy798">
    <display-name lang="en">Dummy 798</display-name>
</channel>
<channel id="dummy799">
    <display-name lang="en">Dummy 799</display-name>
</channel>
<channel id="dummy800">
    <display-name lang="en">Dummy 800</display-name>
</channel>
<channel id="dummy801">
    <display-name lang="en">Dummy 801</display-name>
</channel>
<channel id="dummy802">
    <display-name lang="en">Dummy 802</display-name>
</channel>
<channel id="dummy803">
    <display-name lang="en">Dummy 803</display-name>
</channel>
<channel id="dummy804">
    <display-name lang="en">Dummy 804</display-name>
</channel>
<channel id="dummy805">
    <display-name lang="en">Dummy 805</display-name>
</channel>
<channel id="dummy806">
    <display-name lang="en">Dummy 806</display-name>
</channel>
<channel id="dummy807">
    <display-name lang="en">Dummy 807</display-name>
</channel>
<channel id="dummy808">
    <display-name lang="en">Dummy 808</display-name>
</channel>
<channel id="dummy809">
    <display-name lang="en">Dummy 809</display-name>
</channel>
<channel id="dummy810">
    <display-name lang="en">Dummy 810</display-name>
</channel>
<channel id="dummy811">
    <display-name lang="en">Dummy 811</display-name>
</channel>
<channel id="dummy812">
    <display-name lang="en">Dummy 812</display-name>
</channel>
<channel id="dummy813">
    <display-name lang="en">Dummy 813</display-name>
</channel>
<channel id="dummy814">
    <display-name lang="en">Dummy 814</display-name>
</channel>
<channel id="dummy815">
    <display-name lang="en">Dummy 815</display-name>
</channel>
<channel id="dummy816">
    <display-name lang="en">Dummy 816</display-name>
</channel>
<channel id="dummy817">
    <display-name lang="en">Dummy 817</display-name>
</channel>
<channel id="dummy818">
    <display-name lang="en">Dummy 818</display-name>
</channel>
<channel id="dummy819">
    <display-name lang="en">Dummy 819</display-name>
</channel>
<channel id="dummy820">
    <display-name lang="en">Dummy 820</display-name>
</channel>
<channel id="dummy821">
    <display-name lang="en">Dummy 821</display-name>
</channel>
<channel id="dummy822">
    <display-name lang="en">Dummy 822</display-name>
</channel>
<channel id="dummy823">
    <display-name lang="en">Dummy 823</display-name>
</channel>
<channel id="dummy824">
    <display-name lang="en">Dummy 824</display-name>
</channel>
<channel id="dummy825">
    <display-name lang="en">Dummy 825</display-name>
</channel>
<channel id="dummy826">
    <display-name lang="en">Dummy 826</display-name>
</channel>
<channel id="dummy827">
    <display-name lang="en">Dummy 827</display-name>
</channel>
<channel id="dummy828">
    <display-name lang="en">Dummy 828</display-name>
</channel>
<channel id="dummy829">
    <display-name lang="en">Dummy 829</display-name>
</channel>
<channel id="dummy830">
    <display-name lang="en">Dummy 830</display-name>
</channel>
<channel id="dummy831">
    <display-name lang="en">Dummy 831</display-name>
</channel>
<channel id="dummy832">
    <display-name lang="en">Dummy 832</display-name>
</channel>
<channel id="dummy833">
    <display-name lang="en">Dummy 833</display-name>
</channel>
<channel id="dummy834">
    <display-name lang="en">Dummy 834</display-name>
</channel>
<channel id="dummy835">
    <display-name lang="en">Dummy 835</display-name>
</channel>
<channel id="dummy836">
    <display-name lang="en">Dummy 836</display-name>
</channel>
<channel id="dummy837">
    <display-name lang="en">Dummy 837</display-name>
</channel>
<channel id="dummy838">
    <display-name lang="en">Dummy 838</display-name>
</channel>
<channel id="dummy839">
    <display-name lang="en">Dummy 839</display-name>
</channel>
<channel id="dummy840">
    <display-name lang="en">Dummy 840</display-name>
</channel>
<channel id="dummy841">
    <display-name lang="en">Dummy 841</display-name>
</channel>
<channel id="dummy842">
    <display-name lang="en">Dummy 842</display-name>
</channel>
<channel id="dummy843">
    <display-name lang="en">Dummy 843</display-name>
</channel>
<channel id="dummy844">
    <display-name lang="en">Dummy 844</display-name>
</channel>
<channel id="dummy845">
    <display-name lang="en">Dummy 845</display-name>
</channel>
<channel id="dummy846">
    <display-name lang="en">Dummy 846</display-name>
</channel>
<channel id="dummy847">
    <display-name lang="en">Dummy 847</display-name>
</channel>
<channel id="dummy848">
    <display-name lang="en">Dummy 848</display-name>
</channel>
<channel id="dummy849">
    <display-name lang="en">Dummy 849</display-name>
</channel>
<channel id="dummy850">
    <display-name lang="en">Dummy 850</display-name>
</channel>
<channel id="dummy851">
    <display-name lang="en">Dummy 851</display-name>
</channel>
<channel id="dummy852">
    <display-name lang="en">Dummy 852</display-name>
</channel>
<channel id="dummy853">
    <display-name lang="en">Dummy 853</display-name>
</channel>
<channel id="dummy854">
    <display-name lang="en">Dummy 854</display-name>
</channel>
<channel id="dummy855">
    <display-name lang="en">Dummy 855</display-name>
</channel>
<channel id="dummy856">
    <display-name lang="en">Dummy 856</display-name>
</channel>
<channel id="dummy857">
    <display-name lang="en">Dummy 857</display-name>
</channel>
<channel id="dummy858">
    <display-name lang="en">Dummy 858</display-name>
</channel>
<channel id="dummy859">
    <display-name lang="en">Dummy 859</display-name>
</channel>
<channel id="dummy860">
    <display-name lang="en">Dummy 860</display-name>
</channel>
<channel id="dummy861">
    <display-name lang="en">Dummy 861</display-name>
</channel>
<channel id="dummy862">
    <display-name lang="en">Dummy 862</display-name>
</channel>
<channel id="dummy863">
    <display-name lang="en">Dummy 863</display-name>
</channel>
<channel id="dummy864">
    <display-name lang="en">Dummy 864</display-name>
</channel>
<channel id="dummy865">
    <display-name lang="en">Dummy 865</display-name>
</channel>
<channel id="dummy866">
    <display-name lang="en">Dummy 866</display-name>
</channel>
<channel id="dummy867">
    <display-name lang="en">Dummy 867</display-name>
</channel>
<channel id="dummy868">
    <display-name lang="en">Dummy 868</display-name>
</channel>
<channel id="dummy869">
    <display-name lang="en">Dummy 869</display-name>
</channel>
<channel id="dummy870">
    <display-name lang="en">Dummy 870</display-name>
</channel>
<channel id="dummy871">
    <display-name lang="en">Dummy 871</display-name>
</channel>
<channel id="dummy872">
    <display-name lang="en">Dummy 872</display-name>
</channel>
<channel id="dummy873">
    <display-name lang="en">Dummy 873</display-name>
</channel>
<channel id="dummy874">
    <display-name lang="en">Dummy 874</display-name>
</channel>
<channel id="dummy875">
    <display-name lang="en">Dummy 875</display-name>
</channel>
<channel id="dummy876">
    <display-name lang="en">Dummy 876</display-name>
</channel>
<channel id="dummy877">
    <display-name lang="en">Dummy 877</display-name>
</channel>
<channel id="dummy878">
    <display-name lang="en">Dummy 878</display-name>
</channel>
<channel id="dummy879">
    <display-name lang="en">Dummy 879</display-name>
</channel>
<channel id="dummy880">
    <display-name lang="en">Dummy 880</display-name>
</channel>
<channel id="dummy881">
    <display-name lang="en">Dummy 881</display-name>
</channel>
<channel id="dummy882">
    <display-name lang="en">Dummy 882</display-name>
</channel>
<channel id="dummy883">
    <display-name lang="en">Dummy 883</display-name>
</channel>
<channel id="dummy884">
    <display-name lang="en">Dummy 884</display-name>
</channel>
<channel id="dummy885">
    <display-name lang="en">Dummy 885</display-name>
</channel>
<channel id="dummy886">
    <display-name lang="en">Dummy 886</display-name>
</channel>
<channel id="dummy887">
    <display-name lang="en">Dummy 887</display-name>
</channel>
<channel id="dummy888">
    <display-name lang="en">Dummy 888</display-name>
</channel>
<channel id="dummy889">
    <display-name lang="en">Dummy 889</display-name>
</channel>
<channel id="dummy890">
    <display-name lang="en">Dummy 890</display-name>
</channel>
<channel id="dummy891">
    <display-name lang="en">Dummy 891</display-name>
</channel>
<channel id="dummy892">
    <display-name lang="en">Dummy 892</display-name>
</channel>
<channel id="dummy893">
    <display-name lang="en">Dummy 893</display-name>
</channel>
<channel id="dummy894">
    <display-name lang="en">Dummy 894</display-name>
</channel>
<channel id="dummy895">
    <display-name lang="en">Dummy 895</display-name>
</channel>
<channel id="dummy896">
    <display-name lang="en">Dummy 896</display-name>
</channel>
<channel id="dummy897">
    <display-name lang="en">Dummy 897</display-name>
</channel>
<channel id="dummy898">
    <display-name lang="en">Dummy 898</display-name>
</channel>
<channel id="dummy899">
    <display-name lang="en">Dummy 899</display-name>
</channel>
<channel id="dummy900">
    <display-name lang="en">Dummy 900</display-name>
</channel>
<channel id="dummy901">
    <display-name lang="en">Dummy 901</display-name>
</channel>
<channel id="dummy902">
    <display-name lang="en">Dummy 902</display-name>
</channel>
<channel id="dummy903">
    <display-name lang="en">Dummy 903</display-name>
</channel>
<channel id="dummy904">
    <display-name lang="en">Dummy 904</display-name>
</channel>
<channel id="dummy905">
    <display-name lang="en">Dummy 905</display-name>
</channel>
<channel id="dummy906">
    <display-name lang="en">Dummy 906</display-name>
</channel>
<channel id="dummy907">
    <display-name lang="en">Dummy 907</display-name>
</channel>
<channel id="dummy908">
    <display-name lang="en">Dummy 908</display-name>
</channel>
<channel id="dummy909">
    <display-name lang="en">Dummy 909</display-name>
</channel>
<channel id="dummy910">
    <display-name lang="en">Dummy 910</display-name>
</channel>
<channel id="dummy911">
    <display-name lang="en">Dummy 911</display-name>
</channel>
<channel id="dummy912">
    <display-name lang="en">Dummy 912</display-name>
</channel>
<channel id="dummy913">
    <display-name lang="en">Dummy 913</display-name>
</channel>
<channel id="dummy914">
    <display-name lang="en">Dummy 914</display-name>
</channel>
<channel id="dummy915">
    <display-name lang="en">Dummy 915</display-name>
</channel>
<channel id="dummy916">
    <display-name lang="en">Dummy 916</display-name>
</channel>
<channel id="dummy917">
    <display-name lang="en">Dummy 917</display-name>
</channel>
<channel id="dummy918">
    <display-name lang="en">Dummy 918</display-name>
</channel>
<channel id="dummy919">
    <display-name lang="en">Dummy 919</display-name>
</channel>
<channel id="dummy920">
    <display-name lang="en">Dummy 920</display-name>
</channel>
<channel id="dummy921">
    <display-name lang="en">Dummy 921</display-name>
</channel>
<channel id="dummy922">
    <display-name lang="en">Dummy 922</display-name>
</channel>
<channel id="dummy923">
    <display-name lang="en">Dummy 923</display-name>
</channel>
<channel id="dummy924">
    <display-name lang="en">Dummy 924</display-name>
</channel>
<channel id="dummy925">
    <display-name lang="en">Dummy 925</display-name>
</channel>
<channel id="dummy926">
    <display-name lang="en">Dummy 926</display-name>
</channel>
<channel id="dummy927">
    <display-name lang="en">Dummy 927</display-name>
</channel>
<channel id="dummy928">
    <display-name lang="en">Dummy 928</display-name>
</channel>
<channel id="dummy929">
    <display-name lang="en">Dummy 929</display-name>
</channel>
<channel id="dummy930">
    <display-name lang="en">Dummy 930</display-name>
</channel>
<channel id="dummy931">
    <display-name lang="en">Dummy 931</display-name>
</channel>
<channel id="dummy932">
    <display-name lang="en">Dummy 932</display-name>
</channel>
<channel id="dummy933">
    <display-name lang="en">Dummy 933</display-name>
</channel>
<channel id="dummy934">
    <display-name lang="en">Dummy 934</display-name>
</channel>
<channel id="dummy935">
    <display-name lang="en">Dummy 935</display-name>
</channel>
<channel id="dummy936">
    <display-name lang="en">Dummy 936</display-name>
</channel>
<channel id="dummy937">
    <display-name lang="en">Dummy 937</display-name>
</channel>
<channel id="dummy938">
    <display-name lang="en">Dummy 938</display-name>
</channel>
<channel id="dummy939">
    <display-name lang="en">Dummy 939</display-name>
</channel>
<channel id="dummy940">
    <display-name lang="en">Dummy 940</display-name>
</channel>
<channel id="dummy941">
    <display-name lang="en">Dummy 941</display-name>
</channel>
<channel id="dummy942">
    <display-name lang="en">Dummy 942</display-name>
</channel>
<channel id="dummy943">
    <display-name lang="en">Dummy 943</display-name>
</channel>
<channel id="dummy944">
    <display-name lang="en">Dummy 944</display-name>
</channel>
<channel id="dummy945">
    <display-name lang="en">Dummy 945</display-name>
</channel>
<channel id="dummy946">
    <display-name lang="en">Dummy 946</display-name>
</channel>
<channel id="dummy947">
    <display-name lang="en">Dummy 947</display-name>
</channel>
<channel id="dummy948">
    <display-name lang="en">Dummy 948</display-name>
</channel>
<channel id="dummy949">
    <display-name lang="en">Dummy 949</display-name>
</channel>
<channel id="dummy950">
    <display-name lang="en">Dummy 950</display-name>
</channel>
<channel id="dummy951">
    <display-name lang="en">Dummy 951</display-name>
</channel>
<channel id="dummy952">
    <display-name lang="en">Dummy 952</display-name>
</channel>
<channel id="dummy953">
    <display-name lang="en">Dummy 953</display-name>
</channel>
<channel id="dummy954">
    <display-name lang="en">Dummy 954</display-name>
</channel>
<channel id="dummy955">
    <display-name lang="en">Dummy 955</display-name>
</channel>
<channel id="dummy956">
    <display-name lang="en">Dummy 956</display-name>
</channel>
<channel id="dummy957">
    <display-name lang="en">Dummy 957</display-name>
</channel>
<channel id="dummy958">
    <display-name lang="en">Dummy 958</display-name>
</channel>
<channel id="dummy959">
    <display-name lang="en">Dummy 959</display-name>
</channel>
<channel id="dummy960">
    <display-name lang="en">Dummy 960</display-name>
</channel>
<channel id="dummy961">
    <display-name lang="en">Dummy 961</display-name>
</channel>
<channel id="dummy962">
    <display-name lang="en">Dummy 962</display-name>
</channel>
<channel id="dummy963">
    <display-name lang="en">Dummy 963</display-name>
</channel>
<channel id="dummy964">
    <display-name lang="en">Dummy 964</display-name>
</channel>
<channel id="dummy965">
    <display-name lang="en">Dummy 965</display-name>
</channel>
<channel id="dummy966">
    <display-name lang="en">Dummy 966</display-name>
</channel>
<channel id="dummy967">
    <display-name lang="en">Dummy 967</display-name>
</channel>
<channel id="dummy968">
    <display-name lang="en">Dummy 968</display-name>
</channel>
<channel id="dummy969">
    <display-name lang="en">Dummy 969</display-name>
</channel>
<channel id="dummy970">
    <display-name lang="en">Dummy 970</display-name>
</channel>
<channel id="dummy971">
    <display-name lang="en">Dummy 971</display-name>
</channel>
<channel id="dummy972">
    <display-name lang="en">Dummy 972</display-name>
</channel>
<channel id="dummy973">
    <display-name lang="en">Dummy 973</display-name>
</channel>
<channel id="dummy974">
    <display-name lang="en">Dummy 974</display-name>
</channel>
<channel id="dummy975">
    <display-name lang="en">Dummy 975</display-name>
</channel>
<channel id="dummy976">
    <display-name lang="en">Dummy 976</display-name>
</channel>
<channel id="dummy977">
    <display-name lang="en">Dummy 977</display-name>
</channel>
<channel id="dummy978">
    <display-name lang="en">Dummy 978</display-name>
</channel>
<channel id="dummy979">
    <display-name lang="en">Dummy 979</display-name>
</channel>
<channel id="dummy980">
    <display-name lang="en">Dummy 980</display-name>
</channel>
<channel id="dummy981">
    <display-name lang="en">Dummy 981</display-name>
</channel>
<channel id="dummy982">
    <display-name lang="en">Dummy 982</display-name>
</channel>
<channel id="dummy983">
    <display-name lang="en">Dummy 983</display-name>
</channel>
<channel id="dummy984">
    <display-name lang="en">Dummy 984</display-name>
</channel>
<channel id="dummy985">
    <display-name lang="en">Dummy 985</display-name>
</channel>
<channel id="dummy986">
    <display-name lang="en">Dummy 986</display-name>
</channel>
<channel id="dummy987">
    <display-name lang="en">Dummy 987</display-name>
</channel>
<channel id="dummy988">
    <display-name lang="en">Dummy 988</display-name>
</channel>
<channel id="dummy989">
    <display-name lang="en">Dummy 989</display-name>
</channel>
<channel id="dummy990">
    <display-name lang="en">Dummy 990</display-name>
</channel>
<channel id="dummy991">
    <display-name lang="en">Dummy 991</display-name>
</channel>
<channel id="dummy992">
    <display-name lang="en">Dummy 992</display-name>
</channel>
<channel id="dummy993">
    <display-name lang="en">Dummy 993</display-name>
</channel>
<channel id="dummy994">
    <display-name lang="en">Dummy 994</display-name>
</channel>
<channel id="dummy995">
    <display-name lang="en">Dummy 995</display-name>
</channel>
<channel id="dummy996">
    <display-name lang="en">Dummy 996</display-name>
</channel>
<channel id="dummy997">
    <display-name lang="en">Dummy 997</display-name>
</channel>
<channel id="dummy998">
    <display-name lang="en">Dummy 998</display-name>
</channel>
<channel id="dummy999">
    <display-name lang="en">Dummy 999</display-name>
</channel>
</tv>