<?xml version="1.0" encoding="utf-8"?>
<window type="dialog">
    <allowoverlay>no</allowoverlay>
    <defaultcontrol always="false">4000</defaultcontrol>
    <coordinates>
        <system>1</system>
        <posx>0</posx>
        <posy>0</posy>
    </coordinates>

    <controls>

        <control type="image">
            <posx>0</posx>
            <posy>0</posy>
            <width>1280</width>
            <height>720</height>
            <texture>grey.png</texture>
            <visible>true</visible>
        </control>
        <control type="image">
            <posx>150</posx>
            <posy>100</posy>
            <width>1010</width>
            <height>510</height>
            <texture>menu.png</texture>
            <visible>false</visible>
        </control>

        <control type="image">
            <description>category background</description>
            <posx>10</posx>
            <posy>10</posy>
            <width>220</width>
            <height>700</height>
            <texture>black-back.png</texture>
            <visible>true</visible>
        </control>
        <control type="image">
            <description>category background</description>
            <posx>12</posx>
            <posy>12</posy>
            <width>216</width>
            <height>696</height>
            <texture>grey.png</texture>
            <visible>true</visible>
        </control>

        <control type="button" id="80003">
            <description>add category</description>
            <posx>20</posx>
            <posy>24</posy>
            <width>200</width>
            <height>40</height>
            <texturefocus>menu-grey-focus.png</texturefocus>
            <texturenofocus>menu-grey.png</texturenofocus>
            <onup>-</onup>
            <ondown>7004</ondown>
            <onright>4006</onright>
            <align>center</align>
            <aligny>center</aligny>
            <font>font13</font>
            <textcolor>ffffffff</textcolor>
            <label>Add Category</label>
            <visible>true</visible>
        </control>

        <control type="list" id="7004">
            <description>categories</description>
            <left>20</left>
            <top>80</top>
            <width>1280</width>
            <height>720</height>
            <visible>true</visible>
            <onup>80003</onup>
            <ondown>4006</ondown>
            <onleft>1</onleft>
            <onright>4006</onright>
            <viewtype label="3D list">list</viewtype>
            <orientation>vertical</orientation>

            <itemlayout width="200" height="40">
                <control type="image">
                    <posx>0</posx>
                    <posy>0</posy>
                    <width>200</width>
                    <height>40</height>
                    <texture>menu-grey.png</texture>
                    <visible>true</visible>
                </control>
                <control type="label">
                    <left>0</left>
                    <top>0</top>
                    <width>200</width>
                    <height>40</height>
                    <font>font13</font>
                    <align>center</align>
                    <aligny>center</aligny>
                    <textcolor>white</textcolor>
                    <selectedcolor>red</selectedcolor>
                    <align>left</align>
                    <info>ListItem.Label</info>
                </control>
            </itemlayout>
            <focusedlayout height="40" width="200">
                <control type="image">
                    <posx>0</posx>
                    <posy>0</posy>
                    <width>200</width>
                    <height>40</height>
                    <texture>cyan.png</texture>
                    <visible>true</visible>
                </control>
                <control type="image">
                    <posx>0</posx>
                    <posy>0</posy>
                    <width>200</width>
                    <height>40</height>
                    <texture>menu-grey-focus.png</texture>
                    <visible>Control.HasFocus(7004)</visible>
                </control>
                <control type="label">
                    <left>0</left>
                    <top>0</top>
                    <width>200</width>
                    <height>40</height>
                    <font>font13</font>
                    <align>center</align>
                    <aligny>center</aligny>
                    <textcolor>black</textcolor>
                    <selectedcolor>red</selectedcolor>
                    <align>left</align>
                    <info>ListItem.Label</info>
                </control>
                <control type="label">
                    <left>0</left>
                    <top>0</top>
                    <width>200</width>
                    <height>40</height>
                    <font>font13</font>
                    <align>center</align>
                    <aligny>center</aligny>
                    <textcolor>white</textcolor>
                    <selectedcolor>red</selectedcolor>
                    <align>left</align>
                    <info>ListItem.Label</info>
                    <visible>Control.HasFocus(7004)</visible>
                </control>
                <control type="image">
                    <width>20</width>
                    <height>20</height>
                    <left>30r</left>
                    <top>10</top>
                    <visible>Control.HasFocus(7004)</visible>
                    <texture>tvguide-bullet.png</texture>
                </control>
            </focusedlayout>
        </control>

        <control type="image">
            <description>program background</description>
            <posx>540</posx>
            <posy>10</posy>
            <width>730</width>
            <height>700</height>
            <texture>black-back.png</texture>
            <visible>true</visible>
        </control>
        <control type="image">
            <description>program background</description>
            <posx>542</posx>
            <posy>12</posy>
            <width>726</width>
            <height>696</height>
            <texture>grey.png</texture>
            <visible>true</visible>
        </control>
        <control type="image" id="7002">
            <description>program image</description>
            <posx>550</posx>
            <posy>300</posy>
            <width>700</width>
            <height>260</height>
            <align>left</align>
            <aligny>top</aligny>
            <aspectratio>keep</aspectratio>
            <texture>-</texture>
            <colordiffuse>darkgray</colordiffuse>
        </control>

        <control type="label" id="7001">
            <description>program title</description>
            <posx>550</posx>
            <posy>70</posy>
            <width>710</width>
            <height>50</height>
            <textcolor>black</textcolor>
            <font>font13_title</font>
            <align>left</align>
            <aligny>top</aligny>
            <label/>
        </control>

        <control type="label" id="7000">
            <description>program description</description>
            <posx>550</posx>
            <posy>100</posy>
            <width>710</width>
            <height>300</height>
            <textcolor>black</textcolor>
            <font>font13</font>
            <align>left</align>
            <aligny>top</aligny>
            <wrapmultiline>true</wrapmultiline>
            <label/>
        </control>

        <control type="label" id="4101">
            <posx>550</posx>
            <posy>20</posy>
            <width>240</width>
            <height>50</height>
            <align>left</align>
            <aligny>center</aligny>
            <font>font13_title</font>
            <textcolor>white</textcolor>
            <visible>true</visible>
            <label>-</label>
        </control>
        <control type="image" id="4100">
            <description>channel logo</description>
            <posx>280r</posx>
            <posy>120r</posy>
            <width>240</width>
            <height>80</height>
            <align>right</align>
            <aligny>top</aligny>
            <aspectratio>keep</aspectratio>
            <visible>true</visible>
        </control>

        <control type="image">
            <description>category background</description>
            <posx>260</posx>
            <posy>10</posy>
            <width>220</width>
            <height>170</height>
            <texture>black-back.png</texture>
            <visible>true</visible>
        </control>
        <control type="image">
            <description>category background</description>
            <posx>262</posx>
            <posy>12</posy>
            <width>216</width>
            <height>166</height>
            <texture>grey.png</texture>
            <visible>true</visible>
        </control>

        <control type="button" id="4006">
            <!-- super favourites -->
            <posx>270</posx>
            <posy>24</posy>
            <width>200</width>
            <height>40</height>
            <texturefocus>menu-grey-focus.png</texturefocus>
            <texturenofocus>menu-grey.png</texturenofocus>
            <onup>7004</onup>
            <ondown>4005</ondown>
            <onleft>7004</onleft>
            <align>center</align>
            <aligny>center</aligny>
            <font>font13</font>
            <textcolor>ffffffff</textcolor>
            <label>Super Favourites</label>
        </control>

        <control type="button" id="4005">
            <!-- watch from beginning -->
            <posx>270</posx>
            <posy>76</posy>
            <width>200</width>
            <height>40</height>
            <texturefocus>menu-grey-focus.png</texturefocus>
            <texturenofocus>menu-grey.png</texturenofocus>
            <onup>4006</onup>
            <ondown>4002</ondown>
            <onleft>7004</onleft>
            <align>center</align>
            <aligny>center</aligny>
            <font>font13</font>
            <textcolor>ffffffff</textcolor>
            <label>Meta Search</label>
        </control>

        <control type="button" id="4002">
            <!-- REMINDER -->
            <posx>270</posx>
            <posy>128</posy>
            <width>200</width>
            <height>40</height>
            <texturefocus>menu-grey-focus.png</texturefocus>
            <texturenofocus>menu-grey.png</texturenofocus>
            <onup>4005</onup>
            <ondown>4001</ondown>
            <onleft>7004</onleft>
            <align>center</align>
            <aligny>center</aligny>
            <font>font13</font>
            <textcolor>ffffffff</textcolor>
        </control>

        <control type="image">
            <description>category background</description>
            <posx>260</posx>
            <posy>270</posy>
            <width>220</width>
            <height>166</height>
            <texture>black-back.png</texture>
            <visible>true</visible>
        </control>
        <control type="image">
            <description>category background</description>
            <posx>262</posx>
            <posy>272</posy>
            <width>216</width>
            <height>162</height>
            <texture>grey.png</texture>
            <visible>true</visible>
        </control>

        <control type="button" id="4000">
            <!-- Watch Stream -->
            <posx>270</posx>
            <posy>228</posy>
            <width>200</width>
            <height>40</height>
            <texturefocus>menu-grey-focus.png</texturefocus>
            <texturenofocus>menu-grey.png</texturenofocus>
            <onup>4005</onup>
            <ondown>4001</ondown>
            <onleft>7004</onleft>
            <align>center</align>
            <aligny>center</aligny>
            <font>font13</font>
            <textcolor>ffffffff</textcolor>
			<visible>false</visible>
        </control>
        <control type="button" id="4001">
            <!-- Choose Stream -->
            <posx>270</posx>
            <posy>280</posy>
            <width>200</width>
            <height>40</height>
            <texturefocus>menu-grey-focus.png</texturefocus>
            <texturenofocus>menu-grey.png</texturenofocus>
            <onup>4002</onup>
            <ondown>4007</ondown>
            <onleft>7004</onleft>
            <align>center</align>
            <aligny>center</aligny>
            <font>font13</font>
            <textcolor>ffffffff</textcolor>
            <label>$ADDON[script.tvguide.fullscreen 30304]</label>
        </control>
        <control type="button" id="4007">
            <!-- Choose Stream -->
            <posx>270</posx>
            <posy>332</posy>
            <width>200</width>
            <height>40</height>
            <texturefocus>menu-grey-focus.png</texturefocus>
            <texturenofocus>menu-grey.png</texturenofocus>
            <onup>4001</onup>
            <ondown>4003</ondown>
            <onleft>7004</onleft>
            <align>center</align>
            <aligny>center</aligny>
            <font>font13</font>
            <textcolor>ffffffff</textcolor>
            <label>Stream Setup</label>
        </control>
        <control type="label">
            <!-- Choose Stream Text -->
            <posx>20</posx>
            <posy>260</posy>
            <width>200</width>
            <height>200</height>
            <font>font13</font>
            <textcolor>ffffffff</textcolor>
            <label>$ADDON[script.tvguide.fullscreen 30305]</label>
            <wrapmultiline>true</wrapmultiline>
            <visible>false</visible>
        </control>

        <control type="label" id="4102">
            <!-- Show Title -->
            <posx>20</posx>
            <posy>420</posy>
            <width>200</width>
            <height>40</height>
            <align>center</align>
            <aligny>center</aligny>
            <font>font13</font>
            <textcolor>ffffffff</textcolor>
            <visible>false</visible>
        </control>

        <control type="button" id="4003">
            <!-- CHANNELS -->
            <posx>270</posx>
            <posy>384</posy>
            <width>200</width>
            <height>40</height>
            <texturefocus>menu-grey-focus.png</texturefocus>
            <texturenofocus>menu-grey.png</texturenofocus>
            <onup>4001</onup>
            <ondown>80000</ondown>
            <onleft>7004</onleft>
            <align>center</align>
            <aligny>center</aligny>
            <font>font13</font>
            <textcolor>ffffffff</textcolor>
            <label>$ADDON[script.tvguide.fullscreen 30307]</label>
        </control>




        <control type="button" id="80000">
            <!-- MY MOVIES -->
            <posx>270</posx>
            <posy>436</posy>
            <width>200</width>
            <height>40</height>
            <texturefocus>menu-grey-focus.png</texturefocus>
            <texturenofocus>menu-grey.png</texturenofocus>
            <onup>4002</onup>
            <ondown>80001</ondown>
            <onleft>7004</onleft>
            <align>center</align>
            <aligny>center</aligny>
            <font>font13</font>
            <textcolor>ffffffff</textcolor>
            <label>$ADDON[script.tvguide.fullscreen 80000]</label>
			<visible>false</visible>
        </control>

        <control type="button" id="80001">
            <!-- MY TV SHOWS -->
            <posx>270</posx>
            <posy>488</posy>
            <width>200</width>
            <height>40</height>
            <texturefocus>menu-grey-focus.png</texturefocus>
            <texturenofocus>menu-grey.png</texturenofocus>
            <onup>80000</onup>
            <ondown>80002</ondown>
            <onleft>7004</onleft>
            <align>center</align>
            <aligny>center</aligny>
            <font>font13</font>
            <textcolor>ffffffff</textcolor>
            <label>$ADDON[script.tvguide.fullscreen 80001]</label>
			<visible>false</visible>
        </control>

        <control type="button" id="80002">
            <!-- VIDEO ADDONS -->
            <posx>270</posx>
            <posy>540</posy>
            <width>200</width>
            <height>40</height>
            <texturefocus>menu-grey-focus.png</texturefocus>
            <texturenofocus>menu-grey.png</texturenofocus>
            <onup>80001</onup>
            <ondown>4006</ondown>
            <onleft>7004</onleft>
            <align>center</align>
            <aligny>center</aligny>
            <font>font13</font>
            <textcolor>ffffffff</textcolor>
            <label>$ADDON[script.tvguide.fullscreen 80002]</label>
			<visible>false</visible>
        </control>

        <control type="button" id="4004">
            <!-- QUIT -->
            <posx>20</posx>
            <posy>650</posy>
            <width>200</width>
            <height>40</height>
            <texturefocus>menu-grey-focus.png</texturefocus>
            <texturenofocus>menu-grey.png</texturenofocus>
            <onup>4003</onup>
            <ondown>80000</ondown>
            <onleft>7004</onleft>
            <align>center</align>
            <aligny>center</aligny>
            <font>font13</font>
            <textcolor>ffffffff</textcolor>
            <label>$ADDON[script.tvguide.fullscreen 30308]</label>
            <visible>false</visible>
        </control>



        <control type="button" id="80004">
            <!-- QUIT -->
            <posx>270</posx>
            <posy>660</posy>
            <width>200</width>
            <height>40</height>
            <texturefocus>menu-grey-focus.png</texturefocus>
            <texturenofocus>menu-grey.png</texturenofocus>
            <onup>4003</onup>
            <ondown>80000</ondown>
            <onleft>7004</onleft>
            <align>center</align>
            <aligny>center</aligny>
            <font>font13</font>
            <textcolor>ffffffff</textcolor>
            <label>Remove Category</label>
            <visible>false</visible>
        </control>

    </controls>
</window>
