<?xml version="1.0" encoding="UTF-8"?>
<addon id="plugin.program.fixtures"
version="0.0.10"
name="Sports Fixtures"
provider-name="primaeval">
<requires>
  <import addon="xbmc.python" version="2.20.0"/>
  <import addon="script.module.xbmcswift2" version="2.4.0"/>
  <import addon="script.module.requests" version="2.9.1" />
  <import addon="script.module.pil" />
  <import addon="script.module.beautifulsoup4" />
</requires>
<extension point="xbmc.python.pluginsource" library="main.py">
  <provides>executable</provides>
</extension>
<extension point="xbmc.addon.metadata">
  <summary lang="en">Sports Fixtures</summary>
  <description lang="en">Sports Fixtures with Channel Information.</description>
  <disclaimer lang="en">Unofficial front end to www.getyourfixtures.com</disclaimer>
</extension>
</addon>

