<?xml version="1.0" encoding="UTF-8"?>
<addon id="plugin.video.bbc.strms"
version="0.0.5"
name="BBC strms"
provider-name="primaeval">
<requires>
  <import addon="xbmc.python" version="2.20.0"/>
  <import addon="script.module.xbmcswift2" version="2.4.0"/>
  <import addon="script.module.requests" version="2.9.1" />
</requires>
<extension point="xbmc.python.pluginsource" library="main.py">
  <provides>video</provides>
</extension>
<extension point="xbmc.service" library="server.py" start="login"/>
<extension point="xbmc.addon.metadata">
  <summary lang="en">Creates .strm folder of selected BBC channels.</summary>
  <description lang="en">Subscribe to one or more channels and shows. Service. Add channel or just shows to Kodi library with Local nfo Scanner. Update Library. Set Service Time in Settings.</description>
  <disclaimer lang="en"></disclaimer>
</extension>
</addon>

