<?xml version="1.0" encoding="UTF-8"?>
<addon id="plugin.video.addon.recorder"
version="0.0.18"
name="Addon Recorder"
provider-name="primaeval">
<requires>
  <import addon="xbmc.python" version="2.20.0"/>
  <import addon="script.module.xbmcswift2" version="2.4.0"/>
  <import addon="script.module.requests" version="2.9.1" />
  <import addon="script.module.futures"  />
</requires>
<extension point="xbmc.python.pluginsource" library="main.py">
  <provides>video</provides>
</extension>
<extension point="xbmc.service" library="service.py" start="login"/>
<extension point="xbmc.addon.metadata">
  <summary lang="en"></summary>
  <description lang="en"></description>
  <disclaimer lang="en"></disclaimer>
</extension>
</addon>

