<?xml version="1.0" encoding="UTF-8"?>
<addon id="service.poke"
version="0.0.2"
name="Poke"
provider-name="primaeval">
<requires>
  <import addon="xbmc.python" version="2.20.0"/>
  <import addon="script.module.xbmcswift2" version="2.4.0"/>
  <import addon="script.module.requests" version="2.9.1" />
</requires>

<extension point="xbmc.service" library="server.py" start="login"/>
<extension point="xbmc.addon.metadata">
  <summary lang="en"></summary>
  <description lang="en">

</description>
<disclaimer lang="en"></disclaimer>
<source></source>
<forum></forum>
<language>en</language>
<news></news>
<assets>
  <icon>icon.png</icon>
</assets>
</extension>
</addon>

