<?xml version="1.0" encoding="UTF-8"?>
<addon id="plugin.video.bbc"
version="0.0.28"
name="BBC TV"
provider-name="primaeval">
<requires>
  <import addon="xbmc.python" version="2.20.0"/>
  <import addon="script.module.xbmcswift2" version="2.4.0"/>
  <import addon="script.module.requests" version="2.9.1" />
</requires>
<extension point="xbmc.python.pluginsource" library="main.py">
  <provides>video</provides>
</extension>
<extension point="xbmc.service" library="service.py" start="login"/>
<extension point="xbmc.addon.metadata">
  <summary lang="en">BBC TV</summary>
  <description lang="en">BBC iPlayer with Schedules, caching, mpeg-dash, saved Searches, local Favourites.</description>
  <disclaimer lang="en">You need a UK TV License to use this addon legally. This is not a product of or endorsed by the BBC.</disclaimer>
</extension>
</addon>

