<?xml version="1.0" encoding="utf-8"?>
<window type="dialog">
    <allowoverlay>no</allowoverlay>
    <defaultcontrol always="false">1000</defaultcontrol>
    <coordinates>
        <system>1</system>
        <posx>0</posx>
        <posy>0</posy>
    </coordinates>

    <controls>

        <control type="image">
            <description>background</description>
            <posx>0</posx>
            <posy>0</posy>
            <width>1280</width>
            <height>720</height>
            <texture>tvg-background.png</texture>
            <visible>true</visible>
        </control>

        <control type="videowindow">
            <description>video window</description>
            <posx>0</posx>
            <posy>0</posy>
            <width>1280</width>
            <height>720</height>
            <visible>true</visible>
        </control>

        <control type="image">
            <description>background</description>
            <posx>0</posx>
            <posy>0</posy>
            <width>1280</width>
            <height>720</height>
            <texture>background.jpg</texture>
            <visible>true</visible>
        </control>

        <control type="label" id="1001">
            <description>Title</description>
            <left>750</left>
            <top>20</top>
            <width>300</width>
            <height>20</height>
            <font>font13_title</font>
            <textcolor>orange</textcolor>
            <shadowcolor>black</shadowcolor>
            <align>center</align>
            <aligny>center</aligny>
            <label>Title</label>
            <scroll>true</scroll>
			<visible>false</visible>
        </control>

        <control type="image">
            <top>0</top>
            <left>876</left>
            <width>404</width>
            <height>90</height>
            <aspectratio>keep</aspectratio>
            <texture>headerOnNow.png</texture>
            <visible>String.IsEqual(Control.GetLabel(1001),NOW)</visible>
        </control>
        <control type="image">
            <top>0</top>
            <left>876</left>
            <width>404</width>
            <height>90</height>
            <aspectratio>keep</aspectratio>
            <texture>headerOnNext.png</texture>
            <visible>String.IsEqual(Control.GetLabel(1001),NEXT)</visible>
        </control>
        <control type="image">
            <top>0</top>
            <left>876</left>
            <width>404</width>
            <height>90</height>
            <aspectratio>keep</aspectratio>
            <texture>headerOnChannel.png</texture>
            <visible>!String.IsEqual(Control.GetLabel(1001),NOW)+!String.IsEqual(Control.GetLabel(1001),NEXT)</visible>
        </control>

        <control type="label">
            <description>Displays todays date</description>
            <posx>40</posx>
            <posy>40</posy>
            <width>280</width>
            <height>30</height>
            <textcolor>white</textcolor>
            <font>font13</font>
            <align>left</align>
            <aligny>center</aligny>
            <visible>true</visible>
            <label>$INFO[System.Date(DDD)], $INFO[System.Date(dd)] $INFO[System.Date(MMM)]</label>
        </control>

        <control type="label">
            <description>time label</description>
            <posx>40</posx>
            <posy>60</posy>
            <width>200</width>
            <height>30</height>
            <align>left</align>
            <aligny>center</aligny>
            <font>font13</font>
            <textcolor>white</textcolor>
            <label>$INFO[System.Time(hh:mm)]</label>
        </control>

        <control type="group">
            <description>Program List</description>
            <visible>true</visible>
            <control type="group">
                <left>0</left>
                <top>0</top>
                <control type="label">
                    <description>Channel label</description>
                    <left>150</left>
                    <top>20</top>
                    <width>180</width>
                    <height>20</height>
                    <font>font13_title</font>
                    <textcolor>white</textcolor>
                    <shadowcolor>black</shadowcolor>
                    <align>left</align>
                    <aligny>center</aligny>
                    <label>19148</label>
					<visible>false</visible>
                </control>
                <control type="label">
                    <description>Time label</description>
                    <left>350</left>
                    <top>20</top>
                    <width>200</width>
                    <height>20</height>
                    <font>font13_title</font>
                    <textcolor>white</textcolor>
                    <shadowcolor>black</shadowcolor>
                    <align>left</align>
                    <aligny>center</aligny>
                    <label>Start</label>
					<visible>false</visible>
                </control>
                <control type="label">
                    <description>Length</description>
                    <left>500</left>
                    <top>20</top>
                    <width>100</width>
                    <height>20</height>
                    <font>font13_title</font>
                    <textcolor>white</textcolor>
                    <shadowcolor>black</shadowcolor>
                    <align>right</align>
                    <aligny>center</aligny>
                    <label>Length</label>
					<visible>false</visible>
                </control>
                <control type="label">
                    <description>Title</description>
                    <left>700</left>
                    <top>20</top>
                    <width>550</width>
                    <height>20</height>
                    <font>font13_title</font>
                    <textcolor>white</textcolor>
                    <shadowcolor>black</shadowcolor>
                    <align>left</align>
                    <aligny>center</aligny>
                    <label>369</label>
					<visible>false</visible>
                </control>
                <control type="image">
                    <description>separator image</description>
                    <left>0</left>
                    <top>50</top>
                    <width>1280</width>
                    <height>1</height>
                    <colordiffuse>88FFFFFF</colordiffuse>
                    <texture>tvg-seperator.png</texture>
					<visible>false</visible>
                </control>
				
				
				<control type="group">
					<left>660</left>
                    <top>100</top>
                    <width>600</width>
                    <height>600</height>
					<control type="image">
						<left>0</left>
						<top>0</top>
						<width>580</width>
						<height>600</height>
						<texture>listBorder400x360.png</texture>
					</control>
					
					<control type="group">
						<left>2</left>
						<top>2</top>
						<width>576</width>
						<height>589</height>
						<control type="image">
							<height>7</height>
							<align>center</align>
							<aspectratio>stretch</aspectratio>
						<texture>tvg-button-nofocus.png</texture>
						</control>
						
						<control type="image">
							<top>589</top>
							<height>7</height>
							<align>center</align>
							<aspectratio>stretch</aspectratio>
						<texture>tvg-button-nofocus.png</texture>
						</control>
						<control type="image">
							<width>7</width>
							<top>7</top>
							<align>center</align>
							<aspectratio>stretch</aspectratio>
						<texture>tvg-button-nofocus.png</texture>
						</control>
						<control type="image">
							<width>7</width>
							<top>7</top>
							<left>569</left>
							<align>center</align>
							<aspectratio>stretch</aspectratio>
						<texture>tvg-button-nofocus.png</texture>
						</control>
						
					</control>
					
					<control type="group">
						<left>10</left>
						<top>10</top>
						<width>560</width>
						<height>300</height>
						<!--<control type="image">
							<left>0</left>
							<top>0</top>
							<texture>$INFO[Container(1000).ListItem.Property(ProgramImage)]</texture>
							<align>center</align>
							<aspectratio>stretch</aspectratio>
						</control>-->
						<control type="image">
							<texture>tvguide-glasspane.png</texture>
							<align>center</align>
							<aspectratio>stretch</aspectratio>
						</control>
						<control type="image">
							<texture>$INFO[Container(1000).ListItem.Property(ProgramImage)]</texture>
							<align>center</align>
							<aspectratio>keep</aspectratio>
						</control>
					</control>
					<control type="group">
						<top>320</top>
						<left>20</left>
						<control type="image">
							<left>-10</left>
							<top>-10</top>
							<width>560</width>
							<height>280</height>
							<texture>tvg-buttons-bottom-bg.png</texture>
							<align>center</align>
							<aspectratio>stretch</aspectratio>
						</control>
						<control type="label">
							<description>Start Time for TVShow</description>
							<left>0</left>
							<top>0</top>
							<width>560</width>
							<height>66</height>
							<font>font13</font>
							<textcolor>lightskyblue</textcolor>
							<align>left</align>
							<aligny>top</aligny>
							<label>$INFO[Container(1000).ListItem.Property(StartTime)]: [COLOR white]$INFO[Container(1000).ListItem.Label][/COLOR]</label>
						</control>
						<control type="label">
							<description>Duration label</description>
							<left>0</left>
							<top>30</top>
							<width>560</width>
							<height>66</height>
							<font>font13</font>
							<textcolor>lightskyblue</textcolor>
							<align>left</align>
							<aligny>top</aligny>
							<label>Duration: [COLOR white]$INFO[Container(1000).ListItem.Property(Duration)][/COLOR]</label>
						</control>
						<control type="label">
							<description>Plot Value for TVShow</description>
							<left>0</left>
							<top>60</top>
							<width>540</width>
							<font>font13</font>
							<textcolor>white</textcolor>
							<align>left</align>
							<aligny>top</aligny>
							<label>$INFO[Container(1000).ListItem.Property(Plot)]</label>
                            <wrapmultiline>true</wrapmultiline>
                            <autoscroll time="3600" delay="6000" repeat="6000">true</autoscroll>
						</control>
					</control>

				</control>
					<control type="image">
						<left>40</left>
						<top>100</top>
						<width>580</width>
						<height>600</height>
						<texture>listBorder400x360.png</texture>
					</control>
                <control type="list" id="1000">
                    
                    <left>40</left>
                    <top>100</top>
                    <width>580</width>
                    <height>600</height>
                    <onup>1000</onup>
                    <ondown>1000</ondown>
                    <onleft>-</onleft>
                    <onright>-</onright>
                    <pagecontrol>-</pagecontrol>
					<itemlayout height="75">
						<control type="image">
                            <left>2</left>
                            <top>2</top>
                            <width>576</width>
                            <height>73</height>
                            <texture>tvg-program-nofocus.png</texture>
                            <visible>true</visible>
                        </control>
                        <control type="image">
                            <left>10</left>
                            <top>0</top>
                            <width>75</width>
                            <height>75</height>
                            <info>ListItem.Icon</info>
                            <aspectratio>keep</aspectratio>
                        </control>
                        <control type="label">
                            <left>100</left>
                            <top>4</top>
                            <width>460</width>
                            <height>40</height>
                            <font>font30</font>
                            <textcolor>white</textcolor>
                            <align>left</align>
                            <aligny>center</aligny>
                            <info>ListItem.Property(ChannelName)</info>
                        </control>
                        <!--<control type="label">
                            <left>350</left>
                            <top>0</top>
                            <width>200</width>
                            <height>40</height>
                            <font>font13</font>
                            <textcolor>dimgrey</textcolor>
                            <align>left</align>
                            <aligny>center</aligny>
                            <info>ListItem.Property(StartTime)</info>
                        </control>
                        <control type="label">
                            <left>500</left>
                            <top>0</top>
                            <width>100</width>
                            <height>40</height>
                            <font>font13</font>
                            <textcolor>grey</textcolor>
                            <align>right</align>
                            <aligny>center</aligny>
                            <info>ListItem.Property(Duration)</info>
                        </control>
                        <control type="progress">
                            <left>610</left>
                            <top>20</top>
                            <width>80</width>
                            <height>4</height>
                            <lefttexture />
                            <righttexture />
                            <texturebg >tvg-progress-bg.png</texturebg>
                            <midtexture >tvg-progress-mid.png</midtexture>
                            <info>ListItem.Property(Completed)</info>
                            <visible>ListItem.Property(Completed)</visible>
                        </control>
                        <control type="label">
                            <left>610</left>
                            <top>0</top>
                            <width>100</width>
                            <height>40</height>
                            <font>font12</font>
                            <textcolor>dimgrey</textcolor>
                            <align>left</align>
                            <aligny>center</aligny>
                            <info>ListItem.Property(When)</info>
                        </control>-->
                        <control type="label">
                            <description>Program Title</description>
                            <left>100</left>
                            <top>30</top>
                            <width>550</width>
                            <height>40</height>
                            <font>font13</font>
                            <textcolor>grey</textcolor>
                            <align>left</align>
                            <aligny>center</aligny>
                            <info>ListItem.Label</info>
                        </control>
                    </itemlayout>
                    <focusedlayout height="75">
                        <!--<control type="image">
                            <left>0</left>
                            <top>0</top>
                            <width>1280</width>
                            <height>75</height>
                            <texture>tvg-program-focus.png</texture>
                            <visible>true</visible>
                        </control>
                        <control type="image">
                            <left>0</left>
                            <top>0</top>
                            <width>1280</width>
                            <height>75</height>
                            <texture>black-back.png</texture>
                            <visible>true</visible>
                        </control>-->
						<control type="image">
                            <left>2</left>
                            <top>2</top>
                            <width>576</width>
                            <height>73</height>
                            <texture>tvg-program-focus.png</texture>
                            <visible>true</visible>
                        </control>
                        <control type="image">
                            <left>10</left>
                            <top>0</top>
                            <width>75</width>
                            <height>75</height>
                            <info>ListItem.Icon</info>
                            <aspectratio>keep</aspectratio>
                        </control>
                        <control type="label">
                            <left>100</left>
                            <top>4</top>
                            <width>460</width>
                            <height>40</height>
                            <font>font30</font>
                            <textcolor>white</textcolor>
                            <align>left</align>
                            <aligny>center</aligny>
                            <info>ListItem.Property(ChannelName)</info>
                        </control>
                        <control type="label">
                            <description>Program Title</description>
                            <left>100</left>
                            <top>30</top>
                            <width>550</width>
                            <height>40</height>
                            <font>font13</font>
                            <textcolor>white</textcolor>
                            <align>left</align>
                            <aligny>center</aligny>
                            <info>ListItem.Label</info>
                        </control>
                        <!--<control type="label">
                            <left>350</left>
                            <top>0</top>
                            <width>200</width>
                            <height>40</height>
                            <font>font13</font>
                            <textcolor>dimgrey</textcolor>
                            <align>left</align>
                            <aligny>center</aligny>
                            <info>ListItem.Property(StartTime)</info>
                        </control>
                        <control type="label">
                            <left>500</left>
                            <top>0</top>
                            <width>100</width>
                            <height>40</height>
                            <font>font13</font>
                            <textcolor>white</textcolor>
                            <align>right</align>
                            <aligny>center</aligny>
                            <info>ListItem.Property(Duration)</info>
                        </control>
                        <control type="progress">
                            <left>10</left>
                            <top>75</top>
							<width>130</width>
							<height>15</height>
                            <lefttexture />
                            <righttexture />
							<texturebg  colordiffuse="">invisible.png</texturebg>
							<midtexture colordiffuse="blue">tvg-progress-mid.png</midtexture>
                            <info>ListItem.Property(Completed)</info>
                            <visible>ListItem.Property(Completed)</visible>
                        </control>
						<control type="image">
                            <left>10</left>
                            <top>75</top>
							<width>130</width>
							<height>15</height>
							<texture>progressBar.png</texture>
							<visible>ListItem.Property(Completed)</visible>
						</control>
                        <control type="label">
                            <left>610</left>
                            <top>0</top>
                            <width>100</width>
                            <height>40</height>
                            <font>font12</font>
                            <textcolor>dimgrey</textcolor>
                            <align>left</align>
                            <aligny>center</aligny>
                            <info>ListItem.Property(When)</info>
                        </control>
                        <control type="image">
                            <left>1030</left>
                            <top>0</top>
                            <width>100</width>
                            <height>100</height>
                            <info>ListItem.Property(ProgramImage)</info>
                            <aspectratio>keep</aspectratio>
                        </control>
                        <control type="label">
                            <description>Program Title</description>
                            <left>700</left>
                            <top>0</top>
                            <width>550</width>
                            <height>40</height>
                            <font>font13</font>
                            <textcolor>white</textcolor>
                            <shadowcolor>black</shadowcolor>
                            <align>left</align>
                            <aligny>center</aligny>
                            <info>ListItem.Label</info>
                        </control>
                        <control type="textbox">
                            <description>Plot Value for TVShow</description>
                            <left>150</left>
                            <top>30</top>
                            <width>860</width>
                            <height>66</height>
                            <font>font12</font>
                            <textcolor>white</textcolor>
                            <align>left</align>
                            <wrapmultiline>true</wrapmultiline>
                            <autoscroll time="3600" delay="6000" repeat="6000">true</autoscroll>
                            <pagecontrol>-</pagecontrol>
                            <info>ListItem.Property(Plot)</info>
                        </control>-->

                    </focusedlayout>
				</control>
            </control>
        </control>
    </controls>
</window>