<?xml version="1.0" encoding="utf-8"?>
<window>
    <allowoverlay>no</allowoverlay>
    <coordinates>
        <system>1</system>
        <left>0</left>
        <top>0</top>
    </coordinates>
    <controls>
        <control type="image">
            <description>workaround for texture not being loaded</description>
            <left>-10000</left>
            <top>-10000</top>
            <width>1</width>
            <height>1</height>
            <texture>tvg-program-focus.png</texture>
        </control>
        <control type="image">
            <description>workaround for texture not being loaded</description>
            <left>-10000</left>
            <top>-10000</top>
            <width>1</width>
            <height>1</height>
            <texture>tvg-program-nofocus.png</texture>
        </control>
        <control type="image">
            <description>workaround for texture not being loaded</description>
            <left>-10000</left>
            <top>-10000</top>
            <width>1</width>
            <height>1</height>
            <texture>tvg-playing-focus.png</texture>
        </control>
        <control type="image">
            <description>workaround for texture not being loaded</description>
            <left>-10000</left>
            <top>-10000</top>
            <width>1</width>
            <height>1</height>
            <texture>tvg-playing-nofocus.png</texture>
        </control>
        <control type="image">
            <description>workaround for texture not being loaded</description>
            <left>-10000</left>
            <top>-10000</top>
            <width>1</width>
            <height>1</height>
            <texture>tvg-remind-focus.png</texture>
        </control>
        <control type="image">
            <description>workaround for texture not being loaded</description>
            <left>-10000</left>
            <top>-10000</top>
            <width>1</width>
            <height>1</height>
            <texture>tvg-remind-nofocus.png</texture>
        </control>
        <control type="image">
            <description>workaround for texture not being loaded</description>
            <left>-10000</left>
            <top>-10000</top>
            <width>1</width>
            <height>1</height>
            <texture>tvg-autoplay-focus.png</texture>
        </control>
        <control type="image">
            <description>workaround for texture not being loaded</description>
            <left>-10000</left>
            <top>-10000</top>
            <width>1</width>
            <height>1</height>
            <texture>tvg-autoplay-nofocus.png</texture>
        </control>
        <control type="image">
            <description>workaround for texture not being loaded</description>
            <left>-10000</left>
            <top>-10000</top>
            <width>1</width>
            <height>1</height>
            <texture>tvguide-program-red.png</texture>
        </control>
        <control type="image">
            <description>workaround for texture not being loaded</description>
            <left>-10000</left>
            <top>-10000</top>
            <width>1</width>
            <height>1</height>
            <texture>tvguide-program-red-focus.png</texture>
        </control>
        <control type="image">
            <description>workaround for texture not being loaded</description>
            <left>-10000</left>
            <top>-10000</top>
            <width>1</width>
            <height>1</height>
            <texture>tvguide-program-grey.png</texture>
        </control>
        <control type="image">
            <description>workaround for texture not being loaded</description>
            <left>-10000</left>
            <top>-10000</top>
            <width>1</width>
            <height>1</height>
            <texture>tvguide-program-grey-focus.png</texture>
        </control>
		<control type="image">
            <description>workaround for texture not being loaded</description>
            <posx>-10000</posx>
            <posy>-10000</posy>
            <width>1</width>
            <height>1</height>
            <texture>tvg-autoplaywith-focus.png</texture>
        </control>
        <control type="image">
            <description>workaround for texture not being loaded</description>
            <posx>-10000</posx>
            <posy>-10000</posy>
            <width>1</width>
            <height>1</height>
            <texture>tvg-autoplaywith-nofocus.png</texture>
        </control>

		<!-- Transparent background -->
		<control type="image">
            <description>Background</description>
            <left>0</left>
            <top>0</top>
            <width>1280</width>
            <height>720</height>
			<aspectratio>scale</aspectratio>
            <texture fallback="charcoal.jpg">charcoal2.jpg</texture>
            <visible>true</visible>
        </control>

		<!-- Blackout background on playback -->
        <control type="image">
            <description>Black background for playback</description>
            <left>0</left>
            <top>0</top>
            <width>1280</width>
            <height>720</height>
            <texture>black.png</texture>
            <visible>Control.IsVisible(5000)</visible>
        </control>

		<!-- Background Video-->
        <control type="videowindow">
            <description>Video window dimensions</description>
            <left>0</left>
            <top>0</top>
            <width>1280</width>
            <height>720</height>
            <visible>true</visible>
        </control>

		<!-- EPG, header, footer, loading, mouse control layout -->
        <control type="label" id="5000">
            <description>Initial EPG on startup</description>
        </control>
        <control type="group">
            <description>Initial EPG group</description>
            <left>0</left>
            <top>0</top>
            <width>1280</width>
            <height>720</height>
            <visible>!Control.IsVisible(5000)</visible>
            <control type="button" id="5001">
                <description>marker for EPG data view - should be hidden!</description>
                <left>180</left>
                <top>60</top>
                <width>1100</width>
                <height>500</height>
                <visible>false</visible>
            </control>
			<control type="image" id="4600">
                <description>EPG Background with no media playback</description>
                <left>0</left>
                <top>0</top>
                <width>1280</width>
                <height>720</height>
                <texture>black.png</texture>
                <visible>!Player.HasMedia</visible>
                <aspectratio>keep</aspectratio>
                <align>center</align>
                <aligny>center</aligny>
                <fadetime>200</fadetime>
				<visible>false</visible>
            </control>
            <control type="image">
                <description>EPG Background when control isn't visible</description>
                <left>0</left>
                <top>0</top>
                <width>1280</width>
                <height>720</height>
                <texture>black-back.png</texture>
                <visible>!Control.IsVisible(4200)</visible>
                <aspectratio>stretch</aspectratio>
                <align>center</align>
                <aligny>center</aligny>
                <fadetime>200</fadetime>
				<visible>false</visible>
            </control>
			<control type="image" id="4601">
                <description>Main screen header</description>
                <left>0</left>
                <top>0</top>
                <width>1280</width>
                <height>58</height>
                <texture>black-back.png</texture>
				<visible>true</visible>
            </control>
			<control type="image">
                <description>Header Trim</description>
                <left>0</left>
                <top>58</top>
                <width>1280</width>
                <height>1</height>
                <texture>aqua.png</texture>
				<visible>true</visible>
            </control>
            <control type="image" id="4602">
                <description>Main screen footer - disabled due to strange offset</description>
                <left>0</left>
                <top>560</top>
                <width>1280</width>
                <height>160</height>
                <texture>black-back.png</texture>
                <fadetime>200</fadetime>
				<visible>false</visible>
            </control>
            <control type="image">
                <description>Main screen footer - image to work around 4602 issues</description>
                <left>0</left>
                <top>560</top>
                <width>1280</width>
                <height>160</height>
                <texture>black-back.png</texture>
                <fadetime>200</fadetime>
				<visible>true</visible>
            </control>
			<control type="image">
                <description>Footer Trim</description>
                <left>0</left>
                <top>560</top>
                <width>1280</width>
                <height>1</height>
                <texture>aqua.png</texture>
				<visible>true</visible>
            </control>
            <control type="image" id="4100">
                <description>Progress bar over EPG</description>
                <left>180</left>
                <top>60</top>
                <width>-4</width>
                <height>200</height>
                <visible>Control.IsVisible(4200)</visible>
                <texture>aqua.png</texture>
            </control>

            <!-- Header - Date and time display -->
            <control type="group">
                <left>0</left>
                <top>0</top>
                <width>1280</width>
                <height>60</height>
                <visible>true</visible>
                <control type="label" id="4000">
                    <description>Displays EPG day</description>
                    <left>0</left>
                    <top>0</top>
                    <width>180</width>
                    <height>60</height>
                    <textcolor>white</textcolor>
                    <font>font13_title</font>
                    <align>center</align>
					<aligny>center</aligny>
                    <visible>true</visible>
                </control>
				<control type="label">
                    <description>Displays todays date</description>
                    <left>1000</left>
					<top>25</top>
					<width>270</width>
					<height>20</height>
					<textcolor>white</textcolor>
					<font>font12</font>
					<align>right</align>
					<visible>true</visible>
					<label>$INFO[System.Date]</label>
                </control>
                <control type="label" id="3999">
                    <description>Displays todays date</description>
                    <left>1000</left>
					<top>25</top>
					<width>270</width>
					<height>20</height>
					<textcolor>white</textcolor>
					<font>font12</font>
					<align>right</align>
					<visible>false</visible>
                </control>
                <control type="label">
					<description>Display current time</description>
					<left>1030</left>
					<top>5</top>
					<width>240</width>
					<height>20</height>
					<align>right</align>
					<font>font13_title</font>
					<textcolor>white</textcolor>
					<label>$INFO[System.Time]</label>
				</control>
				<control type="label">
					<description>Display current temperature</description>
					<left>1095</left>
					<top>5</top>
					<width>60</width>
					<height>20</height>
					<align>right</align>
					<font>font13_title</font>
					<textcolor>white</textcolor>
					<label>$INFO[Weather.Temperature]</label>
					<visible>Skin.HasSetting(show_weatherinfo) + Weather.IsFetched + ![String.IsEqual(Weather.FanartCode,na) + String.Contains(Weather.Conditions,/)]</visible>
				</control>
				<control type="image">
					<description>Display current weather icon</description>
                    <left>1128</left>
					<top>1</top>
					<width>60</width>
					<height>35</height>
                    <fadetime>300</fadetime>
                    <aspectratio align="right">keep</aspectratio>
                    <texture colordiffuse="button_focus">weather/small/$INFO[Weather.FanartCode].png</texture>
                    <visible>Skin.HasSetting(show_weatherinfo) + Weather.IsFetched + ![String.IsEqual(Weather.FanartCode,na) + String.Contains(Weather.Conditions,/)]</visible>
                </control>

				<control type="label" id="4001">
                    <description>1st half hour label</description>
                    <left>180</left>
                    <top>28</top>
                    <width>270</width>
                    <height>20</height>
                    <textcolor>white</textcolor>
					        <font>font13_title</font>
                </control>
                <control type="label" id="4002">
                    <description>2nd half hour label</description>
                    <left>455</left>
                    <top>28</top>
                    <width>270</width>
                    <height>20</height>
                    <textcolor>white</textcolor>
					        <font>font13_title</font>
					<visible>false</visible>
                </control>
                <control type="label" id="4003">
                    <description>3rd half hour label</description>
                    <left>730</left>
                    <top>28</top>
                    <width>270</width>
                    <height>20</height>
                    <textcolor>white</textcolor>
					        <font>font13_title</font>
                </control>
                <control type="label" id="4004">
                    <description>4th half hour column</description>
                    <left>1005</left>
                    <top>28</top>
                    <width>270</width>
                    <height>20</height>
                    <textcolor>white</textcolor>
					        <font>font13_title</font>
					<visible>false</visible>
                </control>
            </control>

            <!-- EPG channel layout -->
            <control type="group">
                <left>0</left>
                <top>60</top>
                <width>180</width>
                <visible>true</visible>

                <!-- EPG layout - channel backgrounds -->
                <control type="image" id="4210">
                    <description>1st channel</description>
                    <left>-10000</left>
                    <top>0</top>
                    <width>176</width>
                    <height>40</height>
                    <aspectratio>stretch</aspectratio>
                    <visible>Control.IsVisible(4010)|Control.IsVisible(4110)</visible>
                    <align>center</align>
                    <aligny>center</aligny>
                    <texture>black-back.png</texture>
                </control>
                <control type="image" id="4211">
                    <description>2nd channel</description>
                    <left>-10000</left>
                    <top>40</top>
                    <width>176</width>
                    <height>40</height>
                    <aspectratio>stretch</aspectratio>
                    <visible>Control.IsVisible(4011)|Control.IsVisible(4111)</visible>
                    <align>center</align>
                    <aligny>center</aligny>
                    <texture>black-back.png</texture>
                </control>
                <control type="image" id="4212">
                    <description>3rd channel</description>
                    <left>-10000</left>
                    <top>80</top>
                    <width>176</width>
                    <height>40</height>
                    <aspectratio>stretch</aspectratio>
                    <visible>Control.IsVisible(4012)|Control.IsVisible(4112)</visible>
                    <align>center</align>
                    <aligny>center</aligny>
                    <texture>black-back.png</texture>
                </control>
                <control type="image" id="4213">
                    <description>4th channel</description>
                    <left>-10000</left>
                    <top>120</top>
                    <width>176</width>
                    <height>40</height>
                    <aspectratio>stretch</aspectratio>
                    <visible>Control.IsVisible(4013)|Control.IsVisible(4113)</visible>
                    <align>center</align>
                    <aligny>center</aligny>
                    <texture>black-back.png</texture>
                </control>
                <control type="image" id="4214">
                    <description>5th channel</description>
                    <left>-10000</left>
                    <top>160</top>
                    <width>176</width>
                    <height>40</height>
                    <aspectratio>stretch</aspectratio>
                    <visible>Control.IsVisible(4014)|Control.IsVisible(4114)</visible>
                    <align>center</align>
                    <aligny>center</aligny>
                    <texture>black-back.png</texture>
                </control>
                <control type="image" id="4215">
                    <description>6th channel</description>
                    <left>-10000</left>
                    <top>200</top>
                    <width>176</width>
                    <height>40</height>
                    <aspectratio>stretch</aspectratio>
                    <visible>Control.IsVisible(4015)|Control.IsVisible(4115)</visible>
                    <align>center</align>
                    <aligny>center</aligny>
                    <texture>black-back.png</texture>
                </control>
                <control type="image" id="4216">
                    <description>7th channel</description>
                    <left>-10000</left>
                    <top>240</top>
                    <width>176</width>
                    <height>40</height>
                    <aspectratio>stretch</aspectratio>
                    <visible>Control.IsVisible(4016)|Control.IsVisible(4116)</visible>
                    <align>center</align>
                    <aligny>center</aligny>
                    <texture>black-back.png</texture>
                </control>
                <control type="image" id="4217">
                    <description>8th channel</description>
                    <left>-10000</left>
                    <top>280</top>
                    <width>176</width>
                    <height>40</height>
                    <aspectratio>stretch</aspectratio>
                    <visible>Control.IsVisible(4017)|Control.IsVisible(4117)</visible>
                    <align>center</align>
                    <aligny>center</aligny>
                    <texture>black-back.png</texture>
                </control>
                <control type="image" id="4218">
                    <description>9th channel</description>
                    <left>-10000</left>
                    <top>320</top>
                    <width>176</width>
                    <height>40</height>
                    <aspectratio>stretch</aspectratio>
                    <visible>Control.IsVisible(4018)|Control.IsVisible(4118)</visible>
                    <align>center</align>
                    <aligny>center</aligny>
                    <texture>black-back.png</texture>
                </control>
                <control type="image" id="4219">
                    <description>10 channel</description>
                    <left>-10000</left>
                    <top>360</top>
                    <width>176</width>
                    <height>40</height>
                    <aspectratio>stretch</aspectratio>
                    <visible>Control.IsVisible(4019)|Control.IsVisible(4119)</visible>
                    <align>center</align>
                    <aligny>center</aligny>
                    <texture>black-back.png</texture>
                </control>
                <control type="image" id="4220">
                    <description>11 channel</description>
                    <left>-10000</left>
                    <top>400</top>
                    <width>176</width>
                    <height>40</height>
                    <aspectratio>stretch</aspectratio>
                    <visible>Control.IsVisible(4020)|Control.IsVisible(4120)</visible>
                    <align>center</align>
                    <aligny>center</aligny>
                    <texture>black-back.png</texture>
                </control>
                <control type="image" id="4221">
                    <description>12 channel</description>
                    <left>-10000</left>
                    <top>440</top>
                    <width>176</width>
                    <height>40</height>
                    <aspectratio>stretch</aspectratio>
                    <visible>Control.IsVisible(4021)|Control.IsVisible(4121)</visible>
                    <align>center</align>
                    <aligny>center</aligny>
                    <texture>black-back.png</texture>
                </control>
                <control type="image" id="4222">
                    <description>13 channel</description>
                    <left>-10000</left>
                    <top>480</top>
                    <width>176</width>
                    <height>40</height>
                    <aspectratio>stretch</aspectratio>
                    <visible>Control.IsVisible(4022)|Control.IsVisible(4122)</visible>
                    <align>center</align>
                    <aligny>center</aligny>
                    <texture>black-back.png</texture>
                </control>
                <control type="image" id="4223">
                    <description>14th channel</description>
                    <left>-10000</left>
                    <top>520</top>
                    <width>176</width>
                    <height>40</height>
                    <aspectratio>stretch</aspectratio>
                    <visible>Control.IsVisible(4023)|Control.IsVisible(4123)</visible>
                    <align>center</align>
                    <aligny>center</aligny>
                    <texture>black-back.png</texture>
                </control>
                <control type="image" id="4224">
                    <description>15th channel</description>
                    <left>-10000</left>
                    <top>560</top>
                    <width>176</width>
                    <height>40</height>
                    <aspectratio>stretch</aspectratio>
                    <visible>Control.IsVisible(4024)|Control.IsVisible(4124)</visible>
                    <align>center</align>
                    <aligny>center</aligny>
                    <texture>black-back.png</texture>
                </control>
                <control type="image" id="4225">
                    <description>16th channel</description>
                    <left>-10000</left>
                    <top>600</top>
                    <width>176</width>
                    <height>40</height>
                    <aspectratio>stretch</aspectratio>
                    <visible>Control.IsVisible(4025)|Control.IsVisible(4125)</visible>
                    <align>center</align>
                    <aligny>center</aligny>
                    <texture>black-back.png</texture>
                </control>

                <!-- EPG layout - channel labels -->
                <control type="label" id="4010">
                    <description>1st channel</description>
                    <left>2</left>
                    <top>0</top>
                    <width>176</width>
                    <height>40</height>
                    <textcolor>white</textcolor>
                    <font>font13_title</font>
                    <align>center</align>
                    <aligny>center</aligny>
                    <visible>StringCompare(Control.GetLabel(4110),)</visible>
                </control>
                <control type="label" id="4011">
                    <description>2nd channel</description>
                    <left>2</left>
                    <top>40</top>
                    <width>176</width>
                    <height>40</height>
                    <textcolor>white</textcolor>
                    <font>font13_title</font>
                    <align>center</align>
                    <aligny>center</aligny>
                    <visible>StringCompare(Control.GetLabel(4111),)</visible>
                </control>
                <control type="label" id="4012">
                    <description>3rd channel</description>
                    <left>2</left>
                    <top>80</top>
                    <width>176</width>
                    <height>40</height>
                    <textcolor>white</textcolor>
                    <font>font13_title</font>
                    <align>center</align>
                    <aligny>center</aligny>
                    <visible>StringCompare(Control.GetLabel(4112),)</visible>
                </control>
                <control type="label" id="4013">
                    <description>4th channel</description>
                    <left>2</left>
                    <top>120</top>
                    <width>176</width>
                    <height>40</height>
                    <textcolor>white</textcolor>
                    <font>font13_title</font>
                    <align>center</align>
                    <aligny>center</aligny>
                    <visible>StringCompare(Control.GetLabel(4113),)</visible>
                </control>
                <control type="label" id="4014">
                    <description>5th channel</description>
                    <left>2</left>
                    <top>160</top>
                    <width>176</width>
                    <height>40</height>
                    <textcolor>white</textcolor>
                    <font>font13_title</font>
                    <align>center</align>
                    <aligny>center</aligny>
                    <visible>StringCompare(Control.GetLabel(4114),)</visible>
                </control>
                <control type="label" id="4015">
                    <description>6th channel</description>
                    <left>2</left>
                    <top>200</top>
                    <width>176</width>
                    <height>40</height>
                    <textcolor>white</textcolor>
                    <font>font13_title</font>
                    <align>center</align>
                    <aligny>center</aligny>
                    <visible>StringCompare(Control.GetLabel(4115),)</visible>
                </control>
                <control type="label" id="4016">
                    <description>7th channel</description>
                    <left>2</left>
                    <top>240</top>
                    <width>176</width>
                    <height>40</height>
                    <textcolor>white</textcolor>
                    <font>font13_title</font>
                    <align>center</align>
                    <aligny>center</aligny>
                    <visible>StringCompare(Control.GetLabel(4116),)</visible>
                </control>
                <control type="label" id="4017">
                    <description>8th channel</description>
                    <left>2</left>
                    <top>280</top>
                    <width>176</width>
                    <height>40</height>
                    <textcolor>white</textcolor>
                    <font>font13_title</font>
                    <align>center</align>
                    <aligny>center</aligny>
                    <visible>StringCompare(Control.GetLabel(4117),)</visible>
                </control>
                <control type="label" id="4018">
                    <description>9th channel</description>
                    <left>2</left>
                    <top>320</top>
                    <width>176</width>
                    <height>40</height>
                    <textcolor>white</textcolor>
                    <font>font13_title</font>
                    <align>center</align>
                    <aligny>center</aligny>
                    <visible>StringCompare(Control.GetLabel(4118),)</visible>
                </control>
                <control type="label" id="4019">
                    <description>10th channel</description>
                    <left>2</left>
                    <top>360</top>
                    <width>176</width>
                    <height>40</height>
                    <textcolor>white</textcolor>
                    <font>font13_title</font>
                    <align>center</align>
                    <aligny>center</aligny>
                    <visible>StringCompare(Control.GetLabel(4119),)</visible>
                </control>
                <control type="label" id="4020">
                    <description>11th channel</description>
                    <left>2</left>
                    <top>400</top>
                    <width>176</width>
                    <height>40</height>
                    <textcolor>white</textcolor>
                    <font>font13_title</font>
                    <align>center</align>
                    <aligny>center</aligny>
                    <visible>StringCompare(Control.GetLabel(4120),)</visible>
                </control>
                <control type="label" id="4021">
                    <description>12 channel</description>
                    <left>2</left>
                    <top>440</top>
                    <width>176</width>
                    <height>40</height>
                    <textcolor>white</textcolor>
                    <font>font13_title</font>
                    <align>center</align>
                    <aligny>center</aligny>
                    <visible>StringCompare(Control.GetLabel(4121),)</visible>
                </control>
                <control type="label" id="4022">
                    <description>13 channel</description>
                    <left>2</left>
                    <top>480</top>
                    <width>176</width>
                    <height>40</height>
                    <textcolor>white</textcolor>
                    <font>font13_title</font>
                    <align>center</align>
                    <aligny>center</aligny>
                    <visible>StringCompare(Control.GetLabel(4122),)</visible>
                </control>
                <control type="label" id="4023">
                    <description>14 channel</description>
                    <left>2</left>
                    <top>520</top>
                    <width>176</width>
                    <height>40</height>
                    <textcolor>white</textcolor>
                    <font>font13_title</font>
                    <align>center</align>
                    <aligny>center</aligny>
                    <visible>StringCompare(Control.GetLabel(4123),)</visible>
                </control>
                <control type="label" id="4024">
                    <description>15 channel</description>
                    <left>2</left>
                    <top>560</top>
                    <width>176</width>
                    <height>40</height>
                    <textcolor>white</textcolor>
                    <font>font13_title</font>
                    <align>center</align>
                    <aligny>center</aligny>
                    <visible>StringCompare(Control.GetLabel(4124),)</visible>
                </control>
                <control type="label" id="4025">
                    <description>16 channel</description>
                    <left>2</left>
                    <top>600</top>
                    <width>176</width>
                    <height>40</height>
                    <textcolor>white</textcolor>
                    <font>font13_title</font>
                    <align>center</align>
                    <aligny>center</aligny>
                    <visible>StringCompare(Control.GetLabel(4125), )</visible>
                </control>

                <!-- EPG layout - channel logo images -->
                <control type="image" id="4110">
                    <description>1st channel</description>
                    <left>2</left>
                    <top>0</top>
                    <width>176</width>
                    <height>40</height>
                    <aspectratio>keep</aspectratio>
                    <visible>!StringCompare(Control.GetLabel(4110),)</visible>
                    <align>center</align>
                    <aligny>center</aligny>
                </control>
                <control type="image" id="4111">
                    <description>2nd channel</description>
                    <left>2</left>
                    <top>40</top>
                    <width>176</width>
                    <height>40</height>
                    <aspectratio>keep</aspectratio>
                    <visible>!StringCompare(Control.GetLabel(4111),)</visible>
                    <align>center</align>
                    <aligny>center</aligny>
                </control>
                <control type="image" id="4112">
                    <description>3rd channel</description>
                    <left>2</left>
                    <top>80</top>
                    <width>176</width>
                    <height>40</height>
                    <aspectratio>keep</aspectratio>
                    <visible>!StringCompare(Control.GetLabel(4112),)</visible>
                    <align>center</align>
                    <aligny>center</aligny>
                </control>
                <control type="image" id="4113">
                    <description>4th channel</description>
                    <left>2</left>
                    <top>120</top>
                    <width>176</width>
                    <height>40</height>
                    <aspectratio>keep</aspectratio>
                    <visible>!StringCompare(Control.GetLabel(4113),)</visible>
                    <align>center</align>
                    <aligny>center</aligny>
                </control>
                <control type="image" id="4114">
                    <description>5th channel</description>
                    <left>2</left>
                    <top>160</top>
                    <width>176</width>
                    <height>40</height>
                    <aspectratio>keep</aspectratio>
                    <visible>!StringCompare(Control.GetLabel(4114),)</visible>
                    <align>center</align>
                    <aligny>center</aligny>
                </control>
                <control type="image" id="4115">
                    <description>6th channel</description>
                    <left>2</left>
                    <top>200</top>
                    <width>176</width>
                    <height>40</height>
                    <aspectratio>keep</aspectratio>
                    <visible>!StringCompare(Control.GetLabel(4115),)</visible>
                </control>
                <control type="image" id="4116">
                    <description>7th channel</description>
                    <left>2</left>
                    <top>240</top>
                    <width>176</width>
                    <height>40</height>
                    <aspectratio>keep</aspectratio>
                    <visible>!StringCompare(Control.GetLabel(4116),)</visible>
                    <align>center</align>
                    <aligny>center</aligny>
                </control>
                <control type="image" id="4117">
                    <description>8th channel</description>
                    <left>2</left>
                    <top>280</top>
                    <width>176</width>
                    <height>40</height>
                    <aspectratio>keep</aspectratio>
                    <visible>!StringCompare(Control.GetLabel(4117),)</visible>
                    <align>center</align>
                    <aligny>center</aligny>
                </control>
                <control type="image" id="4118">
                    <description>9th channel</description>
                    <left>2</left>
                    <top>320</top>
                    <width>176</width>
                    <height>40</height>
                    <aspectratio>keep</aspectratio>
                    <visible>!StringCompare(Control.GetLabel(4118),)</visible>
                    <align>center</align>
                    <aligny>center</aligny>
                </control>
                <control type="image" id="4119">
                    <description>10 channel</description>
                    <left>2</left>
                    <top>360</top>
                    <width>176</width>
                    <height>40</height>
                    <aspectratio>keep</aspectratio>
                    <visible>!StringCompare(Control.GetLabel(4119),)</visible>
                    <align>center</align>
                    <aligny>center</aligny>
                </control>
                <control type="image" id="4120">
                    <description>11 channel</description>
                    <left>2</left>
                    <top>400</top>
                    <width>176</width>
                    <height>40</height>
                    <aspectratio>keep</aspectratio>
                    <visible>!StringCompare(Control.GetLabel(4120),)</visible>
                    <align>center</align>
                    <aligny>center</aligny>
                </control>
                <control type="image" id="4121">
                    <description>12 channel</description>
                    <left>2</left>
                    <top>440</top>
                    <width>176</width>
                    <height>40</height>
                    <aspectratio>keep</aspectratio>
                    <visible>!StringCompare(Control.GetLabel(4121),)</visible>
                    <align>center</align>
                    <aligny>center</aligny>
                </control>
                <control type="image" id="4122">
                    <description>13 channel</description>
                    <left>2</left>
                    <top>480</top>
                    <width>176</width>
                    <height>40</height>
                    <aspectratio>keep</aspectratio>
                    <visible>!StringCompare(Control.GetLabel(4122),)</visible>
                    <align>center</align>
                    <aligny>center</aligny>
                </control>
                <control type="image" id="4123">
                    <description>14th channel</description>
                    <left>2</left>
                    <top>520</top>
                    <width>176</width>
                    <height>40</height>
                    <aspectratio>keep</aspectratio>
                    <visible>!StringCompare(Control.GetLabel(4123),)</visible>
                    <align>center</align>
                    <aligny>center</aligny>
                </control>
                <control type="image" id="4124">
                    <description>15th channel</description>
                    <left>2</left>
                    <top>560</top>
                    <width>176</width>
                    <height>40</height>
                    <aspectratio>keep</aspectratio>
                    <visible>!StringCompare(Control.GetLabel(4124),)</visible>
                    <align>center</align>
                    <aligny>center</aligny>
                </control>
                <control type="image" id="4125">
                    <description>16th channel</description>
                    <left>2</left>
                    <top>600</top>
                    <width>176</width>
                    <height>40</height>
                    <aspectratio>keep</aspectratio>
                    <visible>!StringCompare(Control.GetLabel(4125),)</visible>
                    <align>center</align>
                    <aligny>center</aligny>
                </control>
            </control>

			<!-- Footer - Selected Programme information -->
			<control type="label" id="7025">
                <description>Station name</description>
                <left>640</left>
                <top>560</top>
                <width>200</width>
                <height>50</height>
                <textcolor>white</textcolor>
				<font>font13</font>
                <align>left</align>
                <visible>false</visible>
                <scroll>true</scroll>
            </control>
            <control type="image" id="7024">
                <description>Station logo</description>
                <top>590</top>
                <left>1030</left>
                <width>220</width>
                <height>120</height>
                <aspectratio>keep</aspectratio>
                <visible>false</visible>
            </control>
            <control type="label" id="7020">
                <description>Programme title</description>
                <left>30</left>
                <top>560</top>
                <width>700</width>
                <height>20</height>
                <textcolor>white</textcolor>
                <font>font13</font>
                <align>left</align>
                <visible>true</visible>
				<scroll>true</scroll>
            </control>
			<control type="image" id="7023">
                <description>Programme image</description>
                <top>590</top>
                <left>1030</left>
                <width>220</width>
                <height>120</height>
                <aspectratio>keep</aspectratio>
				<visible>true</visible>
            </control>
			<control type="image">
				<description>Programme image backup</description>
                <left>1030</left>
                <top>590</top>
                <width>220</width>
                <height>120</height>
                <aspectratio>keep</aspectratio>
                <texture>tv.png</texture>
                <visible>StringCompare(Control.GetLabel(7023),)</visible>
			</control>
			<control type="label" id="7021">
                <description>Programme scheduled time</description>
                <left>1010</left>
                <top>560</top>
                <width>240</width>
                <height>20</height>
                <textcolor>white</textcolor>
				<font>font13</font>
				<align>right</align>
			</control>
            <control type="textbox" id="7022">
                <description>Programme description</description>
                <left>30</left>
                <top>595</top>
                <width>990</width>
                <height>100</height>
                <textcolor>white</textcolor>
                <font>font13</font>
				<align>justify</align>
				<wrapmultiline>true</wrapmultiline>
                <autoscroll time="3600" delay="6000" repeat="6000">true</autoscroll>
            </control>
			<control type="progress" id="7026">
                <description>EPG -Progress bar</description>
				<left>30</left>
                <top>700</top>
                <width>990</width>
                <height>10</height>
                <lefttexture />
                <righttexture />
                <texturebg border="3" colordiffuse="">panel_trans.png</texturebg>
                <midtexture border="3" colordiffuse="ff00ffc6">panel.png</midtexture>
                <visible>IntegerGreaterThan(Control.GetLabel(7026),0)</visible>
            </control>

			<!-- Loading screen -->
            <control type="label" id="4200">
                <description>visibility marker for loading group</description>
            </control>
            <control type="group">
                <left>0</left>
                <top>0</top>
                <width>1280</width>
                <height>720</height>
                <visible>!Control.IsVisible(4200)</visible>
				<animation effect="fade" delay="1500">Visible</animation>
                <control type="button" id="4203">
                    <description>Loading - Cancel button</description>
					<left>575</left>
                    <top>475</top>
                    <width>1</width>
                    <height>1</height>
					<visible>true</visible>
                </control>
				<control type="image">
                    <description>Loading background</description>
                    <left>0</left>
                    <top>0</top>
                    <width>1280</width>
                    <height>720</height>
					<texture fallback="charcoal.jpg">charcoal2.jpg</texture>
                </control>
                <!-- mount image-->
				<control type="image">
					<description>Mount image</description>
					<left>0</left>
					<top>0</top>
					<width>1280</width>
					<height>720</height>
					<texture>black-back.png</texture>
					<visible>true</visible>
				</control>
                <control type="image">
                    <description>Loading - Spinning GIF</description>
                    <left>0</left>
                    <top>0</top>
                    <width>1280</width>
					<height>720</height>
                    <aspectratio>center</aspectratio>
                    <texture>loading.gif</texture>
                </control>
                <control type="label">
                    <description>Loading text</description>
                    <left>0</left>
                    <top>100</top>
                    <width>1280</width>
                    <height>100</height>
                    <label>$ADDON[script.tvguide.fullscreen 30001]</label>
                    <textcolor>white</textcolor>
                    <font>font30</font>
                    <align>center</align>
					<visible>false</visible>
                </control>
                <control type="progress" id="4201">
                    <description>Loading - Progress bar</description>
					<left>70</left>
                    <top>50</top>
                    <width>580</width>
                    <height>2</height>
                    <texturebg />
                    <lefttexture />
                    <midtexture>tvguide-aqua-progress.png</midtexture>
                    <righttexture />
					<visible>false</visible>
                </control>
                <control type="label" id="4202">
                    <description>Loading - Remaining time</description>
                    <left>70</left>
                    <top>50</top>
                    <width>600</width>
                    <height>50</height>
                    <label>...</label>
                    <textcolor>white</textcolor>
                    <font>font13</font>
					<visible>false</visible>
                    <aligny>center</aligny>
                </control>
				<control type="image">
                    <description>Loading - Cancel button image</description>
					<left>575</left>
                    <top>495</top>
                    <width>130</width>
                    <height>40</height>
					<texture>black.png</texture>
					<bordersize>1</bordersize>
					<bordertexture>aqua.png</bordertexture>
					<visible>true</visible>
                </control>
                <control type="label">
                    <description>Loading - Cancel button test</description>
					<left>540</left>
                    <top>500</top>
                    <width>200</width>
                    <height>30</height>
                    <label>$ADDON[script.tvguide.fullscreen 30008]</label>
                    <textcolor>cyan</textcolor>
					<align>center</align>
					<aligny>center</aligny>
					<visible>true</visible>
                    <font>font13</font>
                </control>
			</control>

			<!--Mouse control group -->
            <control type="label" id="4300">
                <description>visibility marker for mouse control group</description>
                <left>0</left>
                <top>0</top>
                <width>40</width>
                <height>40</height>
            </control>
            <control type="group">
				<description>Mouse controls</description>
                <visible>true</visible>
                <left>0</left>
                <top>550</top>
                <width>1280</width>
                <height>720</height>
                <visible>!Control.IsVisible(4300)</visible>
                <control type="label">
                    <description>Mouse control header note</description>
					<left>550</left>
                    <top>-545</top>
                    <width>180</width>
                    <height>30</height>
                    <label>$ADDON[script.tvguide.fullscreen 30005]</label>
                    <textcolor>yellow</textcolor>
					<focusedcolor>FF00FFC6</focusedcolor>
                    <font>font13</font>
                    <align>center</align>
                    <visible>true</visible>
                </control>
                <control type="label">
					<description>Mouse control tip</description>
                    <left>800</left>
                    <top>10</top>
                    <width>400</width>
                    <height>30</height>
                    <label>$ADDON[script.tvguide.fullscreen 30007]</label>
                    <textcolor>yellow</textcolor>
					<focusedcolor>FF00FFC6</focusedcolor>
                    <font>font13_title</font>
                    <align>center</align>
                    <visible>false</visible>
                </control>
                <control type="button" id="4303">
                    <description>Navigate up</description>
                    <left>440</left>
                    <top>10</top>
                    <width>60</width>
                    <height>30</height>
                    <textcolor>yellow</textcolor>
					<focusedcolor>FF00FFC6</focusedcolor>
                    <font>font13_title</font>
                    <label>^</label>
                    <aligny>center</aligny>
                    <align>center</align>
                    <texturefocus>-</texturefocus>
                    <texturenofocus>-</texturenofocus>
                </control>
				<control type="button" id="4304">
                    <description>Navigate down</description>
                    <left>500</left>
                    <top>10</top>
                    <width>60</width>
                    <height>30</height>
                    <textcolor>yellow</textcolor>
					<focusedcolor>FF00FFC6</focusedcolor>
                    <font>font13_title</font>
                    <label>v</label>
                    <aligny>center</aligny>
                    <align>center</align>
                    <texturefocus>-</texturefocus>
                    <texturenofocus>-</texturenofocus>
                </control>
				<control type="button" id="4302">
                    <description>Navigate left</description>
                    <left>560</left>
                    <top>10</top>
                    <width>60</width>
                    <height>30</height>
                    <textcolor>yellow</textcolor>
					<focusedcolor>FF00FFC6</focusedcolor>
                    <font>font13_title</font>
                    <label>&lt;</label>
					<align>center</align>
                    <texturefocus>-</texturefocus>
                    <texturenofocus>-</texturenofocus>
                </control>
				<control type="button" id="4301">
                    <description>Navigate to now</description>
                    <left>620</left>
                    <top>10</top>
                    <width>60</width>
                    <height>30</height>
                    <label>$ADDON[script.tvguide.fullscreen 30006]</label>
                    <textcolor>yellow</textcolor>
					<focusedcolor>FF00FFC6</focusedcolor>
                    <font>font13_title</font>
					<align>center</align>
                    <texturefocus>-</texturefocus>
                    <texturenofocus>-</texturenofocus>
                </control>
                <control type="button" id="4305">
                    <description>Navigate right</description>
                    <left>680</left>
                    <top>10</top>
                    <width>60</width>
                    <height>30</height>
                    <textcolor>yellow</textcolor>
					<focusedcolor>FF00FFC6</focusedcolor>
                    <font>font13_title</font>
                    <label>&gt;</label>
                    <aligny>center</aligny>
                    <align>center</align>
                    <texturefocus>-</texturefocus>
                    <texturenofocus>-</texturenofocus>
                </control>
                <control type="button" id="4306" >
                    <description>Exit</description>
                    <left>0</left>
                    <top>-550</top>
                    <width>30</width>
                    <height>30</height>
                    <textcolor>yellow</textcolor>
					<focusedcolor>FF00FFC6</focusedcolor>
                    <font>font13_title</font>
                    <label>X</label>
                    <aligny>center</aligny>
                    <align>center</align>
                    <texturefocus border="2">menu-grey-focus.png</texturefocus>
                    <texturenofocus border="2">menu-grey-focus.png</texturenofocus>
                    <visible>true</visible>
                </control>
            </control>
        </control>

		<!-- OSD layout - Now playing (all Next Programme layout needs work) -->
        <control type="label" id="6000">
            <description>visibility marker for OSD Info bar</description>
        </control>
		<!-- OSD header - Now playing -->
		<control type="group">
		<description>OSD Title Bar Information - Now playing</description>
            <top>0</top>
            <left>0</left>
            <width>1280</width>
            <height>100</height>
            <visible>!Control.IsVisible(6000)</visible>
			<animation effect="fade" start="20" time="200">VisibleChange</animation>
            <control type="image">
				<description>OSD header background - Now playing</description>
                <top>0</top>
                <left>0</left>
                <width>1280</width>
                <height>58</height>
                <texture>black-back.png</texture>
            </control>
			<control type="image">
				<description>Header Trim</description>
				<left>0</left>
				<top>58</top>
				<width>1280</width>
				<height>1</height>
				<texture>aqua.png</texture>
				<visible>true</visible>
			</control>
            <control type="label" id="6005">
                <description>Station call sign - Now playing</description>
                <left>60</left>
                <top>0</top>
                <width>300</width>
                <height>60</height>
                <textcolor>white</textcolor>
				<font>font13</font>
                <align>left</align>
				<aligny>center</aligny>
                <visible>StringCompare(Control.GetLabel(6004),)</visible>
            </control>
			<control type="label">
                <description>Current time - Now playing</description>
                <left>1030</left>
                <top>5</top>
                <width>240</width>
                <height>20</height>
				<align>right</align>
                <font>font13_title</font>
                <textcolor>white</textcolor>
                <label>$INFO[System.Time]</label>
            </control>
			<control type="image" id="6004">
                <description>Station logo - Now playing</description>
                <top>10</top>
                <left>10</left>
                <width>40</width>
                <height>40</height>
                <aspectratio>keep</aspectratio>
				<visible>true</visible>
            </control>
			<control type="image">
				<description>Station logo backup - Now playing</description>
                <left>10</left>
                <top>10</top>
                <width>40</width>
                <height>40</height>
                <aligny>top</aligny>
                <aspectratio>keep</aspectratio>
                <texture>antenna.png</texture>
                <visible>StringCompare(Control.GetLabel(6004),)</visible>
			</control>
			<control type="label">
				<description>Todays date - Now playing</description>
                <left>1000</left>
                <top>25</top>
				<width>270</width>
                <height>20</height>
                <textcolor>white</textcolor>
                <font>font12</font>
                <align>right</align>
                <visible>true</visible>
                <label>$INFO[System.Date]</label>
            </control>
			<control type="label">
				<description>Display current temperature</description>
				<left>1095</left>
				<top>5</top>
				<width>60</width>
				<height>20</height>
				<align>right</align>
				<font>font13_title</font>
				<textcolor>white</textcolor>
				<label>$INFO[Window(Weather).Property(Current.Temperature)]$INFO[System.TemperatureUnits]</label>
				<visible>Skin.HasSetting(show_weatherinfo) + Weather.IsFetched + ![String.IsEqual(Weather.FanartCode,na) + String.Contains(Weather.Conditions,/)]</visible>
			</control>
			<control type="image">
				<description>Display current weather icon</description>
				<left>1128</left>
				<top>1</top>
				<width>60</width>
				<height>35</height>
				<fadetime>300</fadetime>
				<aspectratio align="right">keep</aspectratio>
				<texture colordiffuse="button_focus">weather/small/$INFO[Weather.FanartCode].png</texture>
				<visible>Skin.HasSetting(show_weatherinfo) + Weather.IsFetched + ![String.IsEqual(Weather.FanartCode,na) + String.Contains(Weather.Conditions,/)]</visible>
			</control>
        </control>
		<!-- OSD footer - Now playing -->
        <control type="group">
            <description>OSD Programme Information - Now playing</description>
            <left>20</left>
            <top>550</top>
            <width>1240</width>
            <height>220</height>
            <visible>!Control.IsVisible(6000)</visible>
            <animation effect="fade" start="20" time="200">VisibleChange</animation>
            <control type="image">
                <description>OSD footer backgroud - Now playing</description>
				<left>0</left>
                <top>0</top>
                <width>1240</width>
                <height>220</height>
                <texture>black-back.png</texture>
            </control>
			<control type="image">
                <description>Footer Top Trim</description>
                <left>0</left>
                <top>0</top>
                <width>1240</width>
                <height>1</height>
                <texture>aqua.png</texture>
				<visible>true</visible>
            </control>
			<control type="image">
                <description>Footer Left Trim</description>
                <left>0</left>
                <top>0</top>
                <width>1</width>
                <height>220</height>
                <texture>aqua.png</texture>
				<visible>true</visible>
            </control>
			<control type="image">
                <description>Footer Right Trim</description>
                <left>1240</left>
                <top>0</top>
                <width>1</width>
                <height>220</height>
                <texture>aqua.png</texture>
				<visible>true</visible>
            </control>
            <control type="label" id="6001">
                <description>Programme title - Now playing</description>
                <left>10</left>
                <top>10</top>
                <width>400</width>
                <height>20</height>
                <label>[B]Title[/B]</label>
                <textcolor>white</textcolor>
				    <font>font13</font>
            </control>
            <control type="label" id="6002">
                <description>Programme time - Now playing</description>
                <left>990</left>
                <top>10</top>
                <width>240</width>
                <height>20</height>
                <label>[B]18:00 - 20:00[/B]</label>
                <textcolor>white</textcolor>
				    <font>font13</font>
				<align>right</align>
            </control>
            <control type="textbox" id="6003">
                <description>Programme description - Now playing</description>
                <left>10</left>
                <top>45</top>
                <width>990</width>
                <height>100</height>
                <label>Description</label>
                <textcolor>white</textcolor>
                <font>font13</font>
				<align>justify</align>
                <wrapmultiline>true</wrapmultiline>
                <autoscroll time="3600" delay="6000" repeat="6000">true</autoscroll>
            </control>
			<control type="progress" id="6011">
                <description>OSD - Progress bar - Now playing</description>
				<left>10</left>
                <top>150</top>
                <width>990</width>
                <height>10</height>
                <lefttexture />
                <righttexture />
                <texturebg border="3" colordiffuse="">panel_trans.png</texturebg>
                <midtexture border="3" colordiffuse="ff00ffc6">panel.png</midtexture>
                <visible>IntegerGreaterThan(Control.GetLabel(6011),0)</visible>
            </control>
			<control type="image" id="6006">
                <description>Programme image - Now playing</description>
                <top>40</top>
                <left>1010</left>
                <width>220</width>
                <height>120</height>
                <aspectratio>keep</aspectratio>
                <visible>true</visible>
            </control>
			<control type="image">
				<description>Programme image backup - Now playing</description>
                <top>40</top>
				<left>1010</left>
                <width>220</width>
                <height>120</height>
                <aspectratio>keep</aspectratio>
                <texture>tv.png</texture>
                <visible>StringCompare(Control.GetLabel(6006),)</visible>
			</control>
            <control type="textbox" id="6007">
                <description>OSD - Next Programme description - Now playing</description>
                <left>1045</left>
                <top>45</top>
                <width>220</width>
                <height>100</height>
                <label>Description</label>
                <textcolor>white</textcolor>
                <font>font12</font>
				<align>justify</align>
                <wrapmultiline>true</wrapmultiline>
                <autoscroll time="3600" delay="6000" repeat="6000">true</autoscroll>
                <visible>false</visible>
            </control>
            <control type="label" id="6008">
                <description>OSD - Next Programme title - Now playing</description>
                <left>1045</left>
                <top>1</top>
                <width>220</width>
                <height>50</height>
                <label>[B]Title[/B]</label>
                <textcolor>white</textcolor>
                <font>font13_title</font>
                <aligny>center</aligny>
                <visible>false</visible>
            </control>
            <control type="label" id="6009">
                <description>OSD - Next Programme time - Now playing</description>
                <left>1045</left>
                <top>190</top>
                <width>220</width>
                <height>50</height>
                <label>[B]18:00 - 20:00[/B]</label>
                <textcolor>white</textcolor>
                <font>font12</font>
                <align>left</align>
                <aligny>top</aligny>
                <visible>false</visible>
            </control>
			<control type="image" id="6010">
                <description>OSD - Next Programme image - Now playing</description>
                <left>1045</left>
                <top>50</top>
                <width>220</width>
                <height>124</height>
                <aspectratio>keep</aspectratio>
                <texture>-</texture>
                <visible>false</visible>
            </control>
		</control>

		<!-- OSD layout - Last played (all Next Programme layout needs work) -->
		<control type="label" id="8000">
            <description>visibility marker for last played OSD Info bar</description>
        </control>
		<!-- OSD header - Last Played-->
		<control type="group">
		<description>OSD Title Bar Information - Last played</description>
            <top>0</top>
            <left>0</left>
            <width>1280</width>
            <height>100</height>
            <visible>!Control.IsVisible(8000)</visible>
            <animation effect="fade" start="20" time="200">VisibleChange</animation>
            <control type="image">
                <description>OSD header background - Last played</description>
				<top>0</top>
                <left>0</left>
                <width>1280</width>
                <height>58</height>
                <texture>black-back.png</texture>
            </control>
			<control type="image">
				<description>Header Trim</description>
				<left>0</left>
				<top>58</top>
				<width>1280</width>
				<height>1</height>
				<texture>aqua.png</texture>
				<visible>true</visible>
			</control>
            <control type="label" id="8005">
                <description>Station call sign - Last played</description>
                <left>60</left>
                <top>10</top>
                <width>300</width>
                <height>40</height>
                <textcolor>white</textcolor>
				    <font>font13</font>
                <align>left</align>
				<aligny>center</aligny>
                <visible>StringCompare(Control.GetLabel(8004),)</visible>
            </control>
			<control type="label">
                <description>Current time - Last played</description>
                <left>1030</left>
                <top>10</top>
                <width>240</width>
                <height>20</height>
				<align>right</align>
                <font>font13_title</font>
                <textcolor>white</textcolor>
                <label>$INFO[System.Time]</label>
				<animation effect="fade" start="20" time="200">VisibleChange</animation>
            </control>
			<control type="image" id="8004">
                <description>Station logo - Last played</description>
                <top>10</top>
                <left>10</left>
                <width>40</width>
                <height>40</height>
                <aspectratio>keep</aspectratio>
				<visible>true</visible>
            </control>
			<control type="image">
				<description>Station logo backup - Last played</description>
                <left>10</left>
                <top>10</top>
                <width>40</width>
                <height>40</height>
                <aligny>top</aligny>
                <aspectratio>keep</aspectratio>
                <texture>antenna.png</texture>
                <visible>StringCompare(Control.GetLabel(8004),)</visible>
			</control>
			<control type="label">
				<description>Todays date - Last played</description>
                <left>1000</left>
                <top>30</top>
				<width>270</width>
                <height>20</height>
                <textcolor>white</textcolor>
                    <font>font12</font>
                <align>right</align>
                <visible>true</visible>
                <label>$INFO[System.Date]</label>
            </control>
        </control>
		<!-- OSD footer - Last Played-->
        <control type="group">
            <description>OSD Programme Information - Last played</description>
            <left>20</left>
            <top>550</top>
            <width>1240</width>
            <height>220</height>
            <visible>!Control.IsVisible(8000)</visible>
            <animation effect="fade" start="20" time="200">VisibleChange</animation>
            <control type="image">
				<description>OSD footer background - Last played</description>
                <left>0</left>
                <top>0</top>
                <width>1240</width>
                <height>220</height>
                <texture>black-back.png</texture>
            </control>
			<control type="image">
                <description>Footer Top Trim</description>
                <left>0</left>
                <top>0</top>
                <width>1240</width>
                <height>1</height>
                <texture>aqua.png</texture>
				<visible>true</visible>
            </control>
            <control type="label" id="8001">
                <description>Programme title - Last played</description>
                <left>10</left>
                <top>10</top>
                <width>400</width>
                <height>20</height>
                <label>[B]Title[/B]</label>
                <textcolor>white</textcolor>
				    <font>font13</font>
            </control>
            <control type="label" id="8002">
                <description>Programme time - Last played</description>
                <left>990</left>
                <top>10</top>
                <width>240</width>
                <height>20</height>
                <label>[B]18:00 - 20:00[/B]</label>
                <textcolor>white</textcolor>
				    <font>font13</font>
				<align>right</align>
            </control>
            <control type="textbox" id="8003">
                <description>Programme description - Last played</description>
                <left>10</left>
                <top>45</top>
                <width>990</width>
                <height>100</height>
                <label>Description</label>
                <textcolor>white</textcolor>
                <font>font13</font>
				<align>justify</align>
                <wrapmultiline>true</wrapmultiline>
                <autoscroll time="3600" delay="6000" repeat="6000">true</autoscroll>
            </control>
			<control type="progress" id="8011">
                <description>Progress bar - Last played</description>
				<left>10</left>
                <top>150</top>
                <width>990</width>
                <height>10</height>
                <lefttexture />
                <righttexture />
                <texturebg border="3" colordiffuse="">panel_trans.png</texturebg>
                <midtexture border="3" colordiffuse="ff00ffc6">panel.png</midtexture>
                <visible>IntegerGreaterThan(Control.GetLabel(8011),0)</visible>
            </control>
			<control type="image" id="8006">
                <description>Programme image - Last played</description>
                <top>40</top>
                <left>1010</left>
                <width>220</width>
                <height>120</height>
                <aspectratio>keep</aspectratio>
                <visible>true</visible>
            </control>
			<control type="image">
				<description>Programme image backup - Last played</description>
                <top>40</top>
				<left>1010</left>
                <width>220</width>
                <height>120</height>
                <aspectratio>keep</aspectratio>
                <texture>tv.png</texture>
                <visible>StringCompare(Control.GetLabel(8006),)</visible>
			</control>
            <control type="textbox" id="8007">
                <description>Next Programme description - Last played</description>
                <left>1045</left>
                <top>45</top>
                <width>220</width>
                <height>100</height>
                <label>Description</label>
                <textcolor>white</textcolor>
                <font>font12</font>
				<align>justify</align>
                <wrapmultiline>true</wrapmultiline>
                <autoscroll time="3600" delay="6000" repeat="6000">true</autoscroll>
                <visible>false</visible>
            </control>
            <control type="label" id="8008">
                <description>Next Programme title - Last played</description>
                <left>1045</left>
                <top>1</top>
                <width>220</width>
                <height>50</height>
                <label>[B]Title[/B]</label>
                <textcolor>white</textcolor>
                <font>font13_title</font>
                <aligny>center</aligny>
                <visible>false</visible>
            </control>
            <control type="label" id="8009">
                <description>Next Programme time - Last played</description>
                <left>1045</left>
                <top>190</top>
                <width>220</width>
                <height>50</height>
                <label>[B]18:00 - 20:00[/B]</label>
                <textcolor>white</textcolor>
                <font>font12</font>
                <align>left</align>
                <aligny>top</aligny>
                <visible>false</visible>
            </control>
			<control type="image" id="8010">
                <description>Next Programme image - Last played</description>
                <left>1045</left>
                <top>50</top>
                <width>220</width>
                <height>124</height>
                <aspectratio>keep</aspectratio>
                <texture>-</texture>
                <visible>false</visible>
            </control>
		</control>

		<!-- OSD layout - Up Next (all Next Programme layout needs work) -->
        <control type="label" id="9000">
            <description>visibility marker for Up Next</description>
        </control>
		<!-- OSD code- Up Next-->
        <control type="group">
            <description>Up Next</description>
            <left>700</left>
            <top>550</top>
            <width>580</width>
            <height>170</height>
            <visible>!Control.IsVisible(9000)</visible>
            <animation effect="fade" start="20" time="200">VisibleChange</animation>
            <control type="image">
				<description>OSD header background - Up Next</description>
                <left>0</left>
                <top>0</top>
                <width>580</width>
                <height>170</height>
                <texture>black-back.png</texture>
            </control>

			<!-- Current programme details -->
            <control type="label" id="9005">
                <description>Station call sign - Up Next</description>
                <left>252</left>
                <top>60</top>
                <width>255</width>
                <height>45</height>
                <textcolor>white</textcolor>
                <font>font24_title</font>
                <align>right</align>
				<visible>false</visible>
            </control>
			<control type="label" id="9001">
                <description>Current programme title - Up Next</description>
                <left>1045</left>
                <top>19</top>
                <width>220</width>
                <height>50</height>
                <label>[B]Title[/B]</label>
                <textcolor>bbffffff</textcolor>
                <font>font12</font>
                <align>left</align>
                <aligny>center</aligny>
				<visible>false</visible>
            </control>
            <control type="textbox" id="9003">
                <description>Current programme description - Up Next</description>
                <left>1045</left>
                <top>45</top>
                <width>220</width>
                <height>124</height>
                <label>Description</label>
                <textcolor>white</textcolor>
                <font>font12</font>
				<align>justify</align>
                <wrapmultiline>true</wrapmultiline>
                <visible>false</visible>
                <autoscroll time="2000" delay="1000" repeat="6000">true</autoscroll>
            </control>
            <control type="image" id="9006">
                <description>Current programme image - Up Next</description>
                <left>1045</left>
                <top>60</top>
                <width>220</width>
                <height>120</height>
                <aspectratio>keep</aspectratio>
				<visible>false</visible>
                <texture>-</texture>
            </control>
			<control type="image">
				<description>Current programme image backup - Up Next</description>
                <top>60</top>
				<left>1045</left>
                <width>220</width>
                <height>120</height>
                <aspectratio>keep</aspectratio>
                <texture>tv.png</texture>
                <visible>false</visible>
				<!-- <visible>StringCompare(Control.GetLabel(9006),)</visible> -->
			</control>
            <control type="label" id="9002">
                <description>Current programme time - Up Next</description>
                <left>1045</left>
                <top>185</top>
                <width>220</width>
                <height>50</height>
                <label>[B]18:00 - 20:00[/B]</label>
                <textcolor>bbffffff</textcolor>
                <font>font12</font>
                <align>left</align>
                <aligny>top</aligny>
				<visible>false</visible>
            </control>

			<!-- Up Next -->
            <control type="label">
                <description>Up Next label - Up Next</description>
                <left>10</left>
                <top>10</top>
                <width>85</width>
                <height>20</height>
                <label>Up Next:</label>
                <textcolor>ff00ffc6</textcolor>
                <font>font13</font>
				<visible>true</visible>
            </control>
			<control type="label" id="9008">
                <description>Up Next Programme title - Up Next</description>
                <left>95</left>
                <top>10</top>
                <width>465</width>
                <height>20</height>
                <label>[B]Title[/B]</label>
                <textcolor>ff00ffc6</textcolor>
                <font>font13</font>
				<scroll>true</scroll>
            </control>
			<control type="label" id="9012">
                <description>Up Next countdown - Up Next</description>
				<top>10</top>
                <left>485</left>
                <width>85</width>
				<height>20</height>
                <align>right</align>
                <height>40</height>
                <textcolor>ff00ffc6</textcolor>
                <font>font13</font>
                <visible>false</visible>
            </control>
            <control type="label" id="9009">
                <description>Up Next programme time - Up Next</description>
                <left>230</left>
                <top>10</top>
                <width>220</width>
                <height>20</height>
                <label>[B]18:00 - 20:00[/B]</label>
                <textcolor>white</textcolor>
				    <font>font13</font>
				<align>right</align>
				<visible>false</visible>
            </control>
            <control type="textbox" id="9007">
                <description>Up Next programme description - Up Next</description>
                <left>10</left>
                <top>45</top>
                <width>330</width>
                <height>120</height>
                <textcolor>white</textcolor>
                <font>font13</font>
				<align>justify</align>
                <wrapmultiline>true</wrapmultiline>
				<autoscroll time="3600" delay="1000" repeat="3000">true</autoscroll>
            </control>
			<control type="image" id="9010">
                <description>Up Next Programme image - Up Next</description>
                <top>40</top>
                <left>350</left>
                <width>220</width>
                <height>120</height>
                <aspectratio>keep</aspectratio>
				<align>center</align>
                <visible>true</visible>
            </control>
			<control type="image">
				<description>Programme image backup - Up Next</description>
                <top>40</top>
				<left>350</left>
                <width>220</width>
                <height>120</height>
                <aspectratio>keep</aspectratio>
                <texture>tv.png</texture>
                <visible>StringCompare(Control.GetLabel(9010),)</visible>
			</control>
			<control type="progress" id="9011">
                <description>Progress bar - Up Next</description>
				<left>590</left>
                <top>42</top>
                <width>430</width>
                <height>7</height>
                <lefttexture/>
                <righttexture/>
                <texturebg border="3" colordiffuse="">panel.png</texturebg>
                <midtexture border="3" colordiffuse="FF00ff48">panel.png</midtexture>
                <visible>false</visible>
            </control>
            <control type="image" id="9004">
                <description>Station logo - Up Next</description>
                <left>5</left>
                <top>160</top>
                <width>247</width>
                <height>45</height>
                <aspectratio align="right" aligny="bottom">keep</aspectratio>
				<visible>false</visible>
            </control>
        </control>

		<!--Quick EPG -->
		<control type="label" id="10000">
            <description>visibility marker for Quick TV Guide group</description>
        </control>
        <control type="group">
            <description>Quick EPG layout</description>
            <left>0</left>
            <top>600</top>
            <width>1280</width>
            <height>280</height>
            <visible>!Control.IsVisible(10000)</visible>
            <control type="button" id="10001">
                <description>marker for EPG data view - should be hidden!</description>
                <left>180</left>
                <top>600</top>
                <width>1100</width>
                <height>120</height>
                <visible>false</visible>
            </control>
            <control type="image">
                <description>Quick EPG background</description>
                <left>0</left>
                <top>0</top>
                <width>1280</width>
                <height>120</height>
                <texture>-</texture>
                <visible>!Control.IsVisible(14200)</visible>
                <aspectratio>scale</aspectratio>
            </control>
            <control type="image" id="14601">
                <description>Quick EPG header background</description>
                <left>0</left>
                <top>-60</top>
                <width>1280</width>
                <height>58</height>
                <texture>black-back.png</texture>
                <aspectratio>-</aspectratio>
                <align>center</align>
                <aligny>center</aligny>
                <fadetime>200</fadetime>
            </control>
            <control type="image" id="14602">
                <description>Quick EPG footer background</description>
                <left>0</left>
                <top>450</top>
                <width>1280</width>
                <height>220</height>
                <texture>black-back.png</texture>
                <aspectratio>-</aspectratio>
                <align>center</align>
                <aligny>center</aligny>
                <fadetime>200</fadetime>
                <visible>false</visible>
            </control>

            <control type="image" id="14100">
                <description>Quick EPG time bar</description>
                <left>180</left>
                <top>0</top>
                <width>-4</width>
                <height>116</height>
                <texture>aqua.png</texture>
            </control>

            <!-- Quick EPG - Date and time row -->
            <control type="group">
                <left>0</left>
                <top>-40</top>
                <width>1280</width>
                <height>40</height>
                <visible>!Control.IsVisible(10000)</visible>
                <control type="label" id="14000">
                    <description>Quick EPG - Displays EPG day</description>
                    <left>0</left>
                    <top>0</top>
                    <width>180</width>
                    <height>60</height>
                    <textcolor>white</textcolor>
                            <font>font13_title</font>
                    <align>center</align>
                    <visible>true</visible>
                </control>
                <control type="label">
                    <description>Quick EPG - Displays todays date</description>
                    <left>1000</left>
                    <top>10</top>
                    <width>270</width>
                    <height>20</height>
                    <textcolor>white</textcolor>
                            <font>font12</font>
                    <align>right</align>
                    <visible>true</visible>
                    <label>$INFO[System.Date(DDD)], $INFO[System.Date(dd)] $INFO[System.Date(MMM)]</label>
                </control>
                <control type="label">
                    <description>Quick EPG - Display current time</description>
                    <left>1030</left>
                    <top>-10</top>
                    <width>240</width>
                    <height>20</height>
                    <align>right</align>
                    <aligny>center</aligny>
                    <font>font13_title</font>
                    <textcolor>white</textcolor>
                    <label>$INFO[System.Time(hh:mm)]</label>
                    <animation effect="slide" start="0,0" end="-40,0" time="75" condition="Window.IsVisible(Mutebug)">conditional</animation>
                </control>
                <control type="label" id="14001">
                    <description>1st half hour column</description>
                    <left>180</left>
                    <top>2</top>
                    <width>270</width>
                    <height>20</height>
                    <textcolor>white</textcolor>
                    <font>font13</font>
                </control>
                <control type="label" id="14002">
                    <description>2nd half hour column</description>
                    <left>455</left>
                    <top>2</top>
                    <width>270</width>
                    <height>20</height>
                    <textcolor>white</textcolor>
                    <font>font13</font>
					<visible>false</visible>
                </control>
                <control type="label" id="14003">
                    <description>3rd half hour column</description>
                    <left>730</left>
                    <top>2</top>
                    <width>270</width>
                    <height>20</height>
                    <textcolor>white</textcolor>
                    <font>font13</font>
                </control>
                <control type="label" id="14004">
                    <description>4th half hour column</description>
                    <left>1005</left>
                    <top>2</top>
                    <width>270</width>
                    <height>20</height>
                    <textcolor>white</textcolor>
                    <font>font13</font>
					<visible>false</visible>
                </control>
            </control>

            <!-- Channels column -->
            <control type="group">
                <left>0</left>
                <top>0</top>
                <width>180</width>
                <height>120</height>
                <visible>!Control.IsVisible(10000)</visible>

                <!-- logo images backgrounds -->
                <control type="image" id="14210">
                    <description>1st channel</description>
                    <left>-10000</left>
                    <top>0</top>
                    <width>176</width>
                    <height>40</height>
                    <aspectratio>stretch</aspectratio>
                    <visible>Control.IsVisible(14010)|Control.IsVisible(14110)</visible>
                    <align>center</align>
                    <aligny>center</aligny>
                    <texture>black-back.png</texture>
                </control>
                <control type="image" id="14211">
                    <description>2nd channel</description>
                    <left>-10000</left>
                    <top>40</top>
                    <width>176</width>
                    <height>40</height>
                    <aspectratio>stretch</aspectratio>
                    <visible>Control.IsVisible(14011)|Control.IsVisible(14111)</visible>
                    <align>center</align>
                    <aligny>center</aligny>
                    <texture>black-back.png</texture>
                </control>
                <control type="image" id="14212">
                    <description>3rd channel</description>
                    <left>-10000</left>
                    <top>80</top>
                    <width>176</width>
                    <height>40</height>
                    <aspectratio>stretch</aspectratio>
                    <visible>Control.IsVisible(14012)|Control.IsVisible(14112)</visible>
                    <align>center</align>
                    <aligny>center</aligny>
                    <texture>black-back.png</texture>
                </control>

                <!-- text labels -->
                <control type="label" id="14010">
                    <description>1st channel</description>
                    <left>2</left>
                    <top>0</top>
                    <width>176</width>
                    <height>40</height>
                    <textcolor>ddffffff</textcolor>
                    <font>font13_title</font>
                    <align>center</align>
                    <aligny>center</aligny>
                    <visible>StringCompare(Control.GetLabel(14110),)</visible>
                </control>
                <control type="label" id="14011">
                    <description>2nd channel</description>
                    <left>2</left>
                    <top>40</top>
                    <width>176</width>
                    <height>40</height>
                    <textcolor>ddffffff</textcolor>
                    <font>font13_title</font>
                    <align>center</align>
                    <aligny>center</aligny>
                    <visible>StringCompare(Control.GetLabel(14111),)</visible>
                </control>
                <control type="label" id="14012">
                    <description>3rd channel</description>
                    <left>2</left>
                    <top>80</top>
                    <width>176</width>
                    <height>40</height>
                    <textcolor>ddffffff</textcolor>
                    <font>font13_title</font>
                    <align>center</align>
                    <aligny>center</aligny>
                    <visible>StringCompare(Control.GetLabel(14112),)</visible>
                </control>

                <!-- logo images -->
                <control type="image" id="14110">
                    <description>1st channel</description>
                    <left>2</left>
                    <top>0</top>
                    <width>176</width>
                    <height>40</height>
                    <aspectratio>keep</aspectratio>
                    <visible>!StringCompare(Control.GetLabel(14110),)</visible>
                    <align>center</align>
                    <aligny>center</aligny>
                </control>
                <control type="image" id="14111">
                    <description>2nd channel</description>
                    <left>2</left>
                    <top>40</top>
                    <width>176</width>
                    <height>40</height>
                    <aspectratio>keep</aspectratio>
                    <visible>!StringCompare(Control.GetLabel(14111),)</visible>
                    <align>center</align>
                    <aligny>center</aligny>
                </control>
                <control type="image" id="14112">
                    <description>3rd channel</description>
                    <left>2</left>
                    <top>80</top>
                    <width>176</width>
                    <height>40</height>
                    <aspectratio>keep</aspectratio>
                    <visible>!StringCompare(Control.GetLabel(14112),)</visible>
                    <align>center</align>
                    <aligny>center</aligny>
                </control>

            </control>

            <control type="label" id="17020">
                <description>Programme title</description>
                <left>500</left>
                <top>460</top>
                <width>620</width>
                <height>50</height>
                <textcolor>eeffffff</textcolor>
                <font>font14</font>
                <align>center</align>
                <aligny>top</aligny>
                <visible>false</visible>
            </control>

            <control type="label" id="17025">
                <description>Channel name</description>
                <left>360</left>
                <top>460</top>
                <width>160</width>
                <height>50</height>
                <textcolor>ccffffff</textcolor>
                <font>font13</font>
                <align>left</align>
                <aligny>top</aligny>
                <visible>false</visible>
            </control>

            <control type="image" id="170244">
                <description>Channel logo</description>
                <left>360</left>
                <top>462</top>
                <width>160</width>
                <height>40</height>
                <align>left</align>
                <aspectratio align="left">keep</aspectratio>
                <fadetime>500</fadetime>
                <texture>$INFO[Control.GetLabel(7024)]</texture>
                <visible>false</visible>
            </control>
            <control type="label" id="17021">
                <description>Programme time</description>
                <left>1260</left>
                <top>460</top>
                <width>1090</width>
                <height>50</height>
                <textcolor>ccffffff</textcolor>
                <font>font13</font>
                <align>right</align>
                <aligny>top</aligny>
                <visible>false</visible>
            </control>

            <control type="textbox" id="17022">
                <description>Programme description</description>
                <left>360</left>
                <top>519</top>
                <width>898</width>
                <height>142</height>
                <textcolor>white</textcolor>
                <font>font13</font>
				<align>justify</align>
                <wrapmultiline>true</wrapmultiline>
                <visible>false</visible>
            </control>

            <control type="image" id="17023">
                <description>Programme logo / Source logo</description>
                <left>2</left>
                <top>260r</top>
                <width>350</width>
                <height>197</height>
                <aligny>top</aligny>
                <aspectratio>keep</aspectratio>
                <fadetime>500</fadetime>
                <texture>-</texture>
                <visible>false</visible>
            </control>

            <control type="image" id="17024">
                <description>Channel logo</description>
                <left>5</left>
                <top>620</top>
                <width>100</width>
                <height>35</height>
                <align>left</align>
                <aspectratio align="left">keep</aspectratio>
                <fadetime>500</fadetime>
                <visible>false</visible>
            </control>

			<!-- Quick EPG -->
            <control type="image">
                <description>background</description>
                <left>0</left>
                <top>-160</top>
                <width>1280</width>
                <height>30</height>
                <texture>black-back.png</texture>
                <visible>Control.IsVisible(17022)</visible>
            </control>

            <control type="label" id="17020">
                <description>Program title</description>
                <left>20</left>
                <top>-160</top>
                <width>1240</width>
                <height>30</height>
                <textcolor>white</textcolor>
                <font>font14</font>
                <align>left</align>
                <aligny>center</aligny>
                <visible>Control.IsVisible(17022)</visible>
            </control>

            <control type="label" id="17021">
                <description>Program time</description>
                <left>0</left>
                <top>-160</top>
                <width>1260</width>
                <height>30</height>
                <textcolor>white</textcolor>
                <font>font13</font>
                <align>right</align>
                <aligny>center</aligny>
                <visible>Control.IsVisible(17022)</visible>
            </control>

            <control type="label" id="17025">
                <description>Channel name</description>
                <left>20</left>
                <top>-160</top>
                <width>1240</width>
                <height>30</height>
                <textcolor>white</textcolor>
                <font>font13</font>
                <align>left</align>
                <aligny>center</aligny>
                <visible>false</visible>
            </control>

            <control type="image">
                <description>background</description>
                <left>0</left>
                <top>-130</top>
                <width>1280</width>
                <height>70</height>
                <texture>black-back.png</texture>
                <visible>Control.IsVisible(17022)</visible>
            </control>

            <control type="textbox" id="17022">
                <description>Program description</description>
                <left>20</left>
                <top>-123</top>
                <width>1240</width>
                <height>50</height>
                <textcolor>white</textcolor>
                <font>font13</font>
                <wrapmultiline>true</wrapmultiline>
            </control>

        </control>
    </controls>
</window>
