<?xml version="1.0" encoding="utf-8"?>
<window type="dialog">
    <allowoverlay>no</allowoverlay>
    <defaultcontrol always="false">4000</defaultcontrol>
    <coordinates>
        <system>1</system>
        <posx>0</posx>
        <posy>0</posy>
    </coordinates>

    <controls>

        <control type="image">
            <posx>0</posx>
            <posy>0</posy>
            <width>1280</width>
            <height>720</height>
            <texture>black.png</texture>
            <visible>true</visible>
        </control>
        <control type="image">
            <posx>150</posx>
            <posy>100</posy>
            <width>1010</width>
            <height>510</height>
            <texture>menu.png</texture>
            <visible>false</visible>
        </control>

        <control type="image">
            <description>category background</description>
            <posx>10</posx>
            <posy>10</posy>
            <width>220</width>
            <height>700</height>
            <texture>grey.png</texture>
            <visible>true</visible>
        </control>
        <control type="image">
            <description>category background</description>
            <posx>12</posx>
            <posy>12</posy>
            <width>216</width>
            <height>696</height>
            <texture>black-back.png</texture>
            <visible>true</visible>
        </control>

        <control type="image">
            <description>top buttons mount</description>
            <posx>275</posx>
            <posy>10</posy>
            <width>220</width>
            <height>700</height>
            <texture>grey.png</texture>
            <visible>true</visible>
        </control>
        <control type="image">
            <description>top button background</description>
            <posx>277</posx>
            <posy>12</posy>
            <width>216</width>
            <height>696</height>
            <texture>black-back.png</texture>
            <visible>true</visible>
        </control>

        <control type="button" id="80003">
            <description>add category</description>
            <posx>20</posx>
            <posy>25</posy>
            <width>200</width>
            <height>40</height>
            <texturefocus>tvg-button-focus.png</texturefocus>
            <texturenofocus>tvg-button-nofocus.png</texturenofocus>
            <onup>-</onup>
            <ondown>7004</ondown>
            <onright>4006</onright>
            <align>center</align>
            <aligny>center</aligny>
            <font>font13</font>
            <textcolor>white</textcolor>
			<focusedcolor>cyan</focusedcolor>
            <label>Add Category</label>
            <visible>true</visible>
        </control>

        <control type="list" id="7004">
            <description>categories</description>
            <left>20</left>
            <top>125</top>
            <width>1280</width>
            <height>720</height>
            <visible>true</visible>
            <onup>80003</onup>
            <ondown>4006</ondown>
            <onleft>1</onleft>
            <onright>4006</onright>
            <viewtype label="3D list">list</viewtype>
            <orientation>vertical</orientation>

            <itemlayout width="200" height="50">
                <control type="image">
                    <posx>0</posx>
                    <posy>0</posy>
                    <width>200</width>
                    <height>40</height>
                    <texture>tvg-button-nofocus.png</texture>
                    <visible>true</visible>
                </control>
                <control type="label">
                    <left>0</left>
                    <top>0</top>
                    <width>200</width>
                    <height>40</height>
                    <font>font13</font>
                    <align>center</align>
                    <aligny>center</aligny>
                    <textcolor>white</textcolor>
                    <selectedcolor>red</selectedcolor>
                    <align>left</align>
                    <info>ListItem.Label</info>
                </control>
            </itemlayout>
            <focusedlayout height="50" width="200">
                <control type="image">
                    <posx>0</posx>
                    <posy>0</posy>
                    <width>200</width>
                    <height>40</height>
                    <texture>tvg-button-focus.png</texture>
                    <visible>true</visible>
                </control>
                <control type="image">
                    <posx>0</posx>
                    <posy>0</posy>
                    <width>200</width>
                    <height>40</height>
                    <texture>tvg-button-focus.png</texture>
                    <visible>Control.HasFocus(7004)</visible>
                </control>
                <control type="label">
                    <left>0</left>
                    <top>0</top>
                    <width>200</width>
                    <height>40</height>
                    <font>font13</font>
                    <align>center</align>
                    <aligny>center</aligny>
                    <textcolor>white</textcolor>
                    <selectedcolor>red</selectedcolor>
                    <align>left</align>
                    <info>ListItem.Label</info>
                </control>
                <control type="label">
                    <left>0</left>
                    <top>0</top>
                    <width>200</width>
                    <height>40</height>
                    <font>font13</font>
                    <align>center</align>
                    <aligny>center</aligny>
                    <textcolor>cyan</textcolor>
                    <selectedcolor>red</selectedcolor>
                    <align>left</align>
                    <info>ListItem.Label</info>
                    <visible>Control.HasFocus(7004)</visible>
                </control>
            </focusedlayout>
        </control>

        <control type="image">
            <description>program background</description>
            <posx>540</posx>
            <posy>10</posy>
            <width>730</width>
            <height>700</height>
            <texture>grey.png</texture>
            <visible>true</visible>
        </control>
        <control type="image">
            <description>program background</description>
            <posx>542</posx>
            <posy>12</posy>
            <width>726</width>
            <height>696</height>
            <texture>black-back.png</texture>
            <visible>true</visible>
        </control>
        <control type="image" id="7002">
            <description>program image</description>
            <posx>555</posx>
            <posy>428</posy>
            <width>700</width>
            <height>260</height>
            <align>left</align>
            <aligny>top</aligny>
            <aspectratio>keep</aspectratio>
            <texture>-</texture>
        </control>

        <control type="label" id="7001">
            <description>program title</description>
            <posx>550</posx>
            <posy>50</posy>
            <width>710</width>
            <height>50</height>
            <textcolor>white</textcolor>
            <font>font13_title</font>
            <align>left</align>
            <aligny>top</aligny>
            <label/>
        </control>

        <control type="label" id="7000">
            <description>program description</description>
            <posx>550</posx>
            <posy>80</posy>
            <width>710</width>
            <height>300</height>
            <textcolor>white</textcolor>
            <font>font13</font>
            <align>left</align>
            <aligny>top</aligny>
            <wrapmultiline>true</wrapmultiline>
			<autoscroll time="3600" delay="6000" repeat="6000">true</autoscroll>
            <label/>
        </control>

        <control type="label" id="4101">
			<description>channel title</description>
            <posx>550</posx>
            <posy>10</posy>
            <width>240</width>
            <height>50</height>
            <align>left</align>
            <aligny>center</aligny>
            <font>font13_title</font>
            <textcolor>white</textcolor>
            <visible>true</visible>
            <label>-</label>
        </control>
        <control type="image" id="4100">
            <description>channel logo</description>
            <posx>275</posx>
            <posy>80r</posy>
            <width>220</width>
            <height>60</height>
            <align>center</align>
            <aligny>center</aligny>
            <aspectratio>keep</aspectratio>
            <visible>true</visible>
        </control>

        <control type="button" id="4006">
            <!-- super favourites -->
            <posx>285</posx>
            <posy>25</posy>
            <width>200</width>
            <height>40</height>
            <texturefocus>tvg-button-focus.png</texturefocus>
            <texturenofocus>tvg-button-nofocus.png</texturenofocus>
            <onup>7004</onup>
            <ondown>4005</ondown>
            <onleft>7004</onleft>
            <align>center</align>
            <aligny>center</aligny>
            <font>font13</font>
            <textcolor>white</textcolor>
			<focusedcolor>cyan</focusedcolor>
            <label>iSearch</label>
        </control>

        <control type="button" id="4005">
            <!-- watch from beginning -->
            <posx>285</posx>
            <posy>75</posy>
            <width>200</width>
            <height>40</height>
            <texturefocus>tvg-button-focus.png</texturefocus>
            <texturenofocus>tvg-button-nofocus.png</texturenofocus>
            <onup>4006</onup>
            <ondown>4002</ondown>
            <onleft>7004</onleft>
            <align>center</align>
            <aligny>center</aligny>
            <font>font13</font>
            <textcolor>white</textcolor>
			<focusedcolor>cyan</focusedcolor>
            <label>Meta Search</label>
        </control>

        <control type="button" id="4002">
            <!-- REMINDER -->
            <posx>285</posx>
            <posy>125</posy>
            <width>200</width>
            <height>40</height>
            <texturefocus>tvg-button-focus.png</texturefocus>
            <texturenofocus>tvg-button-nofocus.png</texturenofocus>
            <onup>4005</onup>
            <ondown>4008</ondown>
            <onleft>7004</onleft>
            <align>center</align>
            <aligny>center</aligny>
            <font>font13</font>
            <textcolor>white</textcolor>
			<focusedcolor>cyan</focusedcolor>
        </control>

        <control type="button" id="4008">
            <description>autoplay</description>
            <posx>285</posx>
            <posy>175</posy>
            <width>200</width>
            <height>40</height>
            <texturefocus>tvg-button-focus.png</texturefocus>
            <texturenofocus>tvg-button-nofocus.png</texturenofocus>
            <onup>4002</onup>
            <ondown>4000</ondown>
            <onleft>7004</onleft>
            <align>center</align>
            <aligny>center</aligny>
            <font>font13</font>
            <textcolor>white</textcolor>
			<focusedcolor>cyan</focusedcolor>
            <label>Autoplay</label>
        </control>

        <control type="button" id="4000">
            <!-- Watch Stream -->
            <posx>285</posx>
            <posy>325</posy>
            <width>200</width>
            <height>40</height>
            <texturefocus>tvg-button-focus.png</texturefocus>
            <texturenofocus>tvg-button-nofocus.png</texturenofocus>
            <onup>4008</onup>
            <ondown>4001</ondown>
            <onleft>7004</onleft>
            <align>center</align>
            <aligny>center</aligny>
            <font>font13</font>
            <textcolor>white</textcolor>
            <focusedcolor>cyan</focusedcolor>
			<visible>true</visible>
        </control>
        <control type="button" id="4001">
            <!-- Choose Stream -->
            <posx>285</posx>
            <posy>375</posy>
            <width>200</width>
            <height>40</height>
            <texturefocus>tvg-button-focus.png</texturefocus>
            <texturenofocus>tvg-button-nofocus.png</texturenofocus>
            <onup>4000</onup>
            <ondown>4007</ondown>
            <onleft>7004</onleft>
            <align>center</align>
            <aligny>center</aligny>
            <font>font13</font>
            <textcolor>white</textcolor>
			<focusedcolor>cyan</focusedcolor>
            <label>Choose Stream</label>
        </control>
        <control type="button" id="4007">
            <!-- Stream Setup -->
            <posx>285</posx>
            <posy>425</posy>
            <width>200</width>
            <height>40</height>
            <texturefocus>tvg-button-focus.png</texturefocus>
            <texturenofocus>tvg-button-nofocus.png</texturenofocus>
            <onup>4001</onup>
            <ondown>4003</ondown>
            <onleft>7004</onleft>
            <align>center</align>
            <aligny>center</aligny>
            <font>font13</font>
            <textcolor>white</textcolor>
			<focusedcolor>cyan</focusedcolor>
            <label>Stream Setup</label>
        </control>
        <control type="label">
            <!-- Choose Stream Text -->
            <posx>20</posx>
            <posy>475</posy>
            <width>200</width>
            <height>200</height>
            <font>font13</font>
            <textcolor>white</textcolor>
            <label>$ADDON[script.tvguide.fullscreen 30305]</label>
            <wrapmultiline>true</wrapmultiline>
            <visible>false</visible>
        </control>

        <control type="label" id="4102">
            <!-- Show Title -->
            <posx>20</posx>
            <posy>525</posy>
            <width>200</width>
            <height>40</height>
            <align>center</align>
            <aligny>center</aligny>
            <font>font13</font>
            <textcolor>white</textcolor>
            <visible>false</visible>
        </control>

        <control type="button" id="4003">
            <!-- CHANNELS -->
            <posx>285</posx>
            <posy>475</posy>
            <width>200</width>
            <height>40</height>
            <texturefocus>tvg-button-focus.png</texturefocus>
            <texturenofocus>tvg-button-nofocus.png</texturenofocus>
            <onup>4007</onup>
            <ondown>80000</ondown>
            <onleft>7004</onleft>
            <align>center</align>
            <aligny>center</aligny>
            <font>font13</font>
            <textcolor>white</textcolor>
			<focusedcolor>cyan</focusedcolor>
            <label>$ADDON[script.tvguide.fullscreen 30307]</label>
        </control>




        <control type="button" id="80000">
            <!-- MY MOVIES -->
            <posx>285</posx>
            <posy>436</posy>
            <width>200</width>
            <height>40</height>
            <texturefocus>tvg-button-focus.png</texturefocus>
            <texturenofocus>tvg-button-nofocus.png</texturenofocus>
            <onup>4002</onup>
            <ondown>80001</ondown>
            <onleft>7004</onleft>
            <align>center</align>
            <aligny>center</aligny>
            <font>font13</font>
            <textcolor>white</textcolor>
            <label>$ADDON[script.tvguide.fullscreen 80000]</label>
			<visible>false</visible>
        </control>

        <control type="button" id="80001">
            <!-- MY TV SHOWS -->
            <posx>285</posx>
            <posy>488</posy>
            <width>200</width>
            <height>40</height>
            <texturefocus>tvg-button-focus.png</texturefocus>
            <texturenofocus>tvg-button-nofocus.png</texturenofocus>
            <onup>80000</onup>
            <ondown>80002</ondown>
            <onleft>7004</onleft>
            <align>center</align>
            <aligny>center</aligny>
            <font>font13</font>
            <textcolor>white</textcolor>
			<focusedcolor>cyan</focusedcolor>
            <label>$ADDON[script.tvguide.fullscreen 80001]</label>
			<visible>false</visible>
        </control>

        <control type="button" id="80002">
            <!-- VIDEO ADDONS -->
            <posx>285</posx>
            <posy>540</posy>
            <width>200</width>
            <height>40</height>
            <texturefocus>tvg-button-focus.png</texturefocus>
            <texturenofocus>tvg-button-nofocus.png</texturenofocus>
            <onup>80001</onup>
            <ondown>4006</ondown>
            <onleft>7004</onleft>
            <align>center</align>
            <aligny>center</aligny>
            <font>font13</font>
            <textcolor>white</textcolor>
			<focusedcolor>cyan</focusedcolor>
            <label>$ADDON[script.tvguide.fullscreen 80002]</label>
			<visible>false</visible>
        </control>

        <control type="button" id="4004">
            <!-- QUIT -->
            <posx>20</posx>
            <posy>650</posy>
            <width>200</width>
            <height>40</height>
            <texturefocus>tvg-button-focus.png</texturefocus>
            <texturenofocus>tvg-button-nofocus.png</texturenofocus>
            <onup>4003</onup>
            <ondown>80000</ondown>
            <onleft>7004</onleft>
            <align>center</align>
            <aligny>center</aligny>
            <font>font13</font>
            <textcolor>white</textcolor>
			<focusedcolor>cyan</focusedcolor>
            <label>$ADDON[script.tvguide.fullscreen 30308]</label>
            <visible>false</visible>
        </control>



        <control type="button" id="80004">
            <!-- QUIT -->
            <posx>285</posx>
            <posy>660</posy>
            <width>200</width>
            <height>40</height>
            <texturefocus>tvg-button-focus.png</texturefocus>
            <texturenofocus>tvg-button-nofocus.png</texturenofocus>
            <onup>4003</onup>
            <ondown>80000</ondown>
            <onleft>7004</onleft>
            <align>center</align>
            <aligny>center</aligny>
            <font>font13</font>
            <textcolor>white</textcolor>
			<focusedcolor>cyan</focusedcolor>
            <label>Remove Category</label>
            <visible>false</visible>
        </control>

    </controls>
</window>
