<?xml version="1.0" encoding="UTF-8" standalone="yes"?>
<addon id="script.games.play.mame" name="Play MAME" version="0.0.2" provider-name="primaeval">
  <requires>
    <import addon="xbmc.python" version="2.1.0"/>
    <import addon="script.module.xbmcswift2" version="2.4.0"/>
  </requires>
  <extension point="xbmc.python.pluginsource" library="addon.py">
    <provides>executable</provides>
  </extension>
  <extension point="xbmc.addon.metadata">
    <platform>all</platform>
    <language></language>
    <summary>Play MAME Games</summary>
    <description>Insert Coin. Press Play.</description>
  </extension>
</addon>
