<?xml version="1.0" encoding="UTF-8" standalone="yes"?>
<addon id="script.tvguide.fullscreen" name="TV Guide Fullscreen" version="0.0.3" provider-name="primaeval">
	<requires>
		<import addon="xbmc.python" version="2.19.0"/>
		<import addon="script.module.simplejson" version="3.3.0"/>
	</requires>
	<extension point="xbmc.python.script" library="addon.py">
            <provides>video executable</provides>
    </extension>
    <extension point="xbmc.service" library="service.py" start="login"/>
	<extension point="xbmc.addon.metadata">
		<disclaimer lang="en">based on the original TV Guide addon by twinther and FTV Guide additions</disclaimer>
		<language></language>
		<platform>all</platform>
		<license>GPLv2</license>
		<forum>-</forum>
		<source>https://github.com/primaeval/script.tvguide.fullscreen</source>
        <website></website>
		<email></email>
	</extension>
</addon>
