<?xml version="1.0" encoding="utf-8"?>
<window type="dialog">
    <allowoverlay>no</allowoverlay>
    <defaultcontrol always="false">101</defaultcontrol>
    <coordinates>
        <system>1</system>
        <left>0</left>
        <top>0</top>
    </coordinates>

    <controls>
        <control type="label" id="100">
            <description>tabs visibility marker</description>
            <visible>false</visible>
        </control>
		<!-- Background -->
		<control type="image">
			<description>Background</description>
            <left>0</left>
            <top>0</top>
            <width>1280</width>
            <height>720</height>
			<aspectratio>scale</aspectratio>
            <texture fallback="special://profile/addon_data/script.tvguide.fullscreen/backgrounds/charcoal.png">$VAR[GlobalFanartVar]</texture>
            <visible>true</visible>
        </control>
        <!-- Header Image-->
		<control type="image">
			<description>Header</description>
            <left>0</left>
            <top>0</top>
            <width>1280</width>
            <height>58</height>
            <texture>black-back.png</texture>
            <visible>true</visible>
        </control>
		<control type="image">
            <description>Header Trim</description>
            <left>0</left>
            <top>58</top>
            <width>1280</width>
            <height>1</height>
            <texture>aqua.png</texture>
			<visible>true</visible>
        </control>
		<!-- Main Image -->
		<control type="image">
            <description>main</description>
			<left>0</left>
            <top>60</top>
            <width>1280</width>
            <height>660</height>
            <texture>black-back.png</texture>
			<visible>true</visible>
        </control>
		<control type="image">
			<description>Footer Trim</description>
			<left>642</left>
			<top>560</top>
			<width>1280</width>
			<height>1</height>
			<texture>aqua.png</texture>
			<visible>true</visible>
        </control>

		<!-- Video Preview -->
		<control type="group">
			<left>0</left>
			<top>358</top>
			<width>642</width>
			<height>362</height>
						<control type="image">
				<description>Current/Preview background</description>
				<left>0</left>
				<top>0</top>
				<width>642</width>
				<height>362</height>
				<texture>black.png</texture>
				<bordersize>1</bordersize>
				<bordertexture>aqua.png</bordertexture>
				<visible>true</visible>
			</control>
			<control type="image">
				<description>Current/Preview backup</description>
				<left>1</left>
				<top>1</top>
				<width>640</width>
				<height>360</height>
				<aspectratio>keep</aspectratio>
				<align>center</align>
				<texture>tv.png</texture>
				<visible>!Player.HasMedia</visible>
			</control>
			<control type="image" id="7002">
				<description>Programme image</description>
				<left>1</left>
				<top>1</top>
				<width>640</width>
				<height>360</height>
				<aspectratio>scale</aspectratio>
				<texture>-</texture>
				<visible>!Player.HasMedia</visible>
			</control>
			<control type="image" id="4025">
				<description>Addon Logo</description>
				<left>2</left>
				<top>310</top>
				<width>50</width>
				<height>50</height>
				<aspectratio>keep</aspectratio>
				<align>left</align>
				<texture>-</texture>
				<visible>!Player.HasMedia</visible>
			</control>
			<control type="label" id="4026">
				<description>Addon Name</description>
				<posx>52</posx>
				<posy>310</posy>
				<width>240</width>
				<height>50</height>
				<font>font13</font>
				<aligny>center</aligny>
				<textcolor>white</textcolor>
				<label></label>
				<scroll>true</scroll>
				<visible>!Player.HasMedia</visible>
			</control>
			<control type="videowindow">
				<description>Preview/Current Video</description>
				<left>1</left>
				<top>1</top>
				<width>640</width>
				<height>360</height>
			</control>
			<control type="image" id="4023">
				<description>Channel logo</description>
				<left>588</left>
				<top>308</top>
				<width>50</width>
				<height>50</height>
				<aspectratio>keep</aspectratio>
				<visible>true</visible>
			</control>
		</control>

		<!-- Header details -->
		<control type="label" id="4024">
            <description>Channel Name</description>
            <left>20</left>
            <top>0</top>
            <width>270</width>
            <height>60</height>
            <font>font13_title</font>
            <textcolor>white</textcolor>
            <label></label>
            <align>left</align>
			<aligny>center</aligny>
			<scroll>true</scroll>
        </control>
        <control type="label">
			<description>Setup Stream</description>
            <left>20</left>
            <top>0</top>
            <width>500</width>
            <height>60</height>
            <label>$ADDON[script.tvguide.fullscreen 30600]:</label>
            <align>left</align>
			<aligny>center</aligny>
			<visible>false</visible>
        </control>
		<control type="label">
			<description>Display current time</description>
			<left>1030</left>
			<top>5</top>
			<width>240</width>
			<height>20</height>
			<align>right</align>
			<font>font13_title</font>
			<textcolor>white</textcolor>
			<label>$INFO[System.Time]</label>
		</control>
		<control type="label">
            <description>Displays todays date</description>
            <left>1000</left>
			<top>25</top>
			<width>270</width>
			<height>20</height>
			<textcolor>white</textcolor>
			<font>font12</font>
			<align>right</align>
			<visible>true</visible>
			<label>$INFO[System.Date]</label>
        </control>
		<control type="label">
			<description>Display current temperature</description>
			<left>1095</left>
			<top>5</top>
			<width>60</width>
			<height>20</height>
			<align>right</align>
			<font>font13_title</font>
			<textcolor>white</textcolor>
			<label>$INFO[Window(Weather).Property(Current.Temperature)]$INFO[System.TemperatureUnits]</label>
            <visible>Skin.HasSetting(show_weatherinfo) + Weather.IsFetched + ![String.IsEqual(Weather.FanartCode,na) + String.Contains(Weather.Conditions,/)]</visible>
		</control>
		<control type="image">
			<description>Display current weather icon</description>
            <left>1128</left>
			<top>1</top>
			<width>60</width>
			<height>35</height>
            <fadetime>300</fadetime>
            <aspectratio align="right">keep</aspectratio>
            <texture colordiffuse="button_focus">weather/small/$INFO[Weather.FanartCode].png</texture>
            <visible>Skin.HasSetting(show_weatherinfo) + Weather.IsFetched + ![String.IsEqual(Weather.FanartCode,na) + String.Contains(Weather.Conditions,/)]</visible>
        </control>

		<!-- Header Buttons -->
        <control type="group">
            <left>298</left>
            <top>12</top>
            <width>1280</width>
            <height>498</height>
			<control type="button" id="101">
				<description>STRM|M3U</description>
				<left>0</left>
				<top>0</top>
				<width>170</width>
				<height>30</height>
				<align>center</align>
				<aligny>center</aligny>
				<font>font13</font>
				<textcolor>white</textcolor>
				<focusedcolor>white</focusedcolor>
				<label>STRM|M3U</label>
				<texturefocus>menu-grey-focus.png</texturefocus>
				<texturenofocus>menu-grey.png</texturenofocus>
				<onleft>104</onleft>
				<onright>102</onright>
				<ondown>1001</ondown>
			</control>
			<control type="button" id="102">
				<description>Favorites</description>
				<left>171</left>
				<top>0</top>
				<width>170</width>
				<height>30</height>
				<align>center</align>
				<aligny>center</aligny>
				<font>font13</font>
				<textcolor>white</textcolor>
				<focusedcolor>white</focusedcolor>
				<label>$ADDON[script.tvguide.fullscreen 30602]</label>
				<texturefocus>menu-grey-focus.png</texturefocus>
				<texturenofocus>menu-grey.png</texturenofocus>
				<onleft>101</onleft>
				<onright>103</onright>
				<ondown>2001</ondown>
			</control>
			<control type="button" id="103">
				<description>Addons</description>
				<left>342</left>
				<top>0</top>
				<width>170</width>
				<height>30</height>
				<align>center</align>
				<aligny>center</aligny>
				<font>font13</font>
				<textcolor>white</textcolor>
				<focusedcolor>white</focusedcolor>
				<label>$ADDON[script.tvguide.fullscreen 30603]</label>
				<texturefocus>menu-grey-focus.png</texturefocus>
				<texturenofocus>menu-grey.png</texturenofocus>
				<onleft>102</onleft>
				<onright>104</onright>
				<ondown>3001</ondown>
			</control>
			<control type="button" id="104">
				<description>Browse</description>
				<left>513</left>
				<top>0</top>
				<width>170</width>
				<height>30</height>
				<align>center</align>
				<aligny>center</aligny>
				<font>font13</font>
				<textcolor>white</textcolor>
				<focusedcolor>white</focusedcolor>
				<label>Browse</label>
				<texturefocus>menu-grey-focus.png</texturefocus>
				<texturenofocus>menu-grey.png</texturenofocus>
				<onleft>103</onleft>
				<onright>101</onright>
				<ondown>4001</ondown>
			</control>
		</control>

		<!-- STRM|M3U Layout -->
        <control type="group" id="1000">
            <left>0</left>
            <top>60</top>
            <width>1280</width>
            <height>498</height>
            <visible>String.IsEqual(Control.GetLabel(100),strm)</visible>
            <control type="button" id="1001">
                <description>Single Stream From Playlist</description>
                <left>40</left>
                <top>100</top>
                <width>200</width>
                <height>30</height>
                <label>Browse File...</label>
                <align>center</align>
                <aligny>center</aligny>
                <font>font13</font>
                <textcolor>white</textcolor>
                <focusedcolor>white</focusedcolor>
                <texturefocus>menu-grey-focus.png</texturefocus>
                <texturenofocus>menu-grey.png</texturenofocus>
                <onup>101</onup>
                <onright>1006</onright>
                <ondown>1002</ondown>
            </control>
            <control type="button" id="1006">
                <description>Import Playlist</description>
                <left>241</left>
                <top>100</top>
                <width>200</width>
                <height>30</height>
                <label>Import Playlist</label>
                <align>center</align>
                <aligny>center</aligny>
                <font>font13</font>
                <textcolor>white</textcolor>
                <focusedcolor>white</focusedcolor>
                <texturefocus>menu-grey-focus.png</texturefocus>
                <texturenofocus>menu-grey.png</texturenofocus>
                <onup>101</onup>
                <onleft>1001</onleft>
                <onright>1007</onright>
                <ondown>1002</ondown>
            </control>
            <control type="button" id="1007">
                <description>Import PVR</description>
                <left>442</left>
                <top>100</top>
                <width>200</width>
                <height>30</height>
                <label>Import PVR</label>
                <align>center</align>
                <aligny>center</aligny>
                <font>font13</font>
                <textcolor>white</textcolor>
                <focusedcolor>white</focusedcolor>
                <texturefocus>menu-grey-focus.png</texturefocus>
                <texturenofocus>menu-grey.png</texturenofocus>
                <onup>101</onup>
                <onleft>1006</onleft>
                <onright>1002</onright>
                <ondown>1002</ondown>
            </control>
			<control type="textbox">
                <left>50</left>
                <top>150</top>
                <width>200</width>
                <height>30</height>
                <align>left</align>
                <label>Chosen stream file:</label>
                <wrapmultiline>true</wrapmultiline>
            </control>
            <control type="textbox" id="1005">
                <description>Stream location</description>
				<left>240</left>
                <top>150</top>
                <width>1000</width>
                <height>30</height>
                <wrapmultiline>true</wrapmultiline>
            </control>

			<!--Preview, Save, Cancel Buttons when Stream selected-->
            <control type="button" id="1002">
                <left>668</left>
                <top>560</top>
                <width>200</width>
                <height>30</height>
                <align>center</align>
                <aligny>center</aligny>
                <font>font13</font>
                <textcolor>white</textcolor>
				<focusedcolor>white</focusedcolor>
                <label>$ADDON[script.tvguide.fullscreen 30604]</label>
                <texturefocus>menu-grey-focus.png</texturefocus>
                <texturenofocus>menu-grey.png</texturenofocus>
                <onup>101</onup>
                <onleft>1006</onleft>
                <onright>1003</onright>
            </control>
            <control type="button" id="1003">
                <left>869</left>
                <top>560</top>
                <width>200</width>
                <height>30</height>
                <align>center</align>
                <aligny>center</aligny>
                <font>font13</font>
                <textcolor>white</textcolor>
				<focusedcolor>white</focusedcolor>
                <label>$ADDON[script.tvguide.fullscreen 30605]</label>
                <texturefocus>menu-grey-focus.png</texturefocus>
                <texturenofocus>menu-grey.png</texturenofocus>
                <onup>101</onup>
                <onleft>1002</onleft>
                <onright>1004</onright>
            </control>
            <control type="button" id="1004">
                <left>1070</left>
                <top>560</top>
                <width>200</width>
                <height>30</height>
                <align>center</align>
                <aligny>center</aligny>
                <font>font13</font>
                <textcolor>white</textcolor>
				<focusedcolor>white</focusedcolor>
                <label>$ADDON[script.tvguide.fullscreen 30606]</label>
                <texturefocus>menu-grey-focus.png</texturefocus>
                <texturenofocus>menu-grey.png</texturenofocus>
                <onup>101</onup>
                <onleft>1003</onleft>
            </control>

        </control>

		<!-- Favourites Layout -->
        <control type="group" id="2000">
            <left>0</left>
            <top>60</top>
            <width>552</width>
            <height>498</height>
            <visible>String.IsEqual(Control.GetLabel(100),favourites)</visible>
            <control type="textbox">
                <description>Favorite description</description>
				<left>60</left>
                <top>100</top>
                <width>350</width>
                <height>80</height>
                <align>left</align>
                <label>$ADDON[script.tvguide.fullscreen 30620]</label>
                <wrapmultiline>true</wrapmultiline>
            </control>
            <control type="list" id="2001">
                <description>Favorite list</description>
				<left>800</left>
                <top>10</top>
                <width>300</width>
                <height>480</height>
                <viewtype label="list">list</viewtype>
                <orientation>vertical</orientation>
                <focusposition>7</focusposition>
                <onleft>102</onleft>
				<onup>102</onup>
                <onright>2002</onright>
                <itemlayout width="300" height="40">
                    <control type="image">
                        <left>0</left>
                        <top>0</top>
                        <width>300</width>
                        <height>38</height>
                        <texture>menu-grey.png</texture>
                    </control>
                    <control type="label">
                        <left>16</left>
                        <top>0</top>
                        <width>300</width>
                        <height>38</height>
                        <aligny>center</aligny>
                        <font>font13</font>
                        <textcolor>white</textcolor>
                        <info>ListItem.Label</info>
                    </control>
                </itemlayout>
                <focusedlayout width="300" height="40">
                    <control type="image">
                        <left>0</left>
                        <top>0</top>
                        <width>300</width>
                        <height>38</height>
                        <texture>menu-grey.png</texture>
                        <visible>!Control.HasFocus(2001)</visible>
                    </control>
                    <control type="image">
                        <left>0</left>
                        <top>0</top>
                        <width>300</width>
                        <height>38</height>
                        <texture>menu-grey-focus.png</texture>
                        <visible>Control.HasFocus(2001)</visible>
                    </control>
                    <control type="label">
                        <left>16</left>
                        <top>0</top>
                        <width>300</width>
                        <height>38</height>
                        <aligny>center</aligny>
                        <font>font13</font>
                        <textcolor>white</textcolor>
                        <info>ListItem.Label</info>
                    </control>
                    <control type="image">
                        <left>275</left>
                        <top>9</top>
                        <width>20</width>
                        <height>20</height>
                        <texture>tvguide-bullet.png</texture>
                    </control>
                </focusedlayout>
            </control>
			<!-- Preview, Save, Cancel buttons -->
            <control type="button" id="2002">
                <left>668</left>
                <top>560</top>
                <width>200</width>
                <height>30</height>
                <align>center</align>
                <aligny>center</aligny>
                <font>font13</font>
                <textcolor>white</textcolor>
				<focusedcolor>white</focusedcolor>
                <label>$ADDON[script.tvguide.fullscreen 30604]</label>
                <texturefocus>menu-grey-focus.png</texturefocus>
                <texturenofocus>menu-grey.png</texturenofocus>
                <onup>102</onup>
                <onleft>2001</onleft>
                <onright>2003</onright>
            </control>
            <control type="button" id="2003">
                <left>869</left>
                <top>560</top>
                <width>200</width>
                <height>30</height>
                <align>center</align>
                <aligny>center</aligny>
                <font>font13</font>
                <textcolor>white</textcolor>
				<focusedcolor>white</focusedcolor>
                <label>$ADDON[script.tvguide.fullscreen 30605]</label>
                <texturefocus>menu-grey-focus.png</texturefocus>
                <texturenofocus>menu-grey.png</texturenofocus>
                <onup>102</onup>
                <onleft>2002</onleft>
                <onright>2004</onright>
            </control>
            <control type="button" id="2004">
                <left>1070</left>
                <top>560</top>
                <width>200</width>
                <height>30</height>
                <align>center</align>
                <aligny>center</aligny>
                <font>font13</font>
                <textcolor>white</textcolor>
				<focusedcolor>white</focusedcolor>
                <label>$ADDON[script.tvguide.fullscreen 30606]</label>
                <texturefocus>menu-grey-focus.png</texturefocus>
                <texturenofocus>menu-grey.png</texturenofocus>
                <onup>102</onup>
                <onleft>2003</onleft>
            </control>
        </control>

		<!-- Addons Layout -->
        <control type="group" id="3000">
            <left>0</left>
            <top>60</top>
            <width>1280</width>
            <height>498</height>
            <visible>String.IsEqual(Control.GetLabel(100),addons)</visible>

            <control type="image">
                <description>Up arrow</description>
				<left>40</left>
                <top>20</top>
                <width>150</width>
                <height>12</height>
				<aspectratio>keep</aspectratio>
                <texture>tvguide-channel-arrow.png</texture>
            </control>
            <control type="image">
				<description>Down arrow</description>
                <left>40</left>
                <top>208</top>
                <width>150</width>
                <height>-12</height>
				<aspectratio>keep</aspectratio>
                <texture>tvguide-channel-arrow.png</texture>
            </control>

			<!-- Addon Image List -->
            <control type="wraplist" id="3001">
                <left>40</left>
                <top>40</top>
                <width>150</width>
                <height>150</height>
                <aspectratio>keep</aspectratio>
                <viewtype label="list">list</viewtype>
                <orientation>vertical</orientation>
                <focusposition>0</focusposition>
                <onleft>103</onleft>
                <onright>3002</onright>

                <itemlayout width="212" height="212">
                    <control type="image">
                        <left>0</left>
                        <top>0</top>
                        <width>150</width>
                        <height>150</height>
                        <texture>menu-grey.png</texture>
                    </control>
                    <control type="image">
                        <left>10</left>
                        <top>10</top>
                        <width>130</width>
                        <height>130</height>
                        <info>ListItem.Icon</info>
                    </control>
                </itemlayout>
                <focusedlayout width="150" height="150">
                    <control type="image">
                        <left>0</left>
                        <top>0</top>
                        <width>150</width>
                        <height>150</height>
                        <texture>menu-grey.png</texture>
                        <visible>!Control.HasFocus(3001)</visible>
                    </control>
                    <control type="image">
                        <left>0</left>
                        <top>0</top>
                        <width>150</width>
                        <height>150</height>
                        <texture>menu-grey.png</texture>
						<bordertexture>aqua.png</bordertexture>
						<bordersize>2</bordersize>
                        <visible>Control.HasFocus(3001)</visible>
                    </control>
                    <control type="image">
                        <left>10</left>
                        <top>10</top>
                        <width>130</width>
                        <height>130</height>
                        <info>ListItem.Icon</info>
                    </control>
                </focusedlayout>
            </control>

			<!-- Addon title and description -->
            <control type="label" id="3003">
                <left>210</left>
                <top>40</top>
                <width>300</width>
                <height>30</height>
                <label>[B][/B]</label>
                <textcolor>white</textcolor>
            </control>
            <control type="textbox" id="3004">
                <left>210</left>
                <top>70</top>
                <width>450</width>
                <height>100</height>
                <label/>
                <align>left</align>
                <wrapmultiline>true</wrapmultiline>
                <autoscroll time="3600" delay="6000" repeat="6000">true</autoscroll>
            </control>

			<!-- Addon Item List -->
            <control type="list" id="3002">
                <left>800</left>
                <top>10</top>
                <width>300</width>
                <height>480</height>
                <viewtype label="list">list</viewtype>
                <orientation>vertical</orientation>
                <focusposition>7</focusposition>
                <onleft>3001</onleft>
                <onright>3005</onright>
				<onup>103</onup>
                <itemlayout width="300" height="40">
                    <control type="image">
                        <left>0</left>
                        <top>0</top>
                        <width>300</width>
                        <height>38</height>
                        <texture>menu-grey.png</texture>
                    </control>
                    <control type="label">
                        <left>16</left>
                        <top>0</top>
                        <width>300</width>
                        <height>38</height>
                        <aligny>center</aligny>
                        <font>font13</font>
                        <textcolor>white</textcolor>
						<focusedcolor>white</focusedcolor>
                        <info>ListItem.Label</info>
                    </control>
                </itemlayout>
                <focusedlayout width="300" height="40">
                    <control type="image">
                        <left>0</left>
                        <top>0</top>
                        <width>300</width>
                        <height>38</height>
                        <texture>menu-grey.png</texture>
                        <visible>!Control.HasFocus(4002)</visible>
                    </control>
					<control type="image">
                        <left>0</left>
                        <top>0</top>
                        <width>300</width>
                        <height>38</height>
                        <texture>menu-grey-focus.png</texture>
                        <visible>Control.HasFocus(3002)</visible>
                    </control>
					<control type="label">
                        <left>16</left>
                        <top>0</top>
                        <width>300</width>
                        <height>38</height>
                        <aligny>center</aligny>
                        <font>font13</font>
                        <textcolor>white</textcolor>
						<focusedcolor>white</focusedcolor>
                        <info>ListItem.Label</info>
                    </control>
                    <control type="image">
                        <left>275</left>
                        <top>9</top>
                        <width>20</width>
                        <height>20</height>
                        <texture>tvguide-bullet.png</texture>
                    </control>
                </focusedlayout>
            </control>

            <control type="button" id="3005">
				<description>Preview</description>
                <left>668</left>
                <top>560</top>
                <width>200</width>
                <height>30</height>
                <align>center</align>
                <aligny>center</aligny>
                <font>font13</font>
                <textcolor>white</textcolor>
				<focusedcolor>white</focusedcolor>
                <label>$ADDON[script.tvguide.fullscreen 30604]</label>
                <texturefocus>menu-grey-focus.png</texturefocus>
                <texturenofocus>menu-grey.png</texturenofocus>
                <onup>103</onup>
                <onleft>3002</onleft>
                <onright>3006</onright>
            </control>
            <control type="button" id="3006">
                <description>Save</description>
				<left>869</left>
                <top>560</top>
                <width>200</width>
                <height>30</height>
                <align>center</align>
                <aligny>center</aligny>
                <font>font13</font>
                <textcolor>white</textcolor>
				<focusedcolor>white</focusedcolor>
                <label>$ADDON[script.tvguide.fullscreen 30605]</label>
                <texturefocus>menu-grey-focus.png</texturefocus>
                <texturenofocus>menu-grey.png</texturenofocus>
                <onup>103</onup>
                <onleft>3005</onleft>
                <onright>3007</onright>
            </control>
            <control type="button" id="3007">
                <description>Cancel</description>
				<left>1070</left>
                <top>560</top>
                <width>200</width>
                <height>30</height>
                <align>center</align>
                <aligny>center</aligny>
                <font>font13</font>
                <textcolor>white</textcolor>
				<focusedcolor>white</focusedcolor>
                <label>$ADDON[script.tvguide.fullscreen 30606]</label>
                <texturefocus>menu-grey-focus.png</texturefocus>
                <texturenofocus>menu-grey.png</texturenofocus>
                <onup>103</onup>
                <onleft>3006</onleft>
            </control>

        </control>

        <!-- Browse Layout -->
		<control type="group" id="4000">
            <left>0</left>
            <top>60</top>
            <width>1280</width>
            <height>498</height>
            <visible>String.IsEqual(Control.GetLabel(100),browse)</visible>

            <control type="image">
                <description>Up arrow</description>
				<left>40</left>
                <top>20</top>
                <width>150</width>
                <height>12</height>
				<aspectratio>keep</aspectratio>
                <texture>tvguide-channel-arrow.png</texture>
            </control>
            <control type="image">
				<description>Down arrow</description>
                <left>40</left>
                <top>208</top>
                <width>150</width>
                <height>-12</height>
				<aspectratio>keep</aspectratio>
                <texture>tvguide-channel-arrow.png</texture>
            </control>

			<!-- Browse Addon Image List -->
            <control type="wraplist" id="4001">
                <left>40</left>
                <top>40</top>
                <width>150</width>
                <height>150</height>
                <aspectratio>keep</aspectratio>
                <viewtype label="list">list</viewtype>
                <orientation>vertical</orientation>
                <focusposition>0</focusposition>
                <onleft>104</onleft>
                <onright>4008</onright>
                <itemlayout width="212" height="212">
                    <control type="image">
                        <left>0</left>
                        <top>0</top>
                        <width>150</width>
                        <height>150</height>
                        <texture>menu-grey.png</texture>
                    </control>
                    <control type="image">
                        <left>10</left>
                        <top>10</top>
                        <width>130</width>
                        <height>130</height>
                        <info>ListItem.Icon</info>
                    </control>
                </itemlayout>
                <focusedlayout width="150" height="150">
                    <control type="image">
                        <left>0</left>
                        <top>0</top>
                        <width>150</width>
                        <height>150</height>
                        <texture>menu-grey.png</texture>
                        <visible>!Control.HasFocus(4001)</visible>
                    </control>
                    <control type="image">
                        <left>0</left>
                        <top>0</top>
                        <width>150</width>
                        <height>150</height>
                        <texture>menu-grey.png</texture>
						<bordertexture>aqua.png</bordertexture>
						<bordersize>2</bordersize>
                        <visible>Control.HasFocus(4001)</visible>
                    </control>
                    <control type="image">
                        <left>10</left>
                        <top>10</top>
                        <width>130</width>
                        <height>130</height>
                        <info>ListItem.Icon</info>
                    </control>
                </focusedlayout>
            </control>

			<!-- Browse addon title and description -->
            <control type="label">
                <left>210</left>
                <top>40</top>
                <width>450</width>
                <height>30</height>
                <aligny>center</aligny>
                <font>font13</font>
                <textcolor>white</textcolor>
				<focusedcolor>white</focusedcolor>
                <label>SELECT ADDON AND WAIT UNTIL LOADED</label>
            </control>
			<control type="label" id="4003">
                <left>210</left>
                <top>70</top>
                <width>450</width>
                <height>30</height>
                <label>[B][/B]</label>
                <textcolor>white</textcolor>
            </control>
            <control type="textbox" id="4004">
                <left>210</left>
                <top>100</top>
                <width>450</width>
                <height>70</height>
                <label/>
                <align>left</align>
                <wrapmultiline>true</wrapmultiline>
                <autoscroll time="3600" delay="6000" repeat="6000">true</autoscroll>
            </control>
			<control type="button" id="4009">
                <left>210</left>
                <top>190</top>
                <width>200</width>
                <height>30</height>
                <align>center</align>
                <aligny>center</aligny>
                <font>font13</font>
                <textcolor>white</textcolor>
				<focusedcolor>white</focusedcolor>
                <label>Add Folder</label>
                <texturefocus>menu-grey-focus.png</texturefocus>
                <texturenofocus>menu-grey.png</texturenofocus>
                <onup>104</onup>
                <onleft>4001</onleft>
                <onright>4008</onright>
				<!--<visible>Control.IsEnabled(4004)</visible>-->
            </control>

			<!-- Browse Addon list items 1st half-->
            <control type="list" id="4008">
                <left>668</left>
                <top>10</top>
                <width>300</width>
                <height>480</height>
                <viewtype label="list">list</viewtype>
                <orientation>vertical</orientation>
                <focusposition>7</focusposition>
                <onleft>4009</onleft>
                <onright>4002</onright>
				<onup>104</onup>
                <itemlayout width="300" height="40">
                    <control type="image">
                        <left>0</left>
                        <top>0</top>
                        <width>300</width>
                        <height>38</height>
                        <texture>menu-grey.png</texture>
                    </control>
                    <control type="label">
                        <left>16</left>
                        <top>0</top>
                        <width>300</width>
                        <height>38</height>
                        <aligny>center</aligny>
                        <font>font13</font>
                        <textcolor>white</textcolor>
						<focusedcolor>white</focusedcolor>
                        <info>ListItem.Label</info>
                    </control>
                </itemlayout>
                <focusedlayout width="300" height="40">
                    <control type="image">
                        <left>0</left>
                        <top>0</top>
                        <width>300</width>
                        <height>38</height>
                        <texture>menu-grey.png</texture>
                        <visible>!Control.HasFocus(4008)</visible>
                    </control>
                    <control type="image">
                        <left>0</left>
                        <top>0</top>
                        <width>300</width>
                        <height>38</height>
                        <texture>menu-grey-focus.png</texture>
                        <visible>Control.HasFocus(4008)</visible>
                    </control>
                    <control type="label">
                        <left>16</left>
                        <top>0</top>
                        <width>300</width>
                        <height>38</height>
                        <aligny>center</aligny>
                        <font>font13</font>
                        <textcolor>white</textcolor>
						<focusedcolor>white</focusedcolor>
                        <info>ListItem.Label</info>
                    </control>
                    <control type="image">
                        <left>275</left>
                        <top>9</top>
                        <width>20</width>
                        <height>20</height>
                        <texture>tvguide-bullet.png</texture>
                    </control>
                </focusedlayout>
            </control>
			<!-- Browse Addon list items 2nd half-->
            <control type="list" id="4002">
                <left>968</left>
                <top>10</top>
                <width>300</width>
                <height>480</height>
                <viewtype label="list">list</viewtype>
                <orientation>vertical</orientation>
                <focusposition>7</focusposition>
                <onleft>4008</onleft>
                <onright>4005</onright>
				<onup>104</onup>
                <itemlayout width="300" height="40">
                    <control type="image">
                        <left>0</left>
                        <top>0</top>
                        <width>300</width>
                        <height>38</height>
                        <texture>menu-grey.png</texture>
                    </control>
                    <control type="label">
                        <left>16</left>
                        <top>0</top>
                        <width>300</width>
                        <height>38</height>
                        <aligny>center</aligny>
                        <font>font13</font>
                        <textcolor>white</textcolor>
						<focusedcolor>white</focusedcolor>
                        <info>ListItem.Label</info>
                    </control>
                </itemlayout>
                <focusedlayout width="300" height="40">
                    <control type="image">
                        <left>0</left>
                        <top>0</top>
                        <width>300</width>
                        <height>38</height>
                        <texture>menu-grey.png</texture>
                        <visible>!Control.HasFocus(4002)</visible>
                    </control>
                    <control type="image">
                        <left>0</left>
                        <top>0</top>
                        <width>300</width>
                        <height>38</height>
                        <texture>menu-grey-focus.png</texture>
                        <visible>Control.HasFocus(4002)</visible>
                    </control>
                    <control type="label">
                        <left>16</left>
                        <top>0</top>
                        <width>300</width>
                        <height>38</height>
                        <aligny>center</aligny>
                        <font>font13</font>
                        <textcolor>white</textcolor>
                        <info>ListItem.Label</info>
                    </control>
                    <control type="image">
                        <left>275</left>
                        <top>9</top>
                        <width>20</width>
                        <height>20</height>
                        <texture>tvguide-bullet.png</texture>
                    </control>
                </focusedlayout>
            </control>

			<!--Browse button list-->
            <control type="button" id="4005">
                <description>Preview stream</description>
				<left>668</left>
                <top>560</top>
                <width>200</width>
                <height>30</height>
                <align>center</align>
                <aligny>center</aligny>
                <font>font13</font>
                <textcolor>white</textcolor>
				<focusedcolor>white</focusedcolor>
                <label>$ADDON[script.tvguide.fullscreen 30604]</label>
                <texturefocus>menu-grey-focus.png</texturefocus>
                <texturenofocus>menu-grey.png</texturenofocus>
                <onup>104</onup>
                <onleft>4009</onleft>
                <onright>4006</onright>
            </control>
            <control type="button" id="4006">
				<description>Save</description>
				<left>869</left>
                <top>560</top>
                <width>200</width>
                <height>30</height>
                <align>center</align>
                <aligny>center</aligny>
                <font>font13</font>
                <textcolor>white</textcolor>
				<focusedcolor>white</focusedcolor>
                <label>$ADDON[script.tvguide.fullscreen 30605]</label>
                <texturefocus>menu-grey-focus.png</texturefocus>
                <texturenofocus>menu-grey.png</texturenofocus>
				<onup>104</onup>
                <onleft>4005</onleft>
                <onright>4007</onright>
            </control>
            <control type="button" id="4007">
                <description>Cancel</description>
				<left>1070</left>
                <top>560</top>
                <width>200</width>
                <height>30</height>
                <align>center</align>
                <aligny>center</aligny>
                <font>font13</font>
                <textcolor>white</textcolor>
				<focusedcolor>white</focusedcolor>
                <label>$ADDON[script.tvguide.fullscreen 30606]</label>
                <texturefocus>menu-grey-focus.png</texturefocus>
                <texturenofocus>menu-grey.png</texturenofocus>
                <onup>104</onup>
				<onright>104</onright>
                <onleft>4006</onleft>
            </control>
        </control>
    </controls>
</window>