<?xml version="1.0" encoding="UTF-8"?>
<window>
	<defaultcontrol always="true">50</defaultcontrol>
	<backgroundcolor>background</backgroundcolor>
	<views>50</views>
	<controls>
		<include>DefaultBackground</include>
		<control type="group">
			<animation effect="fade" start="100" end="0" time="0" tween="sine" condition="$EXP[infodialog_active]">Conditional</animation>
			<control type="group">
				<include>OpenClose_Left</include>
				<control type="fixedlist" id="50">
					<left>410</left>
					<top>list_y_offset</top>
					<right>586</right>
					<bottom>list_y_offset</bottom>
					<scrolltime tween="cubic" easing="out">0</scrolltime>
					<orientation>vertical</orientation>
					<onleft>700</onleft>
					<onright>60</onright>
					<movement>5</movement>
					<focusposition>6</focusposition>
					<onup>50</onup>
					<ondown>50</ondown>
					<pagecontrol>60</pagecontrol>
					<viewtype label="List">list</viewtype>
					<preloaditems>1</preloaditems>
					<focusedlayout height="list_item_height" width="playlistlist_width">
						<control type="image">
							<left>0</left>
							<right>0</right>
							<bottom>0</bottom>
							<texture colordiffuse="button_focus">lists/focus.png</texture>
							<visible>Control.HasFocus(50)</visible>
						</control>
						<control type="label">
							<left>30</left>
							<bottom>0</bottom>
							<right>30</right>
							<aligny>center</aligny>
							<font>font12</font>
							<label>$VAR[PlaylistLabelVar]</label>
							<shadowcolor>text_shadow</shadowcolor>
						</control>
						<control type="label">
							<left>30</left>
							<bottom>0</bottom>
							<right>30</right>
							<align>right</align>
							<aligny>center</aligny>
							<font>font12</font>
							<label>$VAR[PlaylistLabel2Var]</label>
							<shadowcolor>text_shadow</shadowcolor>
						</control>
					</focusedlayout>
					<itemlayout height="list_item_height" width="playlistlist_width">
						<control type="label">
							<left>30</left>
							<bottom>0</bottom>
							<right>30</right>
							<aligny>center</aligny>
							<font>font12</font>
							<label>$VAR[PlaylistLabelVar]</label>
							<shadowcolor>text_shadow</shadowcolor>
						</control>
						<control type="label">
							<left>30</left>
							<bottom>0</bottom>
							<right>30</right>
							<align>right</align>
							<aligny>center</aligny>
							<font>font12</font>
							<label>$VAR[PlaylistLabel2Var]</label>
							<textcolor>grey</textcolor>
							<shadowcolor>text_shadow</shadowcolor>
						</control>
					</itemlayout>
				</control>
				<control type="group">
					<depth>DepthContentPanel</depth>
					<include content="ContentPanel">
						<param name="width" value="470" />
					</include>
					<control type="grouplist" id="700">
						<orientation>vertical</orientation>
						<itemgap>0</itemgap>
						<left>0</left>
						<top>120</top>
						<onup>700</onup>
						<ondown>700</ondown>
						<onleft>50</onleft>
						<onright>50</onright>
						<width>410</width>
						<control type="radiobutton" id="20">
							<width>410</width>
							<height>110</height>
							<align>left</align>
							<aligny>top</aligny>
							<texturefocus colordiffuse="button_focus">lists/focus.png</texturefocus>
							<texturenofocus />
							<radioposx>300</radioposx>
							<textoffsetx>40</textoffsetx>
							<textoffsety>35</textoffsety>
							<label>$LOCALIZE[191]</label>
						</control>
						<include content="PlaylistWindowButton">
							<param name="control_id" value="26" />
							<param name="label" value="" />
						</include>
						<include content="PlaylistWindowButton">
							<param name="control_id" value="21" />
							<param name="label" value="$LOCALIZE[190]" />
						</include>
						<include content="PlaylistWindowButton">
							<param name="control_id" value="22" />
							<param name="label" value="$LOCALIZE[192]" />
						</include>
						<include content="MediaMenuNowPlaying">
							<param name="left" value="-5" />
						</include>
					</control>
				</control>
			</control>
			<control type="group">
				<depth>DepthContentPanel</depth>
				<right>0</right>
				<width>593</width>
				<include>OpenClose_Right</include>
				<include content="ListThumbInfoPanel">
					<param name="flip_bg" value="true" />
				</include>
				<control type="scrollbar" id="60">
					<left>-20</left>
					<top>0</top>
					<width>12</width>
					<bottom>0</bottom>
					<onleft>50</onleft>
					<texturesliderbackground />
					<onright>700</onright>
					<animation effect="zoom" end="50,100" time="0" tween="sine" center="-20,0" easing="inout" condition="!Control.HasFocus(60)">conditional</animation>
					<orientation>vertical</orientation>
				</control>
			</control>
		</control>
		<include content="TopBar" condition="Window.IsActive(videoplaylist)">
			<param name="breadcrumbs_label" value="$LOCALIZE[31065]" />
			<param name="sublabel">$INFO[Container.TotalTime,, - ] $INFO[Playlist.Position(video),, / ]$INFO[Playlist.Length(video)]</param>
		</include>
		<include content="TopBar" condition="Window.IsActive(musicplaylist)">
			<param name="breadcrumbs_label" value="$LOCALIZE[31066]" />
			<param name="sublabel">$INFO[Container.TotalTime,, - ] $INFO[Playlist.Position(music),, / ]$INFO[Playlist.Length(music)]</param>
		</include>
		<include>BottomBar</include>
		<control type="group">
			<depth>DepthBars</depth>
			<bottom>0</bottom>
			<height>70</height>
			<animation effect="fade" start="0" end="100" time="0" delay="300">WindowOpen</animation>
			<animation effect="fade" start="100" end="0" time="0">WindowClose</animation>
			<include condition="!Skin.HasSetting(hide_mediaflags)">MediaFlags</include>
		</control>
	</controls>
</window>
