<?xml version="1.0" encoding="UTF-8"?>
<window>
	<defaultcontrol always="true">10</defaultcontrol>
	<backgroundcolor>background</backgroundcolor>
	<views>10</views>
	<menucontrol>9000</menucontrol>
	<controls>
		<include>DefaultBackground</include>
		<control type="group" id="50">
			<animation effect="fade" start="100" end="0" time="0" tween="sine" condition="$EXP[infodialog_active]">Conditional</animation>
			<control type="group">
				<description>Guide Timeline</description>
				<visible>Control.IsVisible(10)</visible>
				<include>OpenClose_Right</include>
				<include>Visible_Right</include>
				<control type="group">
					<top>140</top>
					<depth>DepthContentPanel</depth>
					<control type="image">
						<left>0</left>
						<top>-10</top>
						<width>100%</width>
						<bottom>336</bottom>
						<texture colordiffuse="E6FFFFFF">dialogs/dialog-bg-nobo.png</texture>
					</control>
					<control type="epggrid" id="10">
						<left>0</left>
						<top>0</top>
						<right>20</right>
						<bottom>340</bottom>
						<pagecontrol>60</pagecontrol>
						<scrolltime tween="quadratic" easing="out">300</scrolltime>
						<timeblocks>34</timeblocks>
						<rulerunit>6</rulerunit>
						<onleft>9000</onleft>
						<onright>60</onright>
						<onup>10</onup>
						<ondown>10</ondown>
						<viewtype label="19032">list</viewtype>
						<progresstexture border="0,60,18,14" colordiffuse="button_focus">windows/pvr/epg_progress.png</progresstexture>
						<rulerlayout height="45" width="1400">
							<control type="label">
								<width>365</width>
								<height>45</height>
								<font>font12</font>
								<label>$INFO[ListItem.Label]</label>
								<textoffsetx>10</textoffsetx>
								<textcolor>button_focus</textcolor>
							</control>
						</rulerlayout>
						<channellayout height="62" width="350">
							<control type="label">
								<left>2</left>
								<top>-2</top>
								<width>75</width>
								<height>60</height>
								<font>font32_title</font>
								<label>$INFO[ListItem.ChannelNumberLabel]</label>
								<align>center</align>
								<aligny>center</aligny>
							</control>
							<control type="label" id="1">
								<left>68</left>
								<top>-2</top>
								<width>350</width>
								<height>60</height>
								<font>font12</font>
								<label>$INFO[ListItem.ChannelName]</label>
								<aligny>center</aligny>
								<textoffsetx>10</textoffsetx>
							</control>
						</channellayout>
						<focusedchannellayout height="62" width="350">
							<control type="label">
								<left>2</left>
								<top>-2</top>
								<width>75</width>
								<height>60</height>
								<font>font32_title</font>
								<label>$INFO[ListItem.ChannelNumberLabel]</label>
								<textcolor>button_focus</textcolor>
								<align>center</align>
								<aligny>center</aligny>
							</control>
							<control type="label" id="1">
								<left>68</left>
								<top>-2</top>
								<width>350</width>
								<height>60</height>
								<font>font12</font>
								<label>$INFO[ListItem.ChannelName]</label>
								<textcolor>button_focus</textcolor>
								<aligny>center</aligny>
								<textoffsetx>10</textoffsetx>
							</control>
						</focusedchannellayout>
						<itemlayout height="62" width="60">
							<control type="image" id="2">
								<width>58</width>
								<height>58</height>
								<texture border="3" fallback="windows/pvr/epg-genres/0.png">$INFO[ListItem.Property(GenreType),windows/pvr/epg-genres/,.png]</texture>
							</control>
							<control type="label" id="1">
								<left>6</left>
								<top>0</top>
								<width>50</width>
								<height>36</height>
								<aligny>center</aligny>
								<font>font12</font>
								<label>$INFO[ListItem.Label]</label>
							</control>
							<control type="image">
								<left>6</left>
								<top>35</top>
								<width>20</width>
								<height>20</height>
								<texture>$VAR[PVRTimerIcon]</texture>
							</control>
						</itemlayout>
						<focusedlayout height="62" width="60">
							<control type="image" id="2">
								<top>2</top>
								<left>2</left>
								<width>54</width>
								<height>54</height>
								<texture colordiffuse="button_focus">lists/focus.png</texture>
								<visible>Control.HasFocus(10)</visible>
							</control>
							<control type="image" id="2">
								<width>58</width>
								<height>58</height>
								<texture border="8" colordiffuse="button_focus">buttons/thumbnail_focused.png</texture>
							</control>
							<control type="image" id="2">
								<width>58</width>
								<height>58</height>
								<top>0</top>
								<texture border="3" fallback="windows/pvr/epg-genres/0.png">$INFO[ListItem.Property(GenreType),windows/pvr/epg-genres/,.png]</texture>
								<visible>!Control.HasFocus(10)</visible>
							</control>
							<control type="label" id="1">
								<left>6</left>
								<top>0</top>
								<width>50</width>
								<height>36</height>
								<aligny>center</aligny>
								<font>font12</font>
								<label>$INFO[ListItem.Label]</label>
							</control>
							<control type="image">
								<left>6</left>
								<top>35</top>
								<width>20</width>
								<height>20</height>
								<texture>$VAR[PVRTimerIcon]</texture>
							</control>
						</focusedlayout>
					</control>
					<control type="scrollbar" id="60">
						<right>0</right>
						<top>47</top>
						<width>12</width>
						<bottom>340</bottom>
						<onleft>10</onleft>
						<onright>10</onright>
						<orientation>vertical</orientation>
						<texturesliderbackground colordiffuse="22FFFFFF">colors/white.png</texturesliderbackground>
						<animation effect="fade" start="100" end="40" time="0" condition="!system.getbool(input.enablemouse)">Conditional</animation>
					</control>
				</control>
				<control type="group">
					<bottom>0</bottom>
					<height>300</height>
					<control type="image">
						<left>10</left>
						<width>240</width>
						<height>200</height>
						<aspectratio align="right">keep</aspectratio>
						<fadetime>400</fadetime>
						<texture>$INFO[ListItem.Icon]</texture>
					</control>
					<control type="label">
						<top>-9</top>
						<left>300</left>
						<right>60</right>
						<height>30</height>
						<textcolor>button_focus</textcolor>
						<label>$INFO[ListItem.StartTime,, - ]$INFO[ListItem.EndTime]$INFO[ListItem.EpgEventTitle,  [COLOR white],[/COLOR]]$INFO[ListItem.EpisodeName, [COLOR grey](,)[/COLOR]]$INFO[ListItem.Genre,      $LOCALIZE[515]: [COLOR grey],[/COLOR]]</label>
					</control>
					<control type="textbox">
						<left>300</left>
						<top>38</top>
						<right>60</right>
						<height>173</height>
						<label>$INFO[ListItem.Plot]</label>
						<autoscroll delay="10000" time="0" repeat="10000">Skin.HasSetting(AutoScroll)</autoscroll>
					</control>
				</control>
			</control>
			<include content="TopBar">
				<param name="breadcrumbs_label" value="$VAR[BreadcrumbsPVRGuideVar]" />
				<param name="sublabel" value="" />
			</include>
			<include content="BottomBar">
				<param name="info_visible" value="true" />
			</include>
			<control type="group">
				<include>MediaMenuCommon</include>
				<include content="PVRSideBar">
					<param name="group_label2" value="$INFO[Control.GetLabel(30)]" />
				</include>
			</control>
		</control>
		<control type="label" id="29">
			<font></font>
			<include>HiddenObject</include>
		</control>
		<control type="label" id="30">
			<font></font>
			<include>HiddenObject</include>
		</control>
	</controls>
</window>
