<?xml version="1.0" encoding="UTF-8"?>
<includes>
	<include name="View_505_FullWall">
		<control type="group">
			<include>OpenClose_Right</include>
			<left>0</left>
			<top>0</top>
			<visible>Control.IsVisible(505)</visible>
			<include>Visible_Right</include>
			<control type="panel" id="505">
				<left>0</left>
				<top>0</top>
				<width>100%</width>
				<height>100%</height>
				<onleft>9000</onleft>
				<onright>531</onright>
				<onup condition="Integer.IsGreater(Container.NumPages,1)">500</onup>
				<onup condition="!Integer.IsGreater(Container.NumPages,1)">9000</onup>
				<ondown>505</ondown>
				<viewtype label="FullWall">icon</viewtype>
				<preloaditems>2</preloaditems>
				<pagecontrol>531</pagecontrol>
				<scrolltime tween="cubic" easing="out">0</scrolltime>
				<visible>Container.Content(movies) | Container.Content(sets) | Container.Content(tvshows) | Container.Content(seasons) | Container.Content(episodes) | Container.Content(artists) | Container.Content(albums) | Container.Content(musicvideos) | Container.Content(addons) | Container.Content(images) | Container.Content(videos)</visible>
				<itemlayout height="360" width="240" condition="Container.Content(movies) | Container.Content(sets) | Container.Content(tvshows) | Container.Content(seasons)">
					<control type="group">
						<top>0</top>
						<include>InfoFullWallMovieLayout</include>
					</control>
				</itemlayout>
				<focusedlayout height="360" width="240" condition="Container.Content(movies) | Container.Content(sets) | Container.Content(tvshows) | Container.Content(seasons)">
					<control type="group">
						<depth>DepthContentPopout</depth>
						<animation effect="zoom" start="100" end="110" time="0" tween="sine" easing="inout" center="120,180">Focus</animation>
						<animation effect="zoom" start="110" end="100" time="0" tween="sine" easing="inout" center="120,180">UnFocus</animation>
						<top>0</top>
						<include content="InfoFullWallMovieLayout">
							<param name="focused" value="true" />
						</include>
					</control>
				</focusedlayout>
				<itemlayout height="300" width="300" condition="Container.Content(episodes) | Container.Content(videos) | Container.Content(musicvideos)">
					<control type="group">
						<top>110</top>
						<include content="InfoWallEpisodeLayout">
							<param name="label" value="$INFO[ListItem.Label]" />
							<param name="thumb_label" value="$INFO[ListItem.Label2]" />
						</include>
					</control>
				</itemlayout>
				<focusedlayout height="300" width="300" condition="Container.Content(episodes) | Container.Content(videos) | Container.Content(musicvideos)">
					<control type="group">
						<depth>DepthContentPopout</depth>
						<animation effect="zoom" start="100" end="110" time="0" tween="sine" easing="inout" center="160,280">Focus</animation>
						<animation effect="zoom" start="110" end="100" time="0" tween="sine" easing="inout" center="160,280">UnFocus</animation>
						<top>110</top>
						<include content="InfoWallEpisodeLayout">
							<param name="focused" value="true" />
							<param name="thumb_label" value="$INFO[ListItem.Label2]" />
						</include>
					</control>
				</focusedlayout>
				<itemlayout height="425" width="442" condition="Container.Content(images)">
					<control type="group">
						<left>40</left>
						<top>150</top>
						<include>InfoWallPictureLayout</include>
					</control>
				</itemlayout>
				<focusedlayout height="425" width="442" condition="Container.Content(images)">
					<control type="group">
						<depth>DepthContentPopout</depth>
						<animation effect="zoom" start="100" end="110" time="0" tween="sine" easing="inout" center="220,330">Focus</animation>
						<animation effect="zoom" start="110" end="100" time="0" tween="sine" easing="inout" center="220,330">UnFocus</animation>
						<left>40</left>
						<top>150</top>
						<include content="InfoWallPictureLayout">
							<param name="focused" value="true" />
						</include>
					</control>
				</focusedlayout>
				<itemlayout height="400" width="300" condition="Container.Content(artists) | Container.Content(albums)">
					<control type="group">
						<top>150</top>
						<include content="InfoWallMusicLayout">
							<param name="fallback_image" value="DefaultMusicSongs.png" />
						</include>
					</control>
				</itemlayout>
				<focusedlayout height="400" width="300" condition="Container.Content(artists) | Container.Content(albums)">
					<control type="group">
						<depth>DepthContentPopout</depth>
						<top>150</top>
						<animation effect="zoom" start="100" end="110" time="0" tween="sine" easing="inout" center="160,350">Focus</animation>
						<animation effect="zoom" start="110" end="100" time="0" tween="sine" easing="inout" center="160,350">UnFocus</animation>
						<include content="InfoWallMusicLayout">
							<param name="fallback_image" value="DefaultMusicSongs.png" />
							<param name="focused" value="true" />
						</include>
					</control>
				</focusedlayout>
				<itemlayout height="390" width="300" condition="Container.Content(addons)">
					<control type="group">
						<top>150</top>
						<include content="InfoWallMusicLayout">
							<param name="fallback_image" value="DefaultAddon.png" />
						</include>
					</control>
				</itemlayout>
				<focusedlayout height="390" width="300" condition="Container.Content(addons)">
					<control type="group">
						<depth>DepthContentPopout</depth>
						<top>150</top>
						<animation effect="zoom" start="100" end="110" time="0" tween="sine" easing="inout" center="150,350">Focus</animation>
						<animation effect="zoom" start="110" end="100" time="0" tween="sine" easing="inout" center="150,350">UnFocus</animation>
						<include content="InfoWallMusicLayout">
							<param name="fallback_image" value="DefaultAddon.png" />
							<param name="focused" value="true" />
						</include>
					</control>
				</focusedlayout>
			</control>
		</control>
	</include>
</includes>
