<?xml version="1.0" encoding="utf-8"?>
<window type="dialog">
    <allowoverlay>no</allowoverlay>
    <defaultcontrol always="false">101</defaultcontrol>
    <coordinates>
        <system>1</system>
        <left>0</left>
        <top>0</top>
    </coordinates>

    <controls>
        <control type="label" id="100">
            <description>tabs visibility marker</description>
            <visible>false</visible>
        </control>
		<!-- Background Images -->
        <control type="image">
            <description>Background</description>
			<left>0</left>
            <top>0</top>
            <width>1280</width>
            <height>720</height>
            <texture>-</texture>
            <visible>true</visible>
        </control>
		<control type="image">
			<description>Main area background</description>
			<left>0</left>
			<top>60</top>
			<width>1280</width>
			<height>498</height>
			<texture>black.png</texture>
			<visible>true</visible>
		</control>
		<!--Header Information-->
		<control type="image">
            <description>Header</description>
			<left>0</left>
            <top>0</top>
            <width>1280</width>
            <height>58</height>
            <texture>black.png</texture>
            <visible>true</visible>
        </control>
        <control type="label" id="4024">
            <description>Channel Name</description>
            <left>180</left>
            <top>10</top>
            <width>350</width>
            <height>40</height>
            <font>font13_title</font>
            <textcolor>white</textcolor>
            <label></label>
            <align>left</align>
			<scroll>true</scroll>
        </control>
        <control type="label">
			<description>Setup stream</description>
            <left>40</left>
            <top>10</top>
            <width>500</width>
            <height>40</height>
            <label>$ADDON[script.tvguide.fullscreen 30600]:</label>
            <align>left</align>
        </control>
		<!-- Footer Information -->
		<control type="image">
            <description>Footer</description>
			<left>0</left>
            <top>560</top>
            <width>1280</width>
            <height>160</height>
            <texture>black.png</texture>
            <visible>true</visible>
        </control>
		<!-- Video Preview -->
		<control type="image">
            <description>Current/Preview background</description>
			<left>10</left>
            <top>316</top>
            <width>648</width>
            <height>368</height>
            <texture>menu-grey.png</texture>
			<bordertexture>aqua.png</bordertexture>
			<bordersize>2</bordersize>
            <visible>true</visible>
        </control>
		<control type="image">
			<description>Current/Preview backup</description>
            <left>12</left>
            <top>318</top>
            <width>640</width>
            <height>360</height>
            <aspectratio>keep</aspectratio>
            <texture>tv.png</texture>
            <visible>true</visible>
		</control>
		<!-- Programme image doesn't exist in stream setup -->
		<control type="image" id="4025">
            <description>Programme image</description>
            <left>14</left>
            <top>320</top>
            <width>640</width>
            <height>360</height>
            <aspectratio>keep</aspectratio>
            <texture>-</texture>
        </control>
		<control type="image" id="4023">
            <description>Channel Logo</description>
            <left>592</left>
            <top>618</top>
            <width>60</width>
            <height>60</height>
        </control>
		<control type="videowindow">
            <description>Preview/Current Video</description>
			<left>14</left>
            <top>320</top>
            <width>640</width>
            <height>360</height>
        </control>

		<!-- Header Buttons -->
        <control type="button" id="101">
            <description>STRM|M3U</description>
			<left>732r</left>
            <top>10</top>
            <width>173</width>
            <height>40</height>
            <align>center</align>
            <aligny>center</aligny>
            <font>font13</font>
            <textcolor>white</textcolor>
			<focusedcolor>cyan</focusedcolor>
            <label>STRM|M3U</label>
            <texturefocus>menu-grey-focus.png</texturefocus>
            <texturenofocus>menu-grey.png</texturenofocus>
            <onleft>104</onleft>
            <onright>102</onright>
            <ondown>1001</ondown>
        </control>
        <control type="button" id="102">
			<description>Favorites</description>
            <left>559r</left>
            <top>10</top>
            <width>173</width>
            <height>40</height>
            <align>center</align>
            <aligny>center</aligny>
            <font>font13</font>
            <textcolor>white</textcolor>
			<focusedcolor>cyan</focusedcolor>
            <label>$ADDON[script.tvguide.fullscreen 30602]</label>
            <texturefocus>menu-grey-focus.png</texturefocus>
            <texturenofocus>menu-grey.png</texturenofocus>
            <onleft>101</onleft>
            <onright>103</onright>
            <ondown>2001</ondown>
        </control>
        <control type="button" id="103">
			<description>Addons</description>
            <left>386r</left>
            <top>10</top>
            <width>173</width>
            <height>40</height>
            <align>center</align>
            <aligny>center</aligny>
            <font>font13</font>
            <textcolor>white</textcolor>
			<focusedcolor>cyan</focusedcolor>
            <label>$ADDON[script.tvguide.fullscreen 30603]</label>
            <texturefocus>menu-grey-focus.png</texturefocus>
            <texturenofocus>menu-grey.png</texturenofocus>
            <onleft>102</onleft>
            <onright>104</onright>
            <ondown>3001</ondown>
        </control>
        <control type="button" id="104">
			<description>Browse</description>
            <left>213r</left>
            <top>10</top>
            <width>173</width>
            <height>40</height>
            <align>center</align>
            <aligny>center</aligny>
            <font>font13</font>
            <textcolor>white</textcolor>
			<focusedcolor>cyan</focusedcolor>
            <label>Browse</label>
            <texturefocus>menu-grey-focus.png</texturefocus>
            <texturenofocus>menu-grey.png</texturenofocus>
            <onleft>103</onleft>
            <onright>101</onright>
            <ondown>4001</ondown>
        </control>

		<!-- STRM|M3U Layout -->
        <control type="group" id="1000">
            <left>0</left>
            <top>60</top>
            <width>1280</width>
            <height>498</height>
            <visible>StringCompare(Control.GetLabel(100),strm)</visible>
            <control type="textbox">
                <left>100</left>
                <top>100</top>
                <width>200</width>
                <height>30</height>
                <align>left</align>
                <label>Chosen stream file:</label>
                <wrapmultiline>true</wrapmultiline>
            </control>
            <control type="button" id="1001">
                <description>Single Stream From Playlist</description>
                <left>40</left>
                <top>60</top>
                <width>170</width>
                <height>30</height>
                <label>Browse File...</label>
                <align>center</align>
                <aligny>center</aligny>
                <font>font13</font>
                <textcolor>white</textcolor>
                <focusedcolor>cyan</focusedcolor>
                <texturefocus>menu-grey-focus.png</texturefocus>
                <texturenofocus>menu-grey.png</texturenofocus>
                <onup>101</onup>
                <onright>1006</onright>
                <ondown>1002</ondown>
            </control>

            <control type="button" id="1006">
                <description>Import Playlist</description>
                <left>210</left>
                <top>60</top>
                <width>170</width>
                <height>30</height>
                <label>Import Playlist</label>
                <align>center</align>
                <aligny>center</aligny>
                <font>font13</font>
                <textcolor>white</textcolor>
                <focusedcolor>cyan</focusedcolor>
                <texturefocus>menu-grey-focus.png</texturefocus>
                <texturenofocus>menu-grey.png</texturenofocus>
                <onup>101</onup>
                <onleft>1001</onleft>
                <onright>1002</onright>
                <ondown>1002</ondown>
            </control>

            <control type="textbox" id="1005">
                <description>Stream location</description>
				<left>300</left>
                <top>100</top>
                <width>1000</width>
                <height>30</height>
                <wrapmultiline>true</wrapmultiline>
            </control>
			<!--Preview, Save, Cancel Buttons when Stream selected-->
            <control type="button" id="1002">
                <left>680</left>
                <top>530</top>
                <width>173</width>
                <height>40</height>
                <align>center</align>
                <aligny>center</aligny>
                <font>font13</font>
                <textcolor>white</textcolor>
				<focusedcolor>cyan</focusedcolor>
                <label>$ADDON[script.tvguide.fullscreen 30604]</label>
                <texturefocus>menu-grey-focus.png</texturefocus>
                <texturenofocus>menu-grey.png</texturenofocus>
                <onup>101</onup>
                <onleft>1006</onleft>
                <onright>1003</onright>
            </control>
            <control type="button" id="1003">
                <left>853</left>
                <top>530</top>
                <width>173</width>
                <height>40</height>
                <align>center</align>
                <aligny>center</aligny>
                <font>font13</font>
                <textcolor>white</textcolor>
				<focusedcolor>cyan</focusedcolor>
                <label>$ADDON[script.tvguide.fullscreen 30605]</label>
                <texturefocus>menu-grey-focus.png</texturefocus>
                <texturenofocus>menu-grey.png</texturenofocus>
                <onup>101</onup>
                <onleft>1002</onleft>
                <onright>1004</onright>
            </control>
            <control type="button" id="1004">
                <left>1026</left>
                <top>530</top>
                <width>173</width>
                <height>40</height>
                <align>center</align>
                <aligny>center</aligny>
                <font>font13</font>
                <textcolor>white</textcolor>
				<focusedcolor>cyan</focusedcolor>
                <label>$ADDON[script.tvguide.fullscreen 30606]</label>
                <texturefocus>menu-grey-focus.png</texturefocus>
                <texturenofocus>menu-grey.png</texturenofocus>
                <onup>101</onup>
                <onleft>1003</onleft>
            </control>

        </control>

		<!-- Favourites Layout -->
        <control type="group" id="2000">
            <left>0</left>
            <top>60</top>
            <width>552</width>
            <height>498</height>
            <visible>StringCompare(Control.GetLabel(100),favourites)</visible>
            <control type="textbox">
                <description>Favorite description</description>
				<left>60</left>
                <top>10</top>
                <width>350</width>
                <height>80</height>
                <align>left</align>
                <label>$ADDON[script.tvguide.fullscreen 30620]</label>
                <wrapmultiline>true</wrapmultiline>
            </control>
            <control type="list" id="2001">
                <description>Favorite list</description>
				<left>800</left>
                <top>10</top>
                <width>300</width>
                <height>480</height>
                <viewtype label="list">list</viewtype>
                <orientation>vertical</orientation>
                <focusposition>7</focusposition>
                <onleft>102</onleft>
				<onup>102</onup>
                <onright>2002</onright>
                <itemlayout width="300" height="40">
                    <control type="image">
                        <left>0</left>
                        <top>0</top>
                        <width>300</width>
                        <height>38</height>
                        <texture>menu-grey.png</texture>
                    </control>
                    <control type="label">
                        <left>16</left>
                        <top>0</top>
                        <width>300</width>
                        <height>38</height>
                        <aligny>center</aligny>
                        <font>font13</font>
                        <textcolor>white</textcolor>
                        <info>ListItem.Label</info>
                    </control>
                </itemlayout>
                <focusedlayout width="300" height="40">
                    <control type="image">
                        <left>0</left>
                        <top>0</top>
                        <width>300</width>
                        <height>38</height>
                        <texture>menu-grey.png</texture>
                        <visible>!Control.HasFocus(2001)</visible>
                    </control>
                    <control type="image">
                        <left>0</left>
                        <top>0</top>
                        <width>300</width>
                        <height>38</height>
                        <texture>menu-grey-focus.png</texture>
                        <visible>Control.HasFocus(2001)</visible>
                    </control>
                    <control type="label">
                        <left>16</left>
                        <top>0</top>
                        <width>300</width>
                        <height>38</height>
                        <aligny>center</aligny>
                        <font>font13</font>
                        <textcolor>cyan</textcolor>
                        <info>ListItem.Label</info>
                    </control>
                    <control type="image">
                        <left>275</left>
                        <top>9</top>
                        <width>20</width>
                        <height>20</height>
                        <texture>tvguide-bullet.png</texture>
                    </control>
                </focusedlayout>
            </control>
			<!-- Preview, Save, Cancel buttons -->
            <control type="button" id="2002">
                <left>680</left>
                <top>530</top>
                <width>173</width>
                <height>40</height>
                <align>center</align>
                <aligny>center</aligny>
                <font>font13</font>
                <textcolor>white</textcolor>
				<focusedcolor>cyan</focusedcolor>
                <label>$ADDON[script.tvguide.fullscreen 30604]</label>
                <texturefocus>menu-grey-focus.png</texturefocus>
                <texturenofocus>menu-grey.png</texturenofocus>
                <onup>102</onup>
                <onleft>2001</onleft>
                <onright>2003</onright>
            </control>
            <control type="button" id="2003">
                <left>853</left>
                <top>530</top>
                <width>173</width>
                <height>40</height>
                <align>center</align>
                <aligny>center</aligny>
                <font>font13</font>
                <textcolor>white</textcolor>
				<focusedcolor>cyan</focusedcolor>
                <label>$ADDON[script.tvguide.fullscreen 30605]</label>
                <texturefocus>menu-grey-focus.png</texturefocus>
                <texturenofocus>menu-grey.png</texturenofocus>
                <onup>102</onup>
                <onleft>2002</onleft>
                <onright>2004</onright>
            </control>
            <control type="button" id="2004">
                <left>1026</left>
                <top>530</top>
                <width>173</width>
                <height>40</height>
                <align>center</align>
                <aligny>center</aligny>
                <font>font13</font>
                <textcolor>white</textcolor>
				<focusedcolor>cyan</focusedcolor>
                <label>$ADDON[script.tvguide.fullscreen 30606]</label>
                <texturefocus>menu-grey-focus.png</texturefocus>
                <texturenofocus>menu-grey.png</texturenofocus>
                <onup>102</onup>
                <onleft>2003</onleft>
            </control>
        </control>

		<!-- Addons Layout -->
        <control type="group" id="3000">
            <left>0</left>
            <top>60</top>
            <width>1280</width>
            <height>498</height>
            <visible>StringCompare(Control.GetLabel(100),addons)</visible>

            <control type="image">
                <description>Up arrow</description>
				<left>40</left>
                <top>20</top>
                <width>150</width>
                <height>12</height>
				<aspectratio>keep</aspectratio>
                <texture>tvguide-channel-arrow.png</texture>
            </control>
            <control type="image">
				<description>Down arrow</description>
                <left>40</left>
                <top>208</top>
                <width>150</width>
                <height>-12</height>
				<aspectratio>keep</aspectratio>
                <texture>tvguide-channel-arrow.png</texture>
            </control>

			<!-- Addon Image List -->
            <control type="wraplist" id="3001">
                <left>40</left>
                <top>40</top>
                <width>150</width>
                <height>150</height>
                <aspectratio>keep</aspectratio>
                <viewtype label="list">list</viewtype>
                <orientation>vertical</orientation>
                <focusposition>0</focusposition>
                <onleft>103</onleft>
                <onright>3002</onright>

                <itemlayout width="212" height="212">
                    <control type="image">
                        <left>0</left>
                        <top>0</top>
                        <width>150</width>
                        <height>150</height>
                        <texture>menu-grey.png</texture>
                    </control>
                    <control type="image">
                        <left>10</left>
                        <top>10</top>
                        <width>130</width>
                        <height>130</height>
                        <info>ListItem.Icon</info>
                    </control>
                </itemlayout>
                <focusedlayout width="150" height="150">
                    <control type="image">
                        <left>0</left>
                        <top>0</top>
                        <width>150</width>
                        <height>150</height>
                        <texture>menu-grey.png</texture>
                        <visible>!Control.HasFocus(3001)</visible>
                    </control>
                    <control type="image">
                        <left>0</left>
                        <top>0</top>
                        <width>150</width>
                        <height>150</height>
                        <texture>menu-grey.png</texture>
						<bordertexture>aqua.png</bordertexture>
						<bordersize>2</bordersize>
                        <visible>Control.HasFocus(3001)</visible>
                    </control>
                    <control type="image">
                        <left>10</left>
                        <top>10</top>
                        <width>130</width>
                        <height>130</height>
                        <info>ListItem.Icon</info>
                    </control>
                </focusedlayout>
            </control>

			<!-- Addon title and description -->
            <control type="label" id="3003">
                <left>210</left>
                <top>40</top>
                <width>300</width>
                <height>40</height>
                <label>[B][/B]</label>
                <textcolor>cyan</textcolor>
            </control>
            <control type="textbox" id="3004">
                <left>210</left>
                <top>70</top>
                <width>450</width>
                <height>100</height>
                <label/>
                <align>left</align>
                <wrapmultiline>true</wrapmultiline>
                <autoscroll time="3600" delay="6000" repeat="6000">true</autoscroll>
            </control>

			<!-- Addon Item List -->
            <control type="list" id="3002">
                <left>800</left>
                <top>10</top>
                <width>300</width>
                <height>480</height>
                <viewtype label="list">list</viewtype>
                <orientation>vertical</orientation>
                <focusposition>7</focusposition>
                <onleft>3001</onleft>
                <onright>3005</onright>
				<onup>103</onup>
                <itemlayout width="300" height="40">
                    <control type="image">
                        <left>0</left>
                        <top>0</top>
                        <width>300</width>
                        <height>38</height>
                        <texture>menu-grey.png</texture>
                    </control>
                    <control type="label">
                        <left>16</left>
                        <top>0</top>
                        <width>300</width>
                        <height>38</height>
                        <aligny>center</aligny>
                        <font>font13</font>
                        <textcolor>white</textcolor>
						<focusedcolor>cyan</focusedcolor>
                        <info>ListItem.Label</info>
                    </control>
                </itemlayout>
                <focusedlayout width="300" height="40">
                    <control type="image">
                        <left>0</left>
                        <top>0</top>
                        <width>300</width>
                        <height>38</height>
                        <texture>menu-grey-focus.png</texture>
                        <visible>Control.HasFocus(3002)</visible>
                    </control>
					<control type="image">
                        <left>0</left>
                        <top>0</top>
                        <width>300</width>
                        <height>38</height>
                        <texture>menu-grey.png</texture>
                        <visible>!Control.HasFocus(4002)</visible>
                    </control>
                    <control type="label">
                        <left>16</left>
                        <top>0</top>
                        <width>300</width>
                        <height>38</height>
                        <aligny>center</aligny>
                        <font>font13</font>
                        <textcolor>white</textcolor>
						<focusedcolor>cyan</focusedcolor>
                        <info>ListItem.Label</info>
                    </control>
                    <control type="image">
                        <left>275</left>
                        <top>9</top>
                        <width>20</width>
                        <height>20</height>
                        <texture>tvguide-bullet.png</texture>
                    </control>
                </focusedlayout>
            </control>

            <control type="button" id="3005">
				<description>Preview</description>
                <left>680</left>
                <top>530</top>
                <width>173</width>
                <height>40</height>
                <align>center</align>
                <aligny>center</aligny>
                <font>font13</font>
                <textcolor>white</textcolor>
				<focusedcolor>cyan</focusedcolor>
                <label>$ADDON[script.tvguide.fullscreen 30604]</label>
                <texturefocus>menu-grey-focus.png</texturefocus>
                <texturenofocus>menu-grey.png</texturenofocus>
                <onup>103</onup>
                <onleft>3002</onleft>
                <onright>3006</onright>
            </control>
            <control type="button" id="3006">
                <description>Save</description>
				<left>853</left>
                <top>530</top>
                <width>173</width>
                <height>40</height>
                <align>center</align>
                <aligny>center</aligny>
                <font>font13</font>
                <textcolor>white</textcolor>
				<focusedcolor>cyan</focusedcolor>
                <label>$ADDON[script.tvguide.fullscreen 30605]</label>
                <texturefocus>menu-grey-focus.png</texturefocus>
                <texturenofocus>menu-grey.png</texturenofocus>
                <onup>103</onup>
                <onleft>3005</onleft>
                <onright>3007</onright>
            </control>
            <control type="button" id="3007">
                <description>Cancel</description>
				<left>1026</left>
                <top>530</top>
                <width>173</width>
                <height>40</height>
                <align>center</align>
                <aligny>center</aligny>
                <font>font13</font>
                <textcolor>white</textcolor>
				<focusedcolor>cyan</focusedcolor>
                <label>$ADDON[script.tvguide.fullscreen 30606]</label>
                <texturefocus>menu-grey-focus.png</texturefocus>
                <texturenofocus>menu-grey.png</texturenofocus>
                <onup>103</onup>
                <onleft>3006</onleft>
            </control>

        </control>

        <!-- Browse Layout -->
		<control type="group" id="4000">
            <left>0</left>
            <top>60</top>
            <width>1280</width>
            <height>498</height>
            <visible>StringCompare(Control.GetLabel(100),browse)</visible>

            <control type="image">
                <description>Up arrow</description>
				<left>40</left>
                <top>20</top>
                <width>150</width>
                <height>12</height>
				<aspectratio>keep</aspectratio>
                <texture>tvguide-channel-arrow.png</texture>
            </control>
            <control type="image">
				<description>Down arrow</description>
                <left>40</left>
                <top>208</top>
                <width>150</width>
                <height>-12</height>
				<aspectratio>keep</aspectratio>
                <texture>tvguide-channel-arrow.png</texture>
            </control>

			<!-- Browse Addon Image List -->
            <control type="wraplist" id="4001">
                <left>40</left>
                <top>40</top>
                <width>150</width>
                <height>150</height>
                <aspectratio>keep</aspectratio>
                <viewtype label="list">list</viewtype>
                <orientation>vertical</orientation>
                <focusposition>0</focusposition>
                <onleft>104</onleft>
                <onright>4008</onright>
                <itemlayout width="212" height="212">
                    <control type="image">
                        <left>0</left>
                        <top>0</top>
                        <width>150</width>
                        <height>150</height>
                        <texture>menu-grey.png</texture>
                    </control>
                    <control type="image">
                        <left>10</left>
                        <top>10</top>
                        <width>130</width>
                        <height>130</height>
                        <info>ListItem.Icon</info>
                    </control>
                </itemlayout>
                <focusedlayout width="150" height="150">
                    <control type="image">
                        <left>0</left>
                        <top>0</top>
                        <width>150</width>
                        <height>150</height>
                        <texture>menu-grey.png</texture>
                        <visible>!Control.HasFocus(4001)</visible>
                    </control>
                    <control type="image">
                        <left>0</left>
                        <top>0</top>
                        <width>150</width>
                        <height>150</height>
                        <texture>menu-grey.png</texture>
						<bordertexture>aqua.png</bordertexture>
						<bordersize>2</bordersize>
                        <visible>Control.HasFocus(4001)</visible>
                    </control>
                    <control type="image">
                        <left>10</left>
                        <top>10</top>
                        <width>130</width>
                        <height>130</height>
                        <info>ListItem.Icon</info>
                    </control>
                </focusedlayout>
            </control>

			<!-- Browse addon title and description -->
            <control type="label">
                <left>210</left>
                <top>40</top>
                <width>450</width>
                <height>30</height>
                <aligny>center</aligny>
                <font>font13</font>
                <textcolor>white</textcolor>
				<focusedcolor>cyan</focusedcolor>
                <label>SELECT ADDON AND WAIT UNTIL LOADED</label>
            </control>
			<control type="label" id="4003">
                <left>210</left>
                <top>70</top>
                <width>450</width>
                <height>40</height>
                <label>[B][/B]</label>
                <textcolor>cyan</textcolor>
            </control>
            <control type="textbox" id="4004">
                <left>210</left>
                <top>100</top>
                <width>450</width>
                <height>70</height>
                <label/>
                <align>left</align>
                <wrapmultiline>true</wrapmultiline>
                <autoscroll time="3600" delay="6000" repeat="6000">true</autoscroll>
            </control>
			<control type="button" id="4009">
                <left>210</left>
                <top>190</top>
                <width>173</width>
                <height>40</height>
                <align>center</align>
                <aligny>center</aligny>
                <font>font13</font>
                <textcolor>white</textcolor>
				<focusedcolor>cyan</focusedcolor>
                <label>Add Folder</label>
                <texturefocus>menu-grey-focus.png</texturefocus>
                <texturenofocus>menu-grey.png</texturenofocus>
                <onup>104</onup>
                <onleft>4001</onleft>
                <onright>4008</onright>
				<!--<visible>Control.IsEnabled(4004)</visible>-->
            </control>

			<!-- Browse Addon list items 1st half-->
            <control type="list" id="4008">
                <left>668</left>
                <top>10</top>
                <width>300</width>
                <height>480</height>
                <viewtype label="list">list</viewtype>
                <orientation>vertical</orientation>
                <focusposition>7</focusposition>
                <onleft>4009</onleft>
                <onright>4002</onright>
				<onup>104</onup>
                <itemlayout width="300" height="40">
                    <control type="image">
                        <left>0</left>
                        <top>0</top>
                        <width>300</width>
                        <height>38</height>
                        <texture>menu-grey.png</texture>
                    </control>
                    <control type="label">
                        <left>16</left>
                        <top>0</top>
                        <width>300</width>
                        <height>38</height>
                        <aligny>center</aligny>
                        <font>font13</font>
                        <textcolor>white</textcolor>
						<focusedcolor>cyan</focusedcolor>
                        <info>ListItem.Label</info>
                    </control>
                </itemlayout>
                <focusedlayout width="300" height="40">
                    <control type="image">
                        <left>0</left>
                        <top>0</top>
                        <width>300</width>
                        <height>38</height>
                        <texture>menu-grey.png</texture>
                        <visible>!Control.HasFocus(4008)</visible>
                    </control>
                    <control type="image">
                        <left>0</left>
                        <top>0</top>
                        <width>300</width>
                        <height>38</height>
                        <texture>menu-grey-focus.png</texture>
                        <visible>Control.HasFocus(4008)</visible>
                    </control>
                    <control type="label">
                        <left>16</left>
                        <top>0</top>
                        <width>300</width>
                        <height>38</height>
                        <aligny>center</aligny>
                        <font>font13</font>
                        <textcolor>white</textcolor>
						<focusedcolor>cyan</focusedcolor>
                        <info>ListItem.Label</info>
                    </control>
                    <control type="image">
                        <left>275</left>
                        <top>9</top>
                        <width>20</width>
                        <height>20</height>
                        <texture>tvguide-bullet.png</texture>
                    </control>
                </focusedlayout>
            </control>
			<!-- Browse Addon list items 2nd half-->
            <control type="list" id="4002">
                <left>968</left>
                <top>10</top>
                <width>300</width>
                <height>480</height>
                <viewtype label="list">list</viewtype>
                <orientation>vertical</orientation>
                <focusposition>7</focusposition>
                <onleft>4008</onleft>
                <onright>4005</onright>
				<onup>104</onup>
                <itemlayout width="300" height="40">
                    <control type="image">
                        <left>0</left>
                        <top>0</top>
                        <width>300</width>
                        <height>38</height>
                        <texture>menu-grey.png</texture>
                    </control>
                    <control type="label">
                        <left>16</left>
                        <top>0</top>
                        <width>300</width>
                        <height>38</height>
                        <aligny>center</aligny>
                        <font>font13</font>
                        <textcolor>white</textcolor>
						<focusedcolor>cyan</focusedcolor>
                        <info>ListItem.Label</info>
                    </control>
                </itemlayout>
                <focusedlayout width="300" height="40">
                    <control type="image">
                        <left>0</left>
                        <top>0</top>
                        <width>300</width>
                        <height>38</height>
                        <texture>menu-grey.png</texture>
                        <visible>!Control.HasFocus(4002)</visible>
                    </control>
                    <control type="image">
                        <left>0</left>
                        <top>0</top>
                        <width>300</width>
                        <height>38</height>
                        <texture>menu-grey-focus.png</texture>
                        <visible>Control.HasFocus(4002)</visible>
                    </control>
                    <control type="label">
                        <left>16</left>
                        <top>0</top>
                        <width>300</width>
                        <height>38</height>
                        <aligny>center</aligny>
                        <font>font13</font>
                        <textcolor>white</textcolor>
                        <info>ListItem.Label</info>
                    </control>
                    <control type="image">
                        <left>275</left>
                        <top>9</top>
                        <width>20</width>
                        <height>20</height>
                        <texture>tvguide-bullet.png</texture>
                    </control>
                </focusedlayout>
            </control>

			<!--Browse button list-->
            <control type="button" id="4005">
                <description>Preview stream</description>
				<left>680</left>
                <top>530</top>
                <width>173</width>
                <height>40</height>
                <align>center</align>
                <aligny>center</aligny>
                <font>font13</font>
                <textcolor>white</textcolor>
				<focusedcolor>cyan</focusedcolor>
                <label>$ADDON[script.tvguide.fullscreen 30604]</label>
                <texturefocus>menu-grey-focus.png</texturefocus>
                <texturenofocus>menu-grey.png</texturenofocus>
                <onup>104</onup>
                <onleft>4009</onleft>
                <onright>4006</onright>
            </control>
            <control type="button" id="4006">
				<description>Save</description>
				<left>853</left>
                <top>530</top>
                <width>173</width>
                <height>40</height>
                <align>center</align>
                <aligny>center</aligny>
                <font>font13</font>
                <textcolor>white</textcolor>
				<focusedcolor>cyan</focusedcolor>
                <label>$ADDON[script.tvguide.fullscreen 30605]</label>
                <texturefocus>menu-grey-focus.png</texturefocus>
                <texturenofocus>menu-grey.png</texturenofocus>
				<onup>104</onup>
                <onleft>4005</onleft>
                <onright>4007</onright>
            </control>
            <control type="button" id="4007">
                <description>Cancel</description>
				<left>1026</left>
                <top>530</top>
                <width>173</width>
                <height>40</height>
                <align>center</align>
                <aligny>center</aligny>
                <font>font13</font>
                <textcolor>white</textcolor>
				<focusedcolor>cyan</focusedcolor>
                <label>$ADDON[script.tvguide.fullscreen 30606]</label>
                <texturefocus>menu-grey-focus.png</texturefocus>
                <texturenofocus>menu-grey.png</texturenofocus>
                <onup>104</onup>
				<onright>104</onright>
                <onleft>4006</onleft>
            </control>
        </control>
    </controls>
</window>