<?xml version="1.0" encoding="utf-8"?>
<window>
    <allowoverlay>no</allowoverlay>
    <coordinates>
        <system>1</system>
        <posx>0</posx>
        <posy>0</posy>
    </coordinates>
    <controls>
        <control type="image">
            <description>workaround for texture not being loaded</description>
            <posx>-10000</posx>
            <posy>-10000</posy>
            <width>1</width>
            <height>1</height>
            <texture>tvg-program-focus.png</texture>
        </control>
        <control type="image">
            <description>workaround for texture not being loaded</description>
            <posx>-10000</posx>
            <posy>-10000</posy>
            <width>1</width>
            <height>1</height>
            <texture>tvg-program-nofocus.png</texture>
        </control>
        <control type="image">
            <description>workaround for texture not being loaded</description>
            <posx>-10000</posx>
            <posy>-10000</posy>
            <width>1</width>
            <height>1</height>
            <texture>tvg-playing-focus.png</texture>
        </control>
        <control type="image">
            <description>workaround for texture not being loaded</description>
            <posx>-10000</posx>
            <posy>-10000</posy>
            <width>1</width>
            <height>1</height>
            <texture>tvg-playing-nofocus.png</texture>
        </control>
        <control type="image">
            <description>workaround for texture not being loaded</description>
            <posx>-10000</posx>
            <posy>-10000</posy>
            <width>1</width>
            <height>1</height>
            <texture>tvg-remind-focus.png</texture>
        </control>
        <control type="image">
            <description>workaround for texture not being loaded</description>
            <posx>-10000</posx>
            <posy>-10000</posy>
            <width>1</width>
            <height>1</height>
            <texture>tvg-remind-nofocus.png</texture>
        </control>
        <control type="image">
            <description>workaround for texture not being loaded</description>
            <posx>-10000</posx>
            <posy>-10000</posy>
            <width>1</width>
            <height>1</height>
            <texture>tvg-autoplay-focus.png</texture>
        </control>
        <control type="image">
            <description>workaround for texture not being loaded</description>
            <posx>-10000</posx>
            <posy>-10000</posy>
            <width>1</width>
            <height>1</height>
            <texture>tvg-autoplay-nofocus.png</texture>
        </control>
        <control type="image">
            <description>workaround for texture not being loaded</description>
            <posx>-10000</posx>
            <posy>-10000</posy>
            <width>1</width>
            <height>1</height>
            <texture>background-cover.png</texture>
        </control>
        <control type="image">
            <description>workaround for texture not being loaded</description>
            <posx>-10000</posx>
            <posy>-10000</posy>
            <width>1</width>
            <height>1</height>
            <texture>background-cover2.png</texture>
        </control>
        <control type="image">
            <description>workaround for texture not being loaded</description>
            <posx>-10000</posx>
            <posy>-10000</posy>
            <width>1</width>
            <height>1</height>
            <texture>tvg-programs-back.png</texture>
        </control>
        <control type="image">
            <description>workaround for texture not being loaded</description>
            <posx>-10000</posx>
            <posy>-10000</posy>
            <width>1</width>
            <height>1</height>
            <texture>tvguide-program-red.png</texture>
        </control>
        <control type="image">
            <description>workaround for texture not being loaded</description>
            <posx>-10000</posx>
            <posy>-10000</posy>
            <width>1</width>
            <height>1</height>
            <texture>tvguide-program-red-focus.png</texture>
        </control>

        <control type="image">
            <description>background</description>
            <posx>0</posx>
            <posy>0</posy>
            <width>1280</width>
            <height>720</height>
            <texture>black.png</texture>
            <visible>true</visible>
        </control>

        <control type="image">
            <description>blackout on play</description>
            <posx>0</posx>
            <posy>0</posy>
            <width>1280</width>
            <height>720</height>
            <texture>black.png</texture>
            <visible>Control.IsVisible(5000)</visible>
        </control>
        <!-- Background -->


        <control type="label" id="5000">
            <description>visibility marker for TV Guide group</description>
        </control>
        <control type="group">
            <description>TV Guide group</description>
            <posx>0</posx>
            <posy>60</posy>
            <width>1280</width>
            <height>660</height>
            <visible>!Control.IsVisible(5000)</visible>

            <control type="button" id="5001">
                <description>marker for EPG data view - should be hidden!</description>
                <posx>180</posx>
                <posy>60</posy>
                <width>1100</width>
                <height>450</height>
                <visible>false</visible>
            </control>

            <control type="image" id="4600">
                <description>background</description>
                <posx>0</posx>
                <posy>-2</posy>
                <width>1280</width>
                <height>450</height>
                <texture>black.png</texture>
                <visible>true</visible>
                <aspectratio>scale</aspectratio>
                <align>center</align>
                <aligny>center</aligny>
                <fadetime>200</fadetime>
            </control>
            <control type="image">
                <description>background</description>
                <posx>0</posx>
                <posy>-2</posy>
                <width>1280</width>
                <height>450</height>
                <texture>black-back.png</texture>
                <visible>!Control.IsVisible(4200)</visible>
                <aspectratio>scale</aspectratio>
                <align>center</align>
                <aligny>center</aligny>
                <fadetime>200</fadetime>
            </control>



            <control type="image" id="4601">
                <description>header</description>
                <posx>0</posx>
                <posy>-60</posy>
                <width>1280</width>
                <height>58</height>
                <texture>black-back.png</texture>
                <aspectratio>-</aspectratio>
                <align>center</align>
                <aligny>center</aligny>
                <fadetime>200</fadetime>

            </control>
            <control type="image" id="4602">
                <description>footer</description>
                <posx>0</posx>
                <posy>450</posy>
                <width>1280</width>
                <height>220</height>
                <texture>black-back.png</texture>
                <aspectratio>-</aspectratio>
                <align>center</align>
                <aligny>center</aligny>
                <fadetime>200</fadetime>
                <visible>Player.HasMedia</visible>
            </control>

            <control type="image" id="4100">
                <description>time bar</description>
                <posx>180</posx>
                <posy>0</posy>
                <width>-10</width>
                <height>446</height>
                <visible>Control.IsVisible(4200)</visible>
                <texture>cyan.png</texture>
            </control>

            <control type="image">
                <description>channels background</description>
                <posx>2</posx>
                <posy>0</posy>
                <width>176</width>
                <height>558</height>
                <visible>false</visible>
                <texture>tvguide-program-grey2.png</texture>
            </control>

            <control type="image">
                <description>workaround for texture not being loaded</description>
                <posx>177</posx>
                <posy>60</posy>
                <width>3</width>
                <height>400</height>
                <visible>false</visible>
                <texture>background-cover2.png</texture>
            </control>

            <control type="image">
                <description>workaround for texture not being loaded</description>
                <posx>0</posx>
                <posy>60</posy>
                <width>5</width>
                <height>400</height>
                <visible>false</visible>
                <texture>background-cover2.png</texture>
            </control>

            <control type="image">
                <description>workaround for texture not being loaded</description>
                <posx>1280</posx>
                <posy>60</posy>
                <width>-23</width>
                <height>450</height>
                <visible>false</visible>
                <texture>tvguide-background-right.png</texture>
            </control>



            <!-- Date and time row -->
            <control type="group">
                <posx>0</posx>
                <posy>-40</posy>
                <width>1280</width>
                <height>40</height>
                <visible>true</visible>

                <control type="image">
                    <description>workaround for texture not being loaded</description>
                    <posx>0</posx>
                    <posy>0</posy>
                    <width>1280</width>
                    <height>720</height>
                    <texture>tvguide-program-red.png</texture>
                    <visible>false</visible>
                </control>


                <control type="label" id="4000">
                    <description>Displays todays date</description>
                    <posx>0</posx>
                    <posy>0</posy>
                    <width>180</width>
                    <height>50</height>
                    <textcolor>white</textcolor>
                    <shadowcolor>black</shadowcolor>
                    <font>font13</font>
                    <align>center</align>
                    <aligny>center</aligny>

                    <visible>true</visible>
                </control>

                <control type="label" id="3999">
                    <description>Displays date</description>
                    <posx>0r</posx>
                    <posy>-20</posy>
                    <width>280</width>
                    <height>20</height>
                    <textcolor>ffffffff</textcolor>
                    <shadowcolor>black</shadowcolor>
                    <font>font13</font>
                    <align>right</align>
                    <aligny>center</aligny>
                    <visible>false</visible>
                </control>

                <control type="label">
                    <description>Displays todays date</description>
                    <posx>5r</posx>
                    <posy>-15</posy>
                    <width>280</width>
                    <height>20</height>
                    <textcolor>ffffffff</textcolor>
                    <shadowcolor>black</shadowcolor>
                    <font>font10</font>
                    <align>right</align>
                    <aligny>center</aligny>
                    <visible>true</visible>
                    <label>$INFO[System.Date]</label>
                </control>

                <control type="label">
                    <description>time label</description>
                    <right>20</right>
                    <top>5</top>
                    <width>200</width>
                    <height>30</height>
                    <align>right</align>
                    <aligny>center</aligny>
                    <font>font28_title</font>
                    <textcolor>white</textcolor>
                    <shadowcolor>black</shadowcolor>
                    <label>$INFO[System.Time]</label>
                    <animation effect="slide" start="0,0" end="-40,0" time="75" condition="Window.IsVisible(Mutebug)">conditional</animation>
                </control>

                <control type="label">
                    <description>Displays todays date</description>
                    <posx>0</posx>
                    <posy>35</posy>
                    <width>180</width>
                    <height>100</height>
                    <textcolor>ffffffff</textcolor>
                    <shadowcolor>black</shadowcolor>
                    <font>font13</font>
                    <align>center</align>
                    <aligny>center</aligny>
                    <label>CHANNELS</label>
                    <visible>false</visible>
                </control>

                <control type="label" id="4001">
                    <description>1st half hour column</description>
                    <posx>180</posx>
                    <posy>0</posy>
                    <width>270</width>
                    <height>50</height>
                    <textcolor>white</textcolor>
                    <font>font13</font>
                    <aligny>center</aligny>
                </control>
                <control type="label" id="4002">
                    <description>2nd half hour column</description>
                    <posx>455</posx>
                    <posy>0</posy>
                    <width>270</width>
                    <height>50</height>
                    <textcolor>white</textcolor>
                    <font>font13</font>
                    <aligny>center</aligny>
                </control>
                <control type="label" id="4003">
                    <description>3rd half hour column</description>
                    <posx>730</posx>
                    <posy>0</posy>
                    <width>270</width>
                    <height>50</height>
                    <textcolor>white</textcolor>
                    <font>font13</font>
                    <aligny>center</aligny>
                </control>
                <control type="label" id="4004">
                    <description>4th half hour column</description>
                    <posx>1005</posx>
                    <posy>0</posy>
                    <width>270</width>
                    <height>50</height>
                    <textcolor>white</textcolor>
                    <font>font13</font>
                    <aligny>center</aligny>
                </control>
            </control>

            <!-- Channels column -->
            <control type="group">
                <posx>0</posx>
                <posy>0</posy>
                <width>180</width>
                <height>640</height>
                <visible>true</visible>

                <!-- logo images backgrounds -->
                <control type="image" id="4210">
                    <description>1st channel</description>
                    <posx>-10000</posx>
                    <posy>0</posy>
                    <width>176</width>
                    <height>40</height>
                    <aspectratio>stretch</aspectratio>
                    <visible>Control.IsVisible(4010)|Control.IsVisible(4110)</visible>
                    <align>center</align>
                    <aligny>center</aligny>
                    <texture>black-back.png</texture>
                </control>
                <control type="image" id="4211">
                    <description>2nd channel</description>
                    <posx>-10000</posx>
                    <posy>40</posy>
                    <width>176</width>
                    <height>40</height>
                    <aspectratio>stretch</aspectratio>
                    <visible>Control.IsVisible(4011)|Control.IsVisible(4111)</visible>
                    <align>center</align>
                    <aligny>center</aligny>
                    <texture>black-back.png</texture>
                </control>
                <control type="image" id="4212">
                    <description>3rd channel</description>
                    <posx>-10000</posx>
                    <posy>80</posy>
                    <width>176</width>
                    <height>40</height>
                    <aspectratio>stretch</aspectratio>
                    <visible>Control.IsVisible(4012)|Control.IsVisible(4112)</visible>
                    <align>center</align>
                    <aligny>center</aligny>
                    <texture>black-back.png</texture>
                </control>
                <control type="image" id="4213">
                    <description>4th channel</description>
                    <posx>-10000</posx>
                    <posy>120</posy>
                    <width>176</width>
                    <height>40</height>
                    <aspectratio>stretch</aspectratio>
                    <visible>Control.IsVisible(4013)|Control.IsVisible(4113)</visible>
                    <align>center</align>
                    <aligny>center</aligny>
                    <texture>black-back.png</texture>
                </control>
                <control type="image" id="4214">
                    <description>5th channel</description>
                    <posx>-10000</posx>
                    <posy>160</posy>
                    <width>176</width>
                    <height>40</height>
                    <aspectratio>stretch</aspectratio>
                    <visible>Control.IsVisible(4014)|Control.IsVisible(4114)</visible>
                    <align>center</align>
                    <aligny>center</aligny>
                    <texture>black-back.png</texture>
                </control>
                <control type="image" id="4215">
                    <description>6th channel</description>
                    <posx>-10000</posx>
                    <posy>200</posy>
                    <width>176</width>
                    <height>40</height>
                    <aspectratio>stretch</aspectratio>
                    <visible>Control.IsVisible(4015)|Control.IsVisible(4115)</visible>
                    <align>center</align>
                    <aligny>center</aligny>
                    <texture>black-back.png</texture>
                </control>
                <control type="image" id="4216">
                    <description>7th channel</description>
                    <posx>-10000</posx>
                    <posy>240</posy>
                    <width>176</width>
                    <height>40</height>
                    <aspectratio>stretch</aspectratio>
                    <visible>Control.IsVisible(4016)|Control.IsVisible(4116)</visible>
                    <align>center</align>
                    <aligny>center</aligny>
                    <texture>black-back.png</texture>
                </control>
                <control type="image" id="4217">
                    <description>8th channel</description>
                    <posx>-10000</posx>
                    <posy>280</posy>
                    <width>176</width>
                    <height>40</height>
                    <aspectratio>stretch</aspectratio>
                    <visible>Control.IsVisible(4017)|Control.IsVisible(4117)</visible>
                    <align>center</align>
                    <aligny>center</aligny>
                    <texture>black-back.png</texture>
                </control>
                <control type="image" id="4218">
                    <description>9th channel</description>
                    <posx>-10000</posx>
                    <posy>320</posy>
                    <width>176</width>
                    <height>40</height>
                    <aspectratio>stretch</aspectratio>
                    <visible>Control.IsVisible(4018)|Control.IsVisible(4118)</visible>
                    <align>center</align>
                    <aligny>center</aligny>
                    <texture>black-back.png</texture>
                </control>
                <control type="image" id="4219">
                    <description>10 channel</description>
                    <posx>-10000</posx>
                    <posy>360</posy>
                    <width>176</width>
                    <height>40</height>
                    <aspectratio>stretch</aspectratio>
                    <visible>Control.IsVisible(4019)|Control.IsVisible(4119)</visible>
                    <align>center</align>
                    <aligny>center</aligny>
                    <texture>black-back.png</texture>
                </control>
                <control type="image" id="4220">
                    <description>11 channel</description>
                    <posx>-10000</posx>
                    <posy>400</posy>
                    <width>176</width>
                    <height>40</height>
                    <aspectratio>stretch</aspectratio>
                    <visible>Control.IsVisible(4020)|Control.IsVisible(4120)</visible>
                    <align>center</align>
                    <aligny>center</aligny>
                    <texture>black-back.png</texture>
                </control>
                <control type="image" id="4221">
                    <description>12 channel</description>
                    <posx>-10000</posx>
                    <posy>440</posy>
                    <width>176</width>
                    <height>40</height>
                    <aspectratio>stretch</aspectratio>
                    <visible>Control.IsVisible(4021)|Control.IsVisible(4121)</visible>
                    <align>center</align>
                    <aligny>center</aligny>
                    <texture>black-back.png</texture>
                </control>
                <control type="image" id="4222">
                    <description>13 channel</description>
                    <posx>-10000</posx>
                    <posy>480</posy>
                    <width>176</width>
                    <height>40</height>
                    <aspectratio>stretch</aspectratio>
                    <visible>Control.IsVisible(4022)|Control.IsVisible(4122)</visible>
                    <align>center</align>
                    <aligny>center</aligny>
                    <texture>black-back.png</texture>
                </control>
                <control type="image" id="4223">
                    <description>14th channel</description>
                    <posx>-10000</posx>
                    <posy>520</posy>
                    <width>176</width>
                    <height>40</height>
                    <aspectratio>stretch</aspectratio>
                    <visible>Control.IsVisible(4023)|Control.IsVisible(4123)</visible>
                    <align>center</align>
                    <aligny>center</aligny>
                    <texture>black-back.png</texture>
                </control>
                <control type="image" id="4224">
                    <description>15th channel</description>
                    <posx>-10000</posx>
                    <posy>560</posy>
                    <width>176</width>
                    <height>40</height>
                    <aspectratio>stretch</aspectratio>
                    <visible>Control.IsVisible(4024)|Control.IsVisible(4124)</visible>
                    <align>center</align>
                    <aligny>center</aligny>
                    <texture>black-back.png</texture>
                </control>
                <control type="image" id="4225">
                    <description>16th channel</description>
                    <posx>-10000</posx>
                    <posy>600</posy>
                    <width>176</width>
                    <height>40</height>
                    <aspectratio>stretch</aspectratio>
                    <visible>Control.IsVisible(4025)|Control.IsVisible(4125)</visible>
                    <align>center</align>
                    <aligny>center</aligny>
                    <texture>black-back.png</texture>
                </control>

                <!-- text labels -->
                <control type="label" id="4010">
                    <description>1st channel</description>
                    <posx>2</posx>
                    <posy>0</posy>
                    <width>176</width>
                    <height>40</height>
                    <textcolor>ffffffff</textcolor>
                    <shadowcolor>-</shadowcolor>
                    <font>font13_title</font>
                    <align>center</align>
                    <aligny>center</aligny>
                    <visible>StringCompare(Control.GetLabel(4110),)</visible>
                </control>
                <control type="label" id="4011">
                    <description>2nd channel</description>
                    <posx>2</posx>
                    <posy>40</posy>
                    <width>176</width>
                    <height>40</height>
                    <textcolor>ffffffff</textcolor>
                    <shadowcolor>-</shadowcolor>
                    <font>font13_title</font>
                    <align>center</align>
                    <aligny>center</aligny>
                    <visible>StringCompare(Control.GetLabel(4111),)</visible>
                </control>
                <control type="label" id="4012">
                    <description>3rd channel</description>
                    <posx>2</posx>
                    <posy>80</posy>
                    <width>176</width>
                    <height>40</height>
                    <textcolor>ffffffff</textcolor>
                    <shadowcolor>-</shadowcolor>
                    <font>font13_title</font>
                    <align>center</align>
                    <aligny>center</aligny>
                    <visible>StringCompare(Control.GetLabel(4112),)</visible>
                </control>
                <control type="label" id="4013">
                    <description>4th channel</description>
                    <posx>2</posx>
                    <posy>120</posy>
                    <width>176</width>
                    <height>40</height>
                    <textcolor>ffffffff</textcolor>
                    <shadowcolor>-</shadowcolor>
                    <font>font13_title</font>
                    <align>center</align>
                    <aligny>center</aligny>
                    <visible>StringCompare(Control.GetLabel(4113),)</visible>
                </control>
                <control type="label" id="4014">
                    <description>5th channel</description>
                    <posx>2</posx>
                    <posy>160</posy>
                    <width>176</width>
                    <height>40</height>
                    <textcolor>ffffffff</textcolor>
                    <shadowcolor>-</shadowcolor>
                    <font>font13_title</font>
                    <align>center</align>
                    <aligny>center</aligny>
                    <visible>StringCompare(Control.GetLabel(4114),)</visible>
                </control>
                <control type="label" id="4015">
                    <description>6th channel</description>
                    <posx>2</posx>
                    <posy>200</posy>
                    <width>176</width>
                    <height>40</height>
                    <textcolor>ffffffff</textcolor>
                    <shadowcolor>-</shadowcolor>
                    <font>font13_title</font>
                    <align>center</align>
                    <aligny>center</aligny>
                    <visible>StringCompare(Control.GetLabel(4115),)</visible>
                </control>
                <control type="label" id="4016">
                    <description>7th channel</description>
                    <posx>2</posx>
                    <posy>240</posy>
                    <width>176</width>
                    <height>40</height>
                    <textcolor>ffffffff</textcolor>
                    <shadowcolor>-</shadowcolor>
                    <font>font13_title</font>
                    <align>center</align>
                    <aligny>center</aligny>
                    <visible>StringCompare(Control.GetLabel(4116),)</visible>
                </control>
                <control type="label" id="4017">
                    <description>8th channel</description>
                    <posx>2</posx>
                    <posy>280</posy>
                    <width>176</width>
                    <height>40</height>
                    <textcolor>ffffffff</textcolor>
                    <shadowcolor>-</shadowcolor>
                    <font>font13_title</font>
                    <align>center</align>
                    <aligny>center</aligny>
                    <visible>StringCompare(Control.GetLabel(4117),)</visible>
                </control>
                <control type="label" id="4018">
                    <description>9th channel</description>
                    <posx>2</posx>
                    <posy>320</posy>
                    <width>176</width>
                    <height>40</height>
                    <textcolor>ffffffff</textcolor>
                    <shadowcolor>-</shadowcolor>
                    <font>font13_title</font>
                    <align>center</align>
                    <aligny>center</aligny>
                    <visible>StringCompare(Control.GetLabel(4118),)</visible>
                </control>
                <control type="label" id="4019">
                    <description>10 channel</description>
                    <posx>2</posx>
                    <posy>360</posy>
                    <width>176</width>
                    <height>40</height>
                    <textcolor>ffffffff</textcolor>
                    <shadowcolor>-</shadowcolor>
                    <font>font13_title</font>
                    <align>center</align>
                    <aligny>center</aligny>
                    <visible>StringCompare(Control.GetLabel(4119),)</visible>
                    <texturenofocus>tvguide-program-grey.png</texturenofocus>
                </control>
                <control type="label" id="4020">
                    <description>11 channel</description>
                    <posx>2</posx>
                    <posy>400</posy>
                    <width>176</width>
                    <height>40</height>
                    <textcolor>ffffffff</textcolor>
                    <shadowcolor>-</shadowcolor>
                    <font>font13_title</font>
                    <align>center</align>
                    <aligny>center</aligny>
                    <visible>StringCompare(Control.GetLabel(4120),)</visible>
                    <texturenofocus>tvguide-program-grey.png</texturenofocus>
                </control>
                <control type="label" id="4021">
                    <description>12 channel</description>
                    <posx>2</posx>
                    <posy>440</posy>
                    <width>176</width>
                    <height>40</height>
                    <textcolor>ffffffff</textcolor>
                    <shadowcolor>-</shadowcolor>
                    <font>font13_title</font>
                    <align>center</align>
                    <aligny>center</aligny>
                    <visible>StringCompare(Control.GetLabel(4121),)</visible>
                </control>
                <control type="label" id="4022">
                    <description>13 channel</description>
                    <posx>2</posx>
                    <posy>480</posy>
                    <width>176</width>
                    <height>40</height>
                    <textcolor>ffffffff</textcolor>
                    <shadowcolor>-</shadowcolor>
                    <font>font13_title</font>
                    <align>center</align>
                    <aligny>center</aligny>
                    <visible>StringCompare(Control.GetLabel(4122),)</visible>
                </control>
                <control type="label" id="4023">
                    <description>14 channel</description>
                    <posx>2</posx>
                    <posy>520</posy>
                    <width>176</width>
                    <height>40</height>
                    <textcolor>ffffffff</textcolor>
                    <shadowcolor>-</shadowcolor>
                    <font>font13_title</font>
                    <align>center</align>
                    <aligny>center</aligny>
                    <visible>StringCompare(Control.GetLabel(4123),)</visible>
                </control>
                <control type="label" id="4024">
                    <description>15 channel</description>
                    <posx>2</posx>
                    <posy>560</posy>
                    <width>176</width>
                    <height>40</height>
                    <textcolor>ffffffff</textcolor>
                    <shadowcolor>-</shadowcolor>
                    <font>font13_title</font>
                    <align>center</align>
                    <aligny>center</aligny>
                    <visible>StringCompare(Control.GetLabel(4124),)</visible>
                </control>
                <control type="label" id="4025">
                    <description>16 channel</description>
                    <posx>2</posx>
                    <posy>600</posy>
                    <width>176</width>
                    <height>40</height>
                    <textcolor>ffffffff</textcolor>
                    <shadowcolor>-</shadowcolor>
                    <font>font13_title</font>
                    <align>center</align>
                    <aligny>center</aligny>
                    <visible>StringCompare(Control.GetLabel(4125), )</visible>
                </control>

                <!-- logo images -->
                <control type="image" id="4110">
                    <description>1st channel</description>
                    <posx>2</posx>
                    <posy>0</posy>
                    <width>176</width>
                    <height>40</height>
                    <aspectratio>keep</aspectratio>
                    <visible>!StringCompare(Control.GetLabel(4110),)</visible>
                    <align>center</align>
                    <aligny>center</aligny>
                </control>
                <control type="image" id="4111">
                    <description>2nd channel</description>
                    <posx>2</posx>
                    <posy>40</posy>
                    <width>176</width>
                    <height>40</height>
                    <aspectratio>keep</aspectratio>
                    <visible>!StringCompare(Control.GetLabel(4111),)</visible>
                    <align>center</align>
                    <aligny>center</aligny>
                </control>
                <control type="image" id="4112">
                    <description>3rd channel</description>
                    <posx>2</posx>
                    <posy>80</posy>
                    <width>176</width>
                    <height>40</height>
                    <aspectratio>keep</aspectratio>
                    <visible>!StringCompare(Control.GetLabel(4112),)</visible>
                    <align>center</align>
                    <aligny>center</aligny>
                </control>
                <control type="image" id="4113">
                    <description>4th channel</description>
                    <posx>2</posx>
                    <posy>120</posy>
                    <width>176</width>
                    <height>40</height>
                    <aspectratio>keep</aspectratio>
                    <visible>!StringCompare(Control.GetLabel(4113),)</visible>
                    <align>center</align>
                    <aligny>center</aligny>
                </control>
                <control type="image" id="4114">
                    <description>5th channel</description>
                    <posx>2</posx>
                    <posy>160</posy>
                    <width>176</width>
                    <height>40</height>
                    <aspectratio>keep</aspectratio>
                    <visible>!StringCompare(Control.GetLabel(4114),)</visible>
                    <align>center</align>
                    <aligny>center</aligny>
                </control>
                <control type="image" id="4115">
                    <description>6th channel</description>
                    <posx>2</posx>
                    <posy>200</posy>
                    <width>176</width>
                    <height>40</height>
                    <aspectratio>keep</aspectratio>
                    <visible>!StringCompare(Control.GetLabel(4115),)</visible>
                </control>
                <control type="image" id="4116">
                    <description>7th channel</description>
                    <posx>2</posx>
                    <posy>240</posy>
                    <width>176</width>
                    <height>40</height>
                    <aspectratio>keep</aspectratio>
                    <visible>!StringCompare(Control.GetLabel(4116),)</visible>
                    <align>center</align>
                    <aligny>center</aligny>
                </control>
                <control type="image" id="4117">
                    <description>8th channel</description>
                    <posx>2</posx>
                    <posy>280</posy>
                    <width>176</width>
                    <height>40</height>
                    <aspectratio>keep</aspectratio>
                    <visible>!StringCompare(Control.GetLabel(4117),)</visible>
                    <align>center</align>
                    <aligny>center</aligny>
                </control>
                <control type="image" id="4118">
                    <description>9th channel</description>
                    <posx>2</posx>
                    <posy>320</posy>
                    <width>176</width>
                    <height>40</height>
                    <aspectratio>keep</aspectratio>
                    <visible>!StringCompare(Control.GetLabel(4118),)</visible>
                    <align>center</align>
                    <aligny>center</aligny>
                </control>
                <control type="image" id="4119">
                    <description>10 channel</description>
                    <posx>2</posx>
                    <posy>360</posy>
                    <width>176</width>
                    <height>40</height>
                    <aspectratio>keep</aspectratio>
                    <visible>!StringCompare(Control.GetLabel(4119),)</visible>
                    <align>center</align>
                    <aligny>center</aligny>
                </control>
                <control type="image" id="4120">
                    <description>11 channel</description>
                    <posx>2</posx>
                    <posy>400</posy>
                    <width>176</width>
                    <height>40</height>
                    <aspectratio>keep</aspectratio>
                    <visible>!StringCompare(Control.GetLabel(4120),)</visible>
                    <align>center</align>
                    <aligny>center</aligny>
                </control>
                <control type="image" id="4121">
                    <description>12 channel</description>
                    <posx>2</posx>
                    <posy>440</posy>
                    <width>176</width>
                    <height>40</height>
                    <aspectratio>keep</aspectratio>
                    <visible>!StringCompare(Control.GetLabel(4121),)</visible>
                    <align>center</align>
                    <aligny>center</aligny>
                </control>
                <control type="image" id="4122">
                    <description>13 channel</description>
                    <posx>2</posx>
                    <posy>480</posy>
                    <width>176</width>
                    <height>40</height>
                    <aspectratio>keep</aspectratio>
                    <visible>!StringCompare(Control.GetLabel(4122),)</visible>
                    <align>center</align>
                    <aligny>center</aligny>
                </control>
                <control type="image" id="4123">
                    <description>14th channel</description>
                    <posx>2</posx>
                    <posy>520</posy>
                    <width>176</width>
                    <height>40</height>
                    <aspectratio>keep</aspectratio>
                    <visible>!StringCompare(Control.GetLabel(4123),)</visible>
                    <align>center</align>
                    <aligny>center</aligny>
                </control>
                <control type="image" id="4124">
                    <description>15th channel</description>
                    <posx>2</posx>
                    <posy>560</posy>
                    <width>176</width>
                    <height>40</height>
                    <aspectratio>keep</aspectratio>
                    <visible>!StringCompare(Control.GetLabel(4124),)</visible>
                    <align>center</align>
                    <aligny>center</aligny>
                </control>
                <control type="image" id="4125">
                    <description>16th channel</description>
                    <posx>2</posx>
                    <posy>600</posy>
                    <width>176</width>
                    <height>40</height>
                    <aspectratio>keep</aspectratio>
                    <visible>!StringCompare(Control.GetLabel(4125),)</visible>
                    <align>center</align>
                    <aligny>center</aligny>
                </control>

            </control>

            <control type="label" id="7025">
                <description>Channel name</description>
                <posx>360</posx>
                <posy>470</posy>
                <width>250</width>
                <height>50</height>
                <textcolor>white</textcolor>
                <shadowcolor>black</shadowcolor>
                <font>font13</font>
                <align>left</align>

                <scroll>true</scroll>
            </control>
            <control type="label" id="7020">
                <description>Program title</description>
                <posx>640</posx>
                <posy>470</posy>
                <width>400</width>
                <height>50</height>
                <textcolor>white</textcolor>
                <shadowcolor>black</shadowcolor>
                <font>font13</font>
                <align>left</align>
                <visible>true</visible>
                <scroll>true</scroll>
            </control>
            <control type="image" id="7024">
                <description>Channel logo</description>
                <posx>360</posx>
                <posy>470</posy>
                <width>160</width>
                <height>40</height>
                <align>left</align>
                <aspectratio>keep</aspectratio>
                <fadetime>500</fadetime>
                <visible>false</visible>
                <!-- unused in default skin -->
            </control>
            <control type="label" id="7021">
                <description>Program time</description>
                <posx>1260</posx>
                <posy>470</posy>
                <width>1090</width>
                <height>50</height>
                <textcolor>white</textcolor>
                <shadowcolor>black</shadowcolor>
                <font>font13</font>
                <align>right</align>

                <visible>true</visible>
            </control>
            <control type="progress" id="7026">
                <posx>0</posx>
                <posy>10r</posy>
                <width>1280</width>
                <height>5</height>
                <lefttexture />
                <righttexture />
                <texturebg  colordiffuse="white">black.png</texturebg>
                <midtexture colordiffuse="grey">grey.png</midtexture>
                <visible>IntegerGreaterThan(Control.GetLabel(7026),0)</visible>
            </control>
            <control type="textbox" id="7022">
                <description>Program description</description>
                <posx>360</posx>
                <posy>505</posy>
                <width>920</width>
                <height>142</height>
                <textcolor>white</textcolor>
                <font>font13</font>
                <align>left</align>
                <wrapmultiline>true</wrapmultiline>


            </control>
            <control type="image" id="7023">
                <description>Program logo / Source logo</description>
                <posx>0</posx>
                <posy>180r</posy>
                <width>350</width>
                <height>180</height>
                <aligny>top</aligny>
                <aspectratio>keep</aspectratio>

                <fadetime>500</fadetime>
                <texture>-</texture>
                <visible>!Player.HasMedia</visible>
            </control>
            <control type="label" id="4200">
                <description>visibility marker for loading group</description>
            </control>
            <control type="group">
                <posx>340</posx>
                <posy>250</posy>
                <width>600</width>
                <height>55</height>
                <visible>!Control.IsVisible(4200)</visible>
                <animation effect="fade" start="0" end="100" time="250" delay="1500">Visible</animation>

                <control type="image">
                    <description>loading background</description>
                    <posx>-340</posx>
                    <posy>-310</posy>
                    <width>1280</width>
                    <height>720</height>
                    <texture>black.png</texture>
                </control>

                <control type="image">
                    <description>loading splash</description>
                    <posx>0</posx>
                    <posy>0</posy>
                    <width>55</width>
                    <height>55</height>
                    <texture>tvguide-loading.gif</texture>
                </control>
                <control type="label">
                    <description>loading splash</description>
                    <posx>70</posx>
                    <posy>0</posy>
                    <width>600</width>
                    <height>55</height>
                    <label>$ADDON[script.tvguide.fullscreen 30001]</label>
                    <textcolor>ffffffff</textcolor>
                    <font>font30</font>
                    <aligny>center</aligny>
                </control>
                <control type="progress" id="4201">
                    <posx>70</posx>
                    <posy>50</posy>
                    <width>580</width>
                    <height>2</height>
                    <texturebg />
                    <lefttexture />
                    <midtexture>tvguide-white-progress.png</midtexture>
                    <righttexture />
                </control>
                <control type="label" id="4202">
                    <description>loading time left</description>
                    <posx>70</posx>
                    <posy>50</posy>
                    <width>600</width>
                    <height>50</height>
                    <label>...</label>
                    <textcolor>ffffffff</textcolor>
                    <font>font13</font>
                    <aligny>center</aligny>
                </control>
                <control type="button" id="4203">
                    <posx>70</posx>
                    <posy>100</posy>
                    <width>150</width>
                    <height>50</height>
                    <label>$ADDON[script.tvguide.fullscreen 30008]</label>
                    <textcolor>ffffffff</textcolor>
                    <font>font13</font>
                    <aligny>center</aligny>
                    <align>center</align>
                    <texturefocus>tvguide-program-grey-focus.png</texturefocus>
                    <texturenofocus>tvguide-program-grey.png</texturenofocus>
                </control>
            </control>

            <control type="label" id="4300">
                <description>visibility marker for mouse control group</description>
                <posx>0</posx>
                <posy>0</posy>
                <width>40</width>
                <height>40</height>
            </control>
            <control type="group">
                <visible>true</visible>
                <posx>0</posx>
                <posy>-60</posy>
                <width>1280</width>
                <height>720</height>
                <visible>!Control.IsVisible(4300)</visible>


                <control type="image">
                    <posx>0</posx>
                    <posy>0</posy>
                    <width>1280</width>
                    <height>70</height>
                    <texture>tvguide-glasspane.png</texture>
                    <visible>false</visible>
                </control>
                <control type="image">
                    <posx>0</posx>
                    <posy>0</posy>
                    <width>1280</width>
                    <height>70</height>
                    <texture>tvguide-glasspane.png</texture>
                    <visible>false</visible>
                </control>
                <control type="label">
                    <posx>20</posx>
                    <posy>10</posy>
                    <width>300</width>
                    <height>50</height>
                    <label>$ADDON[script.tvguide.fullscreen 30005]</label>
                    <textcolor>yellow</textcolor>
                    <font>font13</font>
                    <aligny>center</aligny>
                    <visible>false</visible>
                </control>

                <control type="label">
                    <posx>800</posx>
                    <posy>10</posy>
                    <width>400</width>
                    <height>50</height>
                    <label>$ADDON[script.tvguide.fullscreen 30007]</label>
                    <textcolor>yellow</textcolor>
                    <font>font13</font>
                    <aligny>center</aligny>
                    <visible>false</visible>
                </control>

                <control type="button" id="4301">
                    <description>navigate to now</description>
                    <posx>580</posx>
                    <posy>0</posy>
                    <width>100</width>
                    <height>40</height>
                    <label>$ADDON[script.tvguide.fullscreen 30006]</label>
                    <textcolor>yellow</textcolor>
                    <font>font13</font>
                    <aligny>center</aligny>
                    <align>center</align>
                    <texturefocus>tvguide-program-grey-focus.png</texturefocus>
                    <texturenofocus>-</texturenofocus>
                </control>

                <control type="button" id="4302">
                    <description>navigate left</description>
                    <posx>300</posx>
                    <posy>0</posy>
                    <width>100</width>
                    <height>40</height>
                    <textcolor>yellow</textcolor>
                    <font>font13</font>
                    <label>&lt;</label>
                    <aligny>center</aligny>
                    <align>center</align>
                    <texturefocus>tvguide-program-grey-focus.png</texturefocus>
                    <texturenofocus>-</texturenofocus>
                </control>
                <control type="button" id="4303">
                    <description>navigate up</description>
                    <posx>40</posx>
                    <posy>0</posy>
                    <width>100</width>
                    <height>40</height>
                    <textcolor>yellow</textcolor>
                    <font>font13</font>
                    <label>^</label>
                    <aligny>center</aligny>
                    <align>center</align>
                    <texturefocus>tvguide-program-grey-focus.png</texturefocus>
                    <texturenofocus>-</texturenofocus>
                </control>
                <control type="button" id="4304">
                    <description>navigate down</description>
                    <posx>40</posx>
                    <posy>40r</posy>
                    <width>100</width>
                    <height>40</height>
                    <textcolor>yellow</textcolor>
                    <font>font13</font>
                    <label>v</label>
                    <aligny>center</aligny>
                    <align>center</align>
                    <texturefocus>tvguide-program-grey-focus.png</texturefocus>
                    <texturenofocus>-</texturenofocus>
                </control>
                <control type="button" id="4305">
                    <description>navigate right</description>
                    <posx>850</posx>
                    <posy>0</posy>
                    <width>100</width>
                    <height>40</height>
                    <textcolor>yellow</textcolor>
                    <font>font13</font>
                    <label>&gt;</label>
                    <aligny>center</aligny>
                    <align>center</align>
                    <texturefocus>tvguide-program-grey-focus.png</texturefocus>
                    <texturenofocus>-</texturenofocus>
                </control>

                <control type="button" id="4306">
                    <description>exit</description>
                    <posx>1120</posx>
                    <posy>0</posy>
                    <width>100</width>
                    <height>40</height>
                    <textcolor>yellow</textcolor>
                    <font>font13</font>
                    <label>x</label>
                    <aligny>center</aligny>
                    <align>center</align>
                    <texturefocus>tvguide-program-grey-focus.png</texturefocus>
                    <texturenofocus>-</texturenofocus>
                    <visible>false</visible>
                </control>

            </control>

        </control>
        <!-- id="5000" -->
        <control type="videowindow">
            <description>video window</description>
            <posx>0</posx>
            <posy>0</posy>
            <width>1280</width>
            <height>720</height>
            <animation type="Conditional" condition="!Control.IsVisible(5000)">
                <effect type="zoom" end="25" center="0,700" time="0" />
            </animation>
            <visible>true</visible>
        </control>


        <control type="label" id="6000">
            <description>visibility marker for OSD Info bar</description>
        </control>
        <control type="group">
            <description>OSD Info bar</description>
            <posx>0</posx>
            <posy>500</posy>
            <width>1280</width>
            <height>220</height>
            <visible>!Control.IsVisible(6000)</visible>
            <animation effect="fade" start="0" end="100" time="0">VisibleChange</animation>

            <control type="image">
                <description>header</description>
                <posx>0</posx>
                <posy>-500</posy>
                <width>1280</width>
                <height>50</height>
                <texture>black-back.png</texture>
                <visible>true</visible>
            </control>

            <control type="image">
                <description>footer</description>
                <posx>0</posx>
                <posy>0</posy>
                <width>1280</width>
                <height>220</height>
                <texture>black-back.png</texture>
                <visible>true</visible>
            </control>

            <!-- Program description -->
            <control type="label" id="6001">
                <description>Program title</description>
                <posx>30</posx>
                <posy>30</posy>
                <width>850</width>
                <height>50</height>
                <label>[B]Title[/B]</label>
                <textcolor>ffffffff</textcolor>
                <font>font13</font>

            </control>
            <control type="label" id="6002">
                <description>Program time</description>
                <posx>1255</posx>
                <posy>30</posy>
                <width>240</width>
                <height>50</height>
                <label>[B]18:00 - 20:00[/B]</label>
                <textcolor>ffffffff</textcolor>
                <font>font13</font>
                <align>right</align>

            </control>
            <control type="image" id="6004">
                <description>Program channel logo</description>
                <posx>5</posx>
                <posy>-495</posy>
                <width>160</width>
                <height>40</height>
                <aspectratio>keep</aspectratio>
                <colordiffuse>white</colordiffuse>
            </control>
            <control type="progress" id="6011">
                <posx>0</posx>
                <posy>10r</posy>
                <width>1280</width>
                <height>5</height>
                <lefttexture />
                <righttexture />
                <texturebg  colordiffuse="white">black.png</texturebg>
                <midtexture colordiffuse="grey">grey.png</midtexture>
                <visible>IntegerGreaterThan(Control.GetLabel(6011),0)</visible>
            </control>
            <control type="textbox" id="6003">
                <description>Program description</description>
                <posx>30</posx>
                <posy>60</posy>
                <width>1230</width>
                <height>142</height>
                <label>Description</label>
                <textcolor>ffffffff</textcolor>
                <font>font13</font>
                <wrapmultiline>true</wrapmultiline>

                <autoscroll time="3600" delay="6000" repeat="6000">true</autoscroll>
            </control>

            <control type="label" id="6005">
                <description>Program channel text</description>
                <posx>30</posx>
                <posy>0</posy>
                <width>850</width>
                <height>20</height>
                <textcolor>grey</textcolor>
                <font>font13_title</font>
                <align>left</align>
                <!--<visible>StringCompare(Control.GetLabel(6004),)</visible>-->
                <visible>true</visible>
            </control>

            <control type="image" id="6006">
                <description>Program image</description>
                <posx>280</posx>
                <posy>57</posy>
                <width>296</width>
                <height>177</height>
                <aspectratio>stretch</aspectratio>
                <texture>-</texture>
                <visible>false</visible>
            </control>

            <control type="textbox" id="6007">
                <description>Next Program description</description>
                <posx>1045</posx>
                <posy>50</posy>
                <width>220</width>
                <height>124</height>
                <label>Description</label>
                <textcolor>ffcccccc</textcolor>
                <font>font12</font>
                <wrapmultiline>true</wrapmultiline>
                <autoscroll time="3600" delay="6000" repeat="6000">true</autoscroll>
                <visible>false</visible>
            </control>

            <control type="label" id="6008">
                <description>Next Program title</description>
                <posx>1045</posx>
                <posy>1</posy>
                <width>220</width>
                <height>50</height>
                <label>[B]Title[/B]</label>
                <textcolor>ffcccccc</textcolor>
                <font>font13_title</font>
                <aligny>center</aligny>
                <visible>false</visible>
            </control>

            <control type="label" id="6009">
                <description>Next Program time</description>
                <posx>1045</posx>
                <posy>190</posy>
                <width>220</width>
                <height>50</height>
                <label>[B]18:00 - 20:00[/B]</label>
                <textcolor>ddcccccc</textcolor>
                <font>font12</font>
                <align>left</align>
                <aligny>top</aligny>
                <visible>false</visible>
            </control>

            <control type="image" id="6010">
                <description>Next Program image</description>
                <posx>1045</posx>
                <posy>50</posy>
                <width>220</width>
                <height>124</height>
                <aspectratio>keep</aspectratio>
                <texture>-</texture>
                <visible>false</visible>
            </control>
                <control type="label">
                    <description>time label</description>
                    <right>20</right>
                    <top>-495</top>
                    <width>200</width>
                    <height>30</height>
                    <align>right</align>
                    <aligny>center</aligny>
                    <font>font28_title</font>
                    <textcolor>white</textcolor>
                    <shadowcolor>black</shadowcolor>
                    <label>$INFO[System.Time]</label>
                    <animation effect="slide" start="0,0" end="-40,0" time="75" condition="Window.IsVisible(Mutebug)">conditional</animation>
                </control>

        </control>

        <control type="label" id="8000">
            <description>visibility marker for Last Channel popup</description>
        </control>
        <control type="group">
            <description>Last Channel popup</description>
            <posx>0</posx>
            <posy>500</posy>
            <width>1280</width>
            <height>220</height>
            <visible>!Control.IsVisible(8000)</visible>
            <animation effect="fade" start="0" end="100" time="0">VisibleChange</animation>

            <control type="image">
                <description>header</description>
                <posx>0</posx>
                <posy>-500</posy>
                <width>1280</width>
                <height>50</height>
                <texture>black-back.png</texture>
                <visible>true</visible>
            </control>

            <control type="image">
                <description>footer</description>
                <posx>0</posx>
                <posy>0</posy>
                <width>1280</width>
                <height>220</height>
                <texture>black-back.png</texture>
                <visible>true</visible>
            </control>

            <!-- Program description -->
            <control type="label" id="8001">
                <description>Program title</description>
                <posx>30</posx>
                <posy>30</posy>
                <width>850</width>
                <height>50</height>
                <label>[B]Title[/B]</label>
                <textcolor>ffffffff</textcolor>
                <font>font13</font>

            </control>

            <control type="label" id="8002">
                <description>Program time</description>
                <posx>1255</posx>
                <posy>30</posy>
                <width>240</width>
                <height>50</height>
                <label>[B]18:00 - 20:00[/B]</label>
                <textcolor>ffffffff</textcolor>
                <font>font13</font>
                <align>right</align>

            </control>
            <control type="image" id="8004">
                <description>Program channel logo</description>
                <posx>5</posx>
                <posy>-495</posy>
                <width>160</width>
                <height>40</height>
                <aspectratio>keep</aspectratio>
                <colordiffuse>white</colordiffuse>
            </control>

            <control type="progress" id="8011">
                <posx>0</posx>
                <posy>10r</posy>
                <width>1280</width>
                <height>5</height>
                <lefttexture />
                <righttexture />
                <texturebg  colordiffuse="white">black.png</texturebg>
                <midtexture colordiffuse="grey">grey.png</midtexture>
                <visible>IntegerGreaterThan(Control.GetLabel(8011),0)</visible>
            </control>
            <control type="textbox" id="8003">
                <description>Program description</description>
                <posx>30</posx>
                <posy>60</posy>
                <width>1230</width>
                <height>142</height>
                <label>Description</label>
                <textcolor>ffffffff</textcolor>
                <font>font13</font>
                <wrapmultiline>true</wrapmultiline>

                <autoscroll time="3600" delay="6000" repeat="6000">true</autoscroll>
            </control>

            <control type="label" id="8005">
                <description>Program channel text</description>
                <posx>30</posx>
                <posy>0</posy>
                <width>850</width>
                <height>20</height>
                <textcolor>grey</textcolor>
                <font>font13_title</font>
                <align>left</align>
                <!--<visible>StringCompare(Control.GetLabel(6004),)</visible>-->
                <visible>true</visible>
            </control>
            <control type="label">
                <description>Last Channel</description>
                <posx>1255</posx>
                <posy>0</posy>
                <width>850</width>
                <height>20</height>
                <textcolor>grey</textcolor>
                <font>font13_title</font>
                <align>right</align>
                <label>Last Channel</label>
                <visible>true</visible>
            </control>

            <control type="image" id="8006">
                <description>Program image</description>
                <posx>280</posx>
                <posy>7</posy>
                <width>296</width>
                <height>177</height>
                <aspectratio>keep</aspectratio>
                <texture>-</texture>
                <visible>false</visible>
            </control>

            <control type="textbox" id="8007">
                <description>Next Program description</description>
                <posx>1045</posx>
                <posy>50</posy>
                <width>220</width>
                <height>124</height>
                <label>Description</label>
                <textcolor>ffcccccc</textcolor>
                <font>font12</font>
                <wrapmultiline>true</wrapmultiline>
                <autoscroll time="3600" delay="6000" repeat="6000">true</autoscroll>
                <visible>false</visible>
            </control>

            <control type="label" id="8008">
                <description>Next Program title</description>
                <posx>1045</posx>
                <posy>1</posy>
                <width>220</width>
                <height>50</height>
                <label>[B]Title[/B]</label>
                <textcolor>ffcccccc</textcolor>
                <font>font13_title</font>
                <aligny>center</aligny>
                <visible>false</visible>
            </control>

            <control type="label" id="8009">
                <description>Next Program time</description>
                <posx>1045</posx>
                <posy>190</posy>
                <width>220</width>
                <height>50</height>
                <label>[B]18:00 - 20:00[/B]</label>
                <textcolor>ddcccccc</textcolor>
                <font>font12</font>
                <align>left</align>
                <aligny>top</aligny>
                <visible>false</visible>
            </control>

            <control type="image" id="8010">
                <description>Next Program image</description>
                <posx>1045</posx>
                <posy>50</posy>
                <width>220</width>
                <height>124</height>
                <aspectratio>keep</aspectratio>
                <texture>-</texture>
                <visible>false</visible>
            </control>

                <control type="label">
                    <description>time label</description>
                    <right>20</right>
                    <top>-495</top>
                    <width>200</width>
                    <height>30</height>
                    <align>right</align>
                    <aligny>center</aligny>
                    <font>font28_title</font>
                    <textcolor>white</textcolor>
                    <shadowcolor>black</shadowcolor>
                    <label>$INFO[System.Time]</label>
                    <animation effect="slide" start="0,0" end="-40,0" time="75" condition="Window.IsVisible(Mutebug)">conditional</animation>
                </control>

        </control>

        <control type="label" id="9000">
            <description>visibility marker for Next Program popup</description>
        </control>
        <control type="group">
            <description>Next Program popup</description>
            <posx>0</posx>
            <posy>500</posy>
            <width>1280</width>
            <height>220</height>
            <visible>!Control.IsVisible(9000)</visible>
            <animation effect="fade" start="0" end="100" time="0">VisibleChange</animation>

            <control type="image">
                <description>header</description>
                <posx>0</posx>
                <posy>-500</posy>
                <width>1280</width>
                <height>50</height>
                <texture>black-back.png</texture>
                <visible>true</visible>
            </control>

            <control type="image">
                <description>footer</description>
                <posx>0</posx>
                <posy>0</posy>
                <width>1280</width>
                <height>220</height>
                <texture>black-back.png</texture>
                <visible>true</visible>
            </control>

            <!-- Program description -->
            <control type="label" id="9008">
                <description>Program title</description>
                <posx>30</posx>
                <posy>30</posy>
                <width>850</width>
                <height>50</height>
                <label>[B]Title[/B]</label>
                <textcolor>ffffffff</textcolor>
                <font>font13</font>

            </control>

            <control type="label" id="9009">
                <description>Program time</description>
                <posx>1255</posx>
                <posy>30</posy>
                <width>240</width>
                <height>50</height>
                <label>[B]18:00 - 20:00[/B]</label>
                <textcolor>ffffffff</textcolor>
                <font>font13</font>
                <align>right</align>

            </control>
            <control type="progress" id="9011">
                <posx>0</posx>
                <posy>10r</posy>
                <width>1280</width>
                <height>5</height>
                <lefttexture />
                <righttexture />
                <texturebg  colordiffuse="white">black.png</texturebg>
                <midtexture colordiffuse="grey">grey.png</midtexture>
                <visible>IntegerGreaterThan(Control.GetLabel(9011),0)</visible>
            </control>
            <control type="image" id="9004">
                <description>Program channel logo</description>
                <posx>5</posx>
                <posy>-495</posy>
                <width>160</width>
                <height>40</height>
                <aspectratio>keep</aspectratio>
                <colordiffuse>white</colordiffuse>>
            </control>
            <control type="textbox" id="9007">
                <description>Program description</description>
                <posx>30</posx>
                <posy>60</posy>
                <width>1230</width>
                <height>142</height>
                <label>Description</label>
                <textcolor>ffffffff</textcolor>
                <font>font13</font>
                <wrapmultiline>true</wrapmultiline>

                <autoscroll time="3600" delay="6000" repeat="6000">true</autoscroll>
            </control>
            <control type="label" id="9012">
                <posy>185</posy>
                <posx>590</posx>
                <width>430</width>
                <align>left</align>
                <height>50</height>
                <aligny>top</aligny>
                <textcolor>ddffffff</textcolor>
                <font>font12</font>
                <shadowcolor>22000000</shadowcolor>
                <visible>false</visible>
            </control>
            <control type="label">
                <posx>1255</posx>
                <posy>0</posy>
                <width>850</width>
                <height>20</height>
                <textcolor>grey</textcolor>
                <font>font13_title</font>
                <align>right</align>
                <label>$INFO[Control.GetLabel(9012), Next program in , seconds]</label>
            </control>

            <control type="label" id="9005">
                <description>Program channel text</description>
                <posx>30</posx>
                <posy>0</posy>
                <width>850</width>
                <height>20</height>
                <textcolor>grey</textcolor>
                <font>font13_title</font>
                <align>left</align>
                <!--<visible>StringCompare(Control.GetLabel(6004),)</visible>-->
                <visible>true</visible>
            </control>
            <control type="label">
                <description>Next Program</description>
                <posx>1255</posx>
                <posy>0</posy>
                <width>850</width>
                <height>20</height>
                <textcolor>grey</textcolor>
                <font>font13_title</font>
                <align>right</align>
                <label>Next Program</label>
                <visible>false</visible>
            </control>

            <control type="image" id="9010">
                <description>Program image</description>
                <posx>280</posx>
                <posy>7</posy>
                <width>296</width>
                <height>177</height>
                <aspectratio>keep</aspectratio>
                <texture>-</texture>
                <visible>false</visible>
            </control>

            <control type="textbox" id="9003">
                <description>Next Program description</description>
                <posx>1045</posx>
                <posy>50</posy>
                <width>220</width>
                <height>124</height>
                <label>Description</label>
                <textcolor>ffcccccc</textcolor>
                <font>font12</font>
                <wrapmultiline>true</wrapmultiline>
                <autoscroll time="3600" delay="6000" repeat="6000">true</autoscroll>
                <visible>false</visible>
            </control>

            <control type="label" id="9001">
                <description>Next Program title</description>
                <posx>1045</posx>
                <posy>1</posy>
                <width>220</width>
                <height>50</height>
                <label>[B]Title[/B]</label>
                <textcolor>ffcccccc</textcolor>
                <font>font13_title</font>
                <aligny>center</aligny>
                <visible>false</visible>
            </control>

            <control type="label" id="9002">
                <description>Next Program time</description>
                <posx>1045</posx>
                <posy>190</posy>
                <width>220</width>
                <height>50</height>
                <label>[B]18:00 - 20:00[/B]</label>
                <textcolor>ddcccccc</textcolor>
                <font>font12</font>
                <align>left</align>
                <aligny>top</aligny>
                <visible>false</visible>
            </control>

            <control type="image" id="9006">
                <description>Next Program image</description>
                <posx>1045</posx>
                <posy>50</posy>
                <width>220</width>
                <height>124</height>
                <aspectratio>keep</aspectratio>
                <texture>-</texture>
                <visible>false</visible>
            </control>

            <control type="progress" id="9011">
                <posx>0</posx>
                <posy>10r</posy>
                <width>1280</width>
                <height>5</height>
                <lefttexture />
                <righttexture />
                <texturebg  colordiffuse="white">black.png</texturebg>
                <midtexture colordiffuse="grey">grey.png</midtexture>
                <visible>IntegerGreaterThan(Control.GetLabel(9011),0)</visible>
            </control>

                <control type="label">
                    <description>time label</description>
                    <right>20</right>
                    <top>-495</top>
                    <width>200</width>
                    <height>30</height>
                    <align>right</align>
                    <aligny>center</aligny>
                    <font>font28_title</font>
                    <textcolor>white</textcolor>
                    <shadowcolor>black</shadowcolor>
                    <label>$INFO[System.Time]</label>
                    <animation effect="slide" start="0,0" end="-40,0" time="75" condition="Window.IsVisible(Mutebug)">conditional</animation>
                </control>

        </control>

        <control type="label" id="10000">
            <description>visibility marker for Quick TV Guide group</description>
        </control>
        <control type="group">
            <description>Quick TV Guide group</description>
            <posx>0</posx>
            <posy>600</posy>
            <width>1280</width>
            <height>280</height>
            <visible>!Control.IsVisible(10000)</visible>
            <control type="button" id="10001">
                <description>marker for EPG data view - should be hidden!</description>
                <posx>180</posx>
                <posy>600</posy>
                <width>1100</width>
                <height>120</height>
                <visible>false</visible>
            </control>

            <control type="image">
                <description>background</description>
                <posx>0</posx>
                <posy>-2</posy>
                <width>1280</width>
                <height>126</height>
                <texture>black-back.png</texture>
                <visible>!Control.IsVisible(10000)</visible>
                <aspectratio>scale</aspectratio>
                <align>center</align>
                <aligny>center</aligny>
                <fadetime>200</fadetime>
            </control>
            <control type="image">
                <description>background</description>
                <posx>0</posx>
                <posy>-2</posy>
                <width>1280</width>
                <height>126</height>
                <texture colordiffuse="FF00BFFF">white50.png</texture>
                <visible>!Control.IsVisible(10000)</visible>
            </control>
            <control type="image" id="14601">
                <description>header</description>
                <posx>0</posx>
                <posy>-60</posy>
                <width>1280</width>
                <height>58</height>
                <texture>black-back.png</texture>
                <aspectratio>-</aspectratio>
                <align>center</align>
                <aligny>center</aligny>
                <fadetime>200</fadetime>

            </control>
            <control type="image">
                <description>background</description>
                <posx>0</posx>
                <posy>-60</posy>
                <width>1280</width>
                <height>58</height>
                <texture colordiffuse="FF00BFFF">white50.png</texture>
                <visible>!Control.IsVisible(10000)</visible>
            </control>
            <control type="image" id="14602">
                <description>footer</description>
                <posx>0</posx>
                <posy>450</posy>
                <width>1280</width>
                <height>220</height>
                <texture>black-back.png</texture>
                <aspectratio>-</aspectratio>
                <align>center</align>
                <aligny>center</aligny>
                <fadetime>200</fadetime>
                <visible>false</visible>
            </control>

            <control type="image" id="14100">
                <description>time bar</description>
                <posx>180</posx>
                <posy>0</posy>
                <width>-10</width>
                <height>116</height>
                <texture>cyan.png</texture>
            </control>

            <control type="image">
                <description>channels background</description>
                <posx>2</posx>
                <posy>0</posy>
                <width>176</width>
                <height>558</height>
                <visible>false</visible>
                <texture>tvguide-program-grey2.png</texture>
            </control>

            <control type="image">
                <description>workaround for texture not being loaded</description>
                <posx>177</posx>
                <posy>60</posy>
                <width>3</width>
                <height>400</height>
                <visible>false</visible>
                <texture>background-cover2.png</texture>
            </control>

            <control type="image">
                <description>workaround for texture not being loaded</description>
                <posx>0</posx>
                <posy>60</posy>
                <width>5</width>
                <height>400</height>
                <visible>false</visible>
                <texture>background-cover2.png</texture>
            </control>

            <control type="image">
                <description>workaround for texture not being loaded</description>
                <posx>1280</posx>
                <posy>60</posy>
                <width>-23</width>
                <height>450</height>
                <visible>false</visible>
                <texture>tvguide-background-right.png</texture>
            </control>


            <!-- Date and time row -->
            <control type="group">
                <posx>0</posx>
                <posy>-40</posy>
                <width>1280</width>
                <height>40</height>
                <visible>!Control.IsVisible(10000)</visible>

                <control type="image">
                    <description>workaround for texture not being loaded</description>
                    <posx>0</posx>
                    <posy>0</posy>
                    <width>1280</width>
                    <height>720</height>
                    <texture>tvguide-program-red.png</texture>
                    <visible>false</visible>
                </control>


                <control type="label" id="14000">
                    <description>Displays todays date</description>
                    <posx>0</posx>
                    <posy>0</posy>
                    <width>180</width>
                    <height>50</height>
                    <textcolor>ffffffff</textcolor>
                    <shadowcolor>black</shadowcolor>
                    <font>font13</font>
                    <align>center</align>
                    <aligny>center</aligny>

                    <visible>true</visible>
                </control>

                <control type="label">
                    <description>Displays todays date</description>
                    <posx>5r</posx>
                    <posy>-15</posy>
                    <width>280</width>
                    <height>20</height>
                    <textcolor>bbffffff</textcolor>
                    <shadowcolor>black</shadowcolor>
                    <font>font13</font>
                    <align>right</align>
                    <aligny>center</aligny>
                    <visible>true</visible>
                    <label>$INFO[System.Date(DDD)], $INFO[System.Date(dd)] $INFO[System.Date(MMM)]</label>
                </control>

                <control type="label">
                    <description>time label</description>
                    <right>5</right>
                    <top>5</top>
                    <width>200</width>
                    <height>30</height>
                    <align>right</align>
                    <aligny>center</aligny>
                    <font>font28_title</font>
                    <textcolor>white</textcolor>
                    <shadowcolor>black</shadowcolor>
                    <label>$INFO[System.Time(hh:mm)]</label>
                    <animation effect="slide" start="0,0" end="-40,0" time="75" condition="Window.IsVisible(Mutebug)">
                        conditional
                    </animation>
                </control>

                <control type="label">
                    <description>Displays todays date</description>
                    <posx>0</posx>
                    <posy>35</posy>
                    <width>180</width>
                    <height>100</height>
                    <textcolor>ffffffff</textcolor>
                    <font>font13</font>
                    <align>center</align>
                    <aligny>center</aligny>
                    <label>CHANNELS</label>
                    <visible>false</visible>
                </control>

                <control type="label" id="14001">
                    <description>1st half hour column</description>
                    <posx>180</posx>
                    <posy>0</posy>
                    <width>270</width>
                    <height>50</height>
                    <textcolor>ffffffff</textcolor>
                    <font>font13</font>
                    <aligny>center</aligny>
                </control>
                <control type="label" id="14002">
                    <description>2nd half hour column</description>
                    <posx>455</posx>
                    <posy>0</posy>
                    <width>270</width>
                    <height>50</height>
                    <textcolor>ffffffff</textcolor>
                    <font>font13</font>
                    <aligny>center</aligny>
                </control>
                <control type="label" id="14003">
                    <description>3rd half hour column</description>
                    <posx>730</posx>
                    <posy>0</posy>
                    <width>270</width>
                    <height>50</height>
                    <textcolor>ffffffff</textcolor>
                    <font>font13</font>
                    <aligny>center</aligny>
                </control>
                <control type="label" id="14004">
                    <description>4th half hour column</description>
                    <posx>1005</posx>
                    <posy>0</posy>
                    <width>270</width>
                    <height>50</height>
                    <textcolor>ffffffff</textcolor>
                    <font>font13</font>
                    <aligny>center</aligny>
                </control>
            </control>

            <!-- Channels column -->
            <control type="group">
                <posx>0</posx>
                <posy>0</posy>
                <width>180</width>
                <height>120</height>
                <visible>!Control.IsVisible(10000)</visible>

                <!-- logo images backgrounds -->
                <control type="image" id="14210">
                    <description>1st channel</description>
                    <posx>-10000</posx>
                    <posy>0</posy>
                    <width>176</width>
                    <height>40</height>
                    <aspectratio>stretch</aspectratio>
                    <visible>Control.IsVisible(14010)|Control.IsVisible(14110)</visible>
                    <align>center</align>
                    <aligny>center</aligny>
                    <texture>black-back.png</texture>
                </control>
                <control type="image" id="14211">
                    <description>2nd channel</description>
                    <posx>-10000</posx>
                    <posy>40</posy>
                    <width>176</width>
                    <height>40</height>
                    <aspectratio>stretch</aspectratio>
                    <visible>Control.IsVisible(14011)|Control.IsVisible(14111)</visible>
                    <align>center</align>
                    <aligny>center</aligny>
                    <texture>black-back.png</texture>
                </control>
                <control type="image" id="14212">
                    <description>3rd channel</description>
                    <posx>-10000</posx>
                    <posy>80</posy>
                    <width>176</width>
                    <height>40</height>
                    <aspectratio>stretch</aspectratio>
                    <visible>Control.IsVisible(14012)|Control.IsVisible(14112)</visible>
                    <align>center</align>
                    <aligny>center</aligny>
                    <texture>black-back.png</texture>
                </control>

                <!-- text labels -->
                <control type="label" id="14010">
                    <description>1st channel</description>
                    <posx>2</posx>
                    <posy>0</posy>
                    <width>176</width>
                    <height>40</height>
                    <textcolor>ddffffff</textcolor>
                    <shadowcolor>-</shadowcolor>
                    <font>font13_title</font>
                    <align>center</align>
                    <aligny>center</aligny>
                    <visible>StringCompare(Control.GetLabel(14110),)</visible>
                </control>
                <control type="label" id="14011">
                    <description>2nd channel</description>
                    <posx>2</posx>
                    <posy>40</posy>
                    <width>176</width>
                    <height>40</height>
                    <textcolor>ddffffff</textcolor>
                    <shadowcolor>-</shadowcolor>
                    <font>font13_title</font>
                    <align>center</align>
                    <aligny>center</aligny>
                    <visible>StringCompare(Control.GetLabel(14111),)</visible>
                </control>
                <control type="label" id="14012">
                    <description>3rd channel</description>
                    <posx>2</posx>
                    <posy>80</posy>
                    <width>176</width>
                    <height>40</height>
                    <textcolor>ddffffff</textcolor>
                    <shadowcolor>-</shadowcolor>
                    <font>font13_title</font>
                    <align>center</align>
                    <aligny>center</aligny>
                    <visible>StringCompare(Control.GetLabel(14112),)</visible>
                </control>

                <!-- logo images -->
                <control type="image" id="14110">
                    <description>1st channel</description>
                    <posx>2</posx>
                    <posy>0</posy>
                    <width>176</width>
                    <height>40</height>
                    <aspectratio>keep</aspectratio>
                    <visible>!StringCompare(Control.GetLabel(14110),)</visible>
                    <align>center</align>
                    <aligny>center</aligny>
                </control>
                <control type="image" id="14111">
                    <description>2nd channel</description>
                    <posx>2</posx>
                    <posy>40</posy>
                    <width>176</width>
                    <height>40</height>
                    <aspectratio>keep</aspectratio>
                    <visible>!StringCompare(Control.GetLabel(14111),)</visible>
                    <align>center</align>
                    <aligny>center</aligny>
                </control>
                <control type="image" id="14112">
                    <description>3rd channel</description>
                    <posx>2</posx>
                    <posy>80</posy>
                    <width>176</width>
                    <height>40</height>
                    <aspectratio>keep</aspectratio>
                    <visible>!StringCompare(Control.GetLabel(14112),)</visible>
                    <align>center</align>
                    <aligny>center</aligny>
                </control>

            </control>

            <control type="label" id="17020">
                <description>Program title</description>
                <posx>500</posx>
                <posy>460</posy>
                <width>620</width>
                <height>50</height>
                <textcolor>eeffffff</textcolor>
                <shadowcolor>22000000</shadowcolor>
                <font>font14</font>
                <align>center</align>
                <aligny>top</aligny>
                <visible>false</visible>
            </control>

            <control type="label" id="17025">
                <description>Channel name</description>
                <posx>360</posx>
                <posy>460</posy>
                <width>160</width>
                <height>50</height>
                <textcolor>ccffffff</textcolor>
                <font>font13</font>
                <align>left</align>
                <aligny>top</aligny>
                <visible>false</visible>
            </control>

            <control type="image" id="170244">
                <description>Channel logo</description>
                <posx>360</posx>
                <posy>462</posy>
                <width>160</width>
                <height>40</height>
                <align>left</align>
                <aspectratio align="left">keep</aspectratio>
                <fadetime>500</fadetime>
                <texture>$INFO[Control.GetLabel(7024)]</texture>
                <visible>false</visible>
            </control>
            <control type="label" id="17021">
                <description>Program time</description>
                <posx>1260</posx>
                <posy>460</posy>
                <width>1090</width>
                <height>50</height>
                <textcolor>ccffffff</textcolor>
                <font>font13</font>
                <align>right</align>
                <aligny>top</aligny>
                <visible>false</visible>
            </control>

            <control type="textbox" id="17022">
                <description>Program description</description>
                <posx>360</posx>
                <posy>519</posy>
                <width>898</width>
                <height>142</height>
                <textcolor>bbffffff</textcolor>
                <font>font13</font>
                <wrapmultiline>true</wrapmultiline>
                <visible>false</visible>
            </control>

            <control type="image" id="17023">
                <description>Program logo / Source logo</description>
                <posx>2</posx>
                <posy>260r</posy>
                <width>350</width>
                <height>197</height>
                <aligny>top</aligny>
                <aspectratio>keep</aspectratio>
                <fadetime>500</fadetime>
                <texture>-</texture>
                <visible>false</visible>
            </control>


            <control type="image" id="17024">
                <description>Channel logo</description>
                <posx>5</posx>
                <posy>620</posy>
                <width>100</width>
                <height>35</height>
                <align>left</align>
                <aspectratio align="left">keep</aspectratio>
                <fadetime>500</fadetime>
                <visible>false</visible>
            </control>

            <control type="image">
                <description>background</description>
                <posx>0</posx>
                <posy>-160</posy>
                <width>1280</width>
                <height>30</height>
                <texture>background.png</texture>
                <visible>Control.IsVisible(17022)</visible>
            </control>

            <control type="label" id="17020">
                <description>Program title</description>
                <posx>20</posx>
                <posy>-160</posy>
                <width>1240</width>
                <height>30</height>
                <textcolor>eeffffff</textcolor>
                <shadowcolor>22ffffff</shadowcolor>
                <font>font14</font>
                <align>center</align>
                <aligny>center</aligny>
                <visible>Control.IsVisible(17022)</visible>
            </control>

            <control type="label" id="17021">
                <description>Program time</description>
                <posx>1262</posx>
                <posy>-160</posy>
                <width>200</width>
                <height>30</height>
                <textcolor>ccffffff</textcolor>
                <font>font13</font>
                <align>right</align>
                <aligny>center</aligny>
                <visible>Control.IsVisible(17022)</visible>
            </control>

            <control type="label" id="17025">
                <description>Channel name</description>
                <posx>20</posx>
                <posy>-160</posy>
                <width>1240</width>
                <height>30</height>
                <textcolor>ccffffff</textcolor>
                <font>font13</font>
                <align>left</align>
                <aligny>center</aligny>
                <visible>Control.IsVisible(17022)</visible>
            </control>

            <control type="image">
                <description>background</description>
                <posx>0</posx>
                <posy>-130</posy>
                <width>1280</width>
                <height>70</height>
                <texture>background.png</texture>
                <visible>Control.IsVisible(17022)</visible>
            </control>

            <control type="textbox" id="17022">
                <description>Program description</description>
                <posx>20</posx>
                <posy>-123</posy>
                <width>1240</width>
                <height>50</height>
                <textcolor>bbffffff</textcolor>
                <font>font13</font>
                <wrapmultiline>true</wrapmultiline>
            </control>

        </control>

    </controls>
</window>
