<?xml version="1.0" encoding="UTF-8" standalone="yes"?>
<addon id="script.tvguide.fullscreen.skin.kjb85" name="TV Guide Fullscreen - KJB Skin" version="0.17.4" provider-name="kjb85">
    <requires>
        <import addon="xbmc.python" version="2.19.0"/>
        <import addon="script.tvguide.fullscreen" version="0.0.321"/>
    </requires>
    <extension point="xbmc.python.script" library="addon.py">
            <provides>executable</provides>
    </extension>
    <extension point="xbmc.addon.metadata">
        <description lang="en">KJB Skin for TV Guide Fullscreen[CR]For optimal display please change the following settings:[CR]Background/EPG Timebar Colour=green[CR]Background/EPG Text Highlight Colour=gray[CR]Appearance/Small EPG Preview Window=on[CR]Appearance/Scale Program Image=off[CR]Appearance/Show Channel Logo in EPG above Program Image=on</description>
        <disclaimer lang="en"></disclaimer>
        <language></language>
        <platform>all</platform>
        <license>GPLv2</license>
        <forum>http://forum.kodi.tv/showthread.php?tid=282157</forum>
        <source>https://github.com/primaeval/script.tvguide.fullscreen</source>
        <website></website>
        <email>kjb85</email>
        <assets>
            <icon>icon.png</icon>
            <screenshot>screenshot1.png</screenshot>
            <screenshot>screenshot2.png</screenshot>
            <screenshot>screenshot3.png</screenshot>
        </assets>
    </extension>
</addon>
