<?xml version="1.0" encoding="UTF-8"?>
<addon id="context.simple.favourites"
version="0.0.10"
name="Simple Favourites"
provider-name="primaeval">
<requires>
  <import addon="xbmc.python" version="2.20.0"/>
  <import addon="script.module.xbmcswift2" version="2.4.0"/>
  <import addon="script.module.requests" version="2.9.1" />
  <import addon="plugin.program.simple.favourites" version="0.0.10" />
</requires>
<extension point="kodi.context.item">
<menu id="kodi.core.main">
  <item library="context.py">
    <label>Add to Simple Favourites</label>
    <visible>True</visible>
  </item>
</menu>
</extension>
<extension point="xbmc.addon.metadata">
  <summary lang="en">Simple Favourites Context Men</summary>
  <description lang="en"></description>
  <disclaimer lang="en">.</disclaimer>
</extension>
</addon>

