<?xml version="1.0" encoding="UTF-8"?>
<addon id="plugin.video.dr.strms"
version="0.0.3"
name="DR strms"
provider-name="primaeval">
<requires>
  <import addon="xbmc.python" version="2.20.0"/>
  <import addon="script.module.xbmcswift2" version="2.4.0"/>
  <import addon="script.module.requests" version="2.9.1" />
</requires>
<extension point="xbmc.python.pluginsource" library="main.py">
  <provides>video</provides>
</extension>
<extension point="xbmc.service" library="server.py" start="login"/>
<extension point="xbmc.addon.metadata">
  <summary lang="en">Danish DR Children's strms</summary>
  <description lang="en">Add DR Ramasjang and Ultra strms to Kodi library with local nfo.</description>
  <disclaimer lang="en"></disclaimer>
</extension>
</addon>

