<?xml version="1.0" encoding="UTF-8" standalone="yes"?>
<addon id="script.skin.tightener" name="Skin Tightener" version="0.0.7" provider-name="primaeval">
    <requires>
        <import addon="xbmc.python" version="2.19.0"/>
    </requires>
    <extension point="xbmc.python.script" library="addon.py">
            <provides>executable</provides>
    </extension>
    <extension point="xbmc.addon.metadata">
        <description lang="en">Copies and removes animation delays from skins.</description>
        <disclaimer lang="en"></disclaimer>
        <language></language>
        <platform>all</platform>
        <license>GPLv2</license>
        <forum></forum>
        <source></source>
        <website></website>
        <email>primaeval</email>
    </extension>
</addon>
