<?xml version="1.0" encoding="utf-8"?>
<window type="dialog">
    <allowoverlay>no</allowoverlay>
    <defaultcontrol always="true">90000</defaultcontrol>
    <coordinates>
        <system>1</system>
        <posx>0</posx>
        <posy>0</posy>
    </coordinates>

    <controls>

		<!-- BACKGROUND IMAGES -->
        <control type="image">
            <description>background</description>
            <posx>0</posx>
            <posy>0</posy>
            <width>1280</width>
            <height>720</height>
            <texture>background.jpg</texture>
            <visible>true</visible>
        </control>
		<control type="image">
			<description>category background</description>
			<posx>30</posx>
			<posy>72</posy>
			<width>220</width>
			<height>105</height>
			<texture>black-back.png</texture>
			<visible>false</visible>
		</control>
		<control type="image">
			<description>category background</description>
			<posx>30</posx>
			<posy>177</posy>
			<width>220</width>
			<height>520</height>
			<texture>black-back.png</texture>
			<visible>false</visible>
		</control>
		<control type="image">
			<posx>28</posx>
			<posy>48</posy>
			<width>224</width>
			<height>34</height>
			<texture>black.png</texture>
			<aspectratio>stretch</aspectratio>
            <visible>false</visible>
		</control>
		<control type="image">
			<posx>30</posx>
			<posy>50</posy>
			<width>220</width>
			<height>30</height>
			<texture>black-back.png</texture>
			<aspectratio>stretch</aspectratio>
            <visible>false</visible>
		</control>
		<control type="label">
			<description>time label</description>
			<posx>55</posx>
			<posy>50</posy>
			<width>380</width>
			<height>30</height>
			<font>font13</font>
			<align>left</align>
			<aligny>center</aligny>
			<textcolor>white</textcolor>
			<shadowcolor>black</shadowcolor>
			<label>[UPPERCASE]TV On Demand »[/UPPERCASE]</label>
            <visible>false</visible>
		</control>

		<control type="image">
			<description>category background</description>
			<posx>300</posx>
			<posy>55</posy>
			<width>940</width>
			<height>630</height>
			<texture>black-back.png</texture>
			<visible>false</visible>
		</control>
		<control type="image">
			<posx>298</posx>
			<posy>53</posy>
			<width>944</width>
			<height>34</height>
			<texture>black.png</texture>
			<aspectratio>stretch</aspectratio>
            <visible>false</visible>
		</control>
		<control type="image">
			<posx>300</posx>
			<posy>55</posy>
			<width>940</width>
			<height>30</height>
			<texture>black-back.png</texture>
			<aspectratio>stretch</aspectratio>
            <visible>false</visible>
		</control>
		<control type="label">
			<description>time label</description>
			<posx>325</posx>
			<posy>55</posy>
			<width>380</width>
			<height>30</height>
			<font>font13</font>
			<align>left</align>
			<aligny>center</aligny>
			<textcolor>white</textcolor>
			<shadowcolor>black</shadowcolor>
			<label>[UPPERCASE]Listings »[/UPPERCASE]</label>
            <visible>false</visible>
		</control>
		<control type="label">
            <description>time label</description>
            <posx>1220</posx>
            <posy>55</posy>
            <width>180</width>
            <height>30</height>
            <font>font13</font>
            <align>right</align>
            <aligny>center</aligny>
            <textcolor>white</textcolor>
            <shadowcolor>black</shadowcolor>
            <label>NOW: $INFO[System.Time]</label>
            <visible>false</visible>
        </control>
        <control type="image">
            <top>0</top>
            <left>556r</left>
            <width>526</width>
            <height>85</height>
            <aspectratio>keep</aspectratio>
            <texture>headerVideoOnDemand.png</texture>
            <visible>true</visible>
        </control>

		<!-- SECTION BUTTONS -->

		<control type="button" id="90000">
			<posx>40</posx>
			<posy>90</posy>
			<width>200</width>
			<height>30</height>
			<texturefocus>tvg-menu-focus.png</texturefocus>
			<texturenofocus>tvg-menu-nofocus.png</texturenofocus>
			<align>center</align>
			<aligny>top</aligny>
			<font>font13</font>
			<textcolor>blue</textcolor>
			<focusedcolor>white</focusedcolor>
			<label>All Shows</label>
			<ondown>900001</ondown>
			<onright>90001</onright>
			<onleft>90003</onleft>
		</control>
		<control type="button" id="90001">
			<posx>240</posx>
			<posy>90</posy>
			<width>200</width>
			<height>30</height>
			<texturefocus>tvg-menu-focus.png</texturefocus>
			<texturenofocus>tvg-menu-nofocus.png</texturenofocus>
			<align>center</align>
			<aligny>top</aligny>
			<font>font13</font>
			<textcolor>blue</textcolor>
			<focusedcolor>white</focusedcolor>
			<label>In Progress</label>
			<ondown>900011</ondown>
			<onleft>90000</onleft>
			<onright>90002</onright>
			<visible>true</visible>
		</control>
		<control type="button" id="90002">
			<posx>440</posx>
			<posy>90</posy>
			<width>200</width>
			<height>30</height>
			<texturefocus>tvg-menu-focus.png</texturefocus>
			<texturenofocus>tvg-menu-nofocus.png</texturenofocus>
			<align>center</align>
			<aligny>top</aligny>
			<font>font13</font>
			<textcolor>blue</textcolor>
			<focusedcolor>white</focusedcolor>
			<label>Recent Episodes</label>
			<ondown>900012</ondown>
			<onleft>90001</onleft>
			<onright>90003</onright>
			<visible>true</visible>
		</control>
		<control type="button" id="90003">
			<posx>640</posx>
			<posy>90</posy>
			<width>200</width>
			<height>30</height>
			<texturefocus>tvg-menu-focus.png</texturefocus>
			<texturenofocus>tvg-menu-nofocus.png</texturenofocus>
			<align>center</align>
			<aligny>top</aligny>
			<font>font13</font>
			<textcolor>blue</textcolor>
			<focusedcolor>white</focusedcolor>
			<label>Recent Movies</label>
			<ondown>900013</ondown>
			<onleft>90002</onleft>
			<onright>90000</onright>
			<visible>true</visible>
		</control>
		
		
		<control type="image">
			<posx>40</posx>
			<posy>90</posy>
			<width>200</width>
			<height>30</height>
			<texture>tvg-menu-focus.png</texture>
			<align>center</align>
			<aligny>top</aligny>
			<visible>Control.HasFocus(900001)</visible>
		</control>
		<control type="image">
			<posx>240</posx>
			<posy>90</posy>
			<width>200</width>
			<height>30</height>
			<texture>tvg-menu-focus.png</texture>
			<align>center</align>
			<aligny>top</aligny>
			<textcolor>blue</textcolor>
			<focusedcolor>white</focusedcolor>
			<visible>Control.HasFocus(900011)</visible>
		</control>
		<control type="image">
			<posx>440</posx>
			<posy>90</posy>
			<width>200</width>
			<height>30</height>
			<texture>tvg-menu-focus.png</texture>
			<align>center</align>
			<aligny>top</aligny>
			<textcolor>blue</textcolor>
			<focusedcolor>white</focusedcolor>
			<visible>Control.HasFocus(900012)</visible>
		</control>
		<control type="image">
			<posx>640</posx>
			<posy>90</posy>
			<width>200</width>
			<height>30</height>
			<texture>tvg-menu-focus.png</texture>
			<align>center</align>
			<aligny>top</aligny>
			<textcolor>blue</textcolor>
			<focusedcolor>white</focusedcolor>
			<visible>Control.HasFocus(900013)</visible>
		</control>
		<!-- UNUSED BUTTONS -->

		<control type="button" id="90003">
			<posx>40</posx>
			<posy>230</posy>
			<width>200</width>
			<height>40</height>
			<texturefocus>tvg-menu-focus.png</texturefocus>
			<texturenofocus>tvg-menu-nofocus.png</texturenofocus>
			<align>center</align>
			<aligny>center</aligny>
			<font>font13</font>
			<textcolor>white</textcolor>
			<focusedcolor>white</focusedcolor>
			<label></label>
			<onright>900031</onright>
			<onup>90002</onup>
			<ondown>90004</ondown>
			<visible>false</visible>
		</control>
		<control type="button" id="90004">
			<posx>40</posx>
			<posy>275</posy>
			<width>200</width>
			<height>40</height>
			<texturefocus>tvg-menu-focus.png</texturefocus>
			<texturenofocus>tvg-menu-nofocus.png</texturenofocus>
			<align>center</align>
			<aligny>center</aligny>
			<font>font13</font>
			<textcolor>white</textcolor>
			<focusedcolor>white</focusedcolor>
			<label></label>
			<onright>900041</onright>
			<onup>90003</onup>
			<ondown>90005</ondown>
			<visible>false</visible>
		</control>
		<control type="button" id="90005">
			<posx>40</posx>
			<posy>320</posy>
			<width>200</width>
			<height>40</height>
			<texturefocus>tvg-menu-focus.png</texturefocus>
			<texturenofocus>tvg-menu-nofocus.png</texturenofocus>
			<align>center</align>
			<aligny>center</aligny>
			<font>font13</font>
			<textcolor>white</textcolor>
			<focusedcolor>white</focusedcolor>
			<label></label>
			<onright>900051</onright>
			<onup>90004</onup>
			<ondown>90006</ondown>
			<visible>false</visible>
		</control>
		<control type="button" id="90006">
			<posx>40</posx>
			<posy>365</posy>
			<width>200</width>
			<height>40</height>
			<texturefocus>tvg-menu-focus.png</texturefocus>
			<texturenofocus>tvg-menu-nofocus.png</texturenofocus>
			<align>center</align>
			<aligny>center</aligny>
			<font>font13</font>
			<textcolor>white</textcolor>
			<focusedcolor>white</focusedcolor>
			<label></label>
			<onright>900061</onright>
			<onup>90005</onup>
			<ondown>90007</ondown>
			<visible>false</visible>
		</control>
		<control type="button" id="90007">
			<posx>40</posx>
			<posy>410</posy>
			<width>200</width>
			<height>40</height>
			<texturefocus>tvg-menu-focus.png</texturefocus>
			<texturenofocus>tvg-menu-nofocus.png</texturenofocus>
			<align>center</align>
			<aligny>center</aligny>
			<font>font13</font>
			<textcolor>white</textcolor>
			<focusedcolor>white</focusedcolor>
			<label></label>
			<onright>900071</onright>
			<onup>90006</onup>
			<ondown>90008</ondown>
			<visible>false</visible>
		</control>
		<control type="button" id="90008">
			<posx>40</posx>
			<posy>455</posy>
			<width>200</width>
			<height>40</height>
			<texturefocus>tvg-menu-focus.png</texturefocus>
			<texturenofocus>tvg-menu-nofocus.png</texturenofocus>
			<align>center</align>
			<aligny>center</aligny>
			<font>font13</font>
			<textcolor>white</textcolor>
			<focusedcolor>white</focusedcolor>
			<label></label>
			<onright>900081</onright>
			<onup>90007</onup>
			<ondown>90009</ondown>
			<visible>false</visible>
		</control>
		<control type="button" id="90009">
			<posx>40</posx>
			<posy>500</posy>
			<width>200</width>
			<height>40</height>
			<texturefocus>tvg-menu-focus.png</texturefocus>
			<texturenofocus>tvg-menu-nofocus.png</texturenofocus>
			<align>center</align>
			<aligny>center</aligny>
			<font>font13</font>
			<textcolor>white</textcolor>
			<focusedcolor>white</focusedcolor>
			<label></label>
			<onright>900091</onright>
			<onup>90008</onup>
			<ondown>90010</ondown>
			<visible>false</visible>
		</control>
		<control type="button" id="90010">
			<posx>40</posx>
			<posy>545</posy>
			<width>200</width>
			<height>40</height>
			<texturefocus>tvg-menu-focus.png</texturefocus>
			<texturenofocus>tvg-menu-nofocus.png</texturenofocus>
			<align>center</align>
			<aligny>center</aligny>
			<font>font13</font>
			<textcolor>white</textcolor>
			<focusedcolor>white</focusedcolor>
			<label></label>
			<onright>900101</onright>
			<onup>90009</onup>
			<ondown>90011</ondown>
			<visible>false</visible>
		</control>
		<control type="button" id="90011">
			<posx>40</posx>
			<posy>590</posy>
			<width>200</width>
			<height>40</height>
			<texturefocus>tvg-menu-focus.png</texturefocus>
			<texturenofocus>tvg-menu-nofocus.png</texturenofocus>
			<align>center</align>
			<aligny>center</aligny>
			<font>font13</font>
			<textcolor>white</textcolor>
			<focusedcolor>white</focusedcolor>
			<label></label>
			<onright>900111</onright>
			<onup>90010</onup>
			<ondown>90012</ondown>
			<visible>false</visible>
		</control>
		<control type="button" id="90012">
			<posx>40</posx>
			<posy>635</posy>
			<width>200</width>
			<height>40</height>
			<texturefocus>tvg-menu-focus.png</texturefocus>
			<texturenofocus>tvg-menu-nofocus.png</texturenofocus>
			<align>center</align>
			<aligny>center</aligny>
			<font>font13</font>
			<textcolor>white</textcolor>
			<focusedcolor>white</focusedcolor>
			<label></label>
			<onright>900121</onright>
			<onup>90011</onup>
			<ondown>90001</ondown>
			<visible>false</visible>
		</control>

		<!-- GET FIXTURES -->

		<control type="image">
			<posx>300</posx>
            <posy>420</posy>
            <width>940</width>
            <height>265</height>
			<aspectratio>stretch</aspectratio>
			<texture>black-back.png</texture>
            <visible>false</visible>
		</control>
		<control type="image">
			<posx>0</posx>
            <posy>130</posy>
            <width>1280</width>
            <height>450</height>
			<aspectratio>stretch</aspectratio>
			<texture>tvg-tv.png</texture>
            <visible>true</visible>
		</control>

		<!-- FIRST VIDEO-ON-DEMAND SECTION -->
		<!--
		<control type="list" id="900001">
			<description>All Shows</description>
			<posx>40</posx>
            <posy>280r</posy>
            <width>1200</width>
            <height>600</height>
			<itemgap>5</itemgap>
			<onleft>900001</onleft>
			<onup>90000</onup>
			<ondown>90000</ondown>
			<orientation>horizontal</orientation>
			<preloaditems>2</preloaditems>
			<onclick>back</onclick>
			<onclick>ActivateWindow(10025,$INFO[ListItem.FolderPath],return)</onclick>
			<visible>Control.HasFocus(90000) | Control.HasFocus(900001)</visible>
			<itemlayout width="160" height="240">
				<control type="image">
					<left>0</left>
					<top>0</top>
					<width>160</width>
					<height>240</height>
					<aspectratio>keep</aspectratio>
					<texture>$INFO[ListItem.Art(poster)]</texture>
				</control>
			</itemlayout>
			<focusedlayout width="160" height="240">
				<control type="image">
					<left>0</left>
					<top>0</top>
					<width>160</width>
					<height>240</height>
					<aspectratio>stretch</aspectratio>
					<texture>vod-focus.png</texture>
                    <visible>false</visible>
				</control>
				<control type="image">
					<left>-10</left>
					<top>-10</top>
					<width>180</width>
					<height>260</height>
					<aspectratio>keep</aspectratio>
					<texture>$INFO[ListItem.Art(poster)]</texture>
				</control>
			</focusedlayout>
			<content target="" sortby="label" sortorder="ascending">library://video/tvshows/titles.xml</content>
		</control>
		-->
		<control type="panel" id="900001">
			<description>All Shows</description>
			<posx>0</posx>
            <posy>150</posy>
            <width>1280</width>
            <height>450</height>
			<itemgap>5</itemgap>
			<onleft>900001</onleft>
			<onup>90000</onup>
			<ondown>900001</ondown>
			<orientation>horizontal</orientation>
			<preloaditems>2</preloaditems>
			<onclick>back</onclick>
			<onclick>ActivateWindow(10025,$INFO[ListItem.FolderPath],return)</onclick>
			<visible>Control.HasFocus(90000) | Control.HasFocus(900001)</visible>
			<itemlayout width="550" height="80">
				<control type="image">
					<left>50</left>
					<top>10</top>
					<width>133</width>
					<height>70</height>
					<aspectratio>stretch</aspectratio>
					<texture>tvg-tv.png</texture>
					<colordiffuse>80FFFFFF</colordiffuse>
					<visible>IsEmpty(Control.GetLabel(9000011))</visible>
				</control>
				<control type="image" id="9000011">
					<left>50</left>
					<top>10</top>
					<width>133</width>
					<height>80</height>
					<aspectratio aligny="top">keep</aspectratio>
					<texture>$INFO[ListItem.Art(landscape)]</texture>
					<colordiffuse>80FFFFFF</colordiffuse>
				</control>
				<control type="label">
					<left>200</left>
					<width>400</width>
					<label>$INFO[ListItem.Title] ($INFO[ListItem.Property(UnWatchedEpisodes)])</label>
					<font>font30</font>
					<textcolor>blue</textcolor>
				</control>
			</itemlayout>
			<focusedlayout width="600" height="80">
				<control type="image">
					<left>50</left>
					<top>0</top>
					<width>133</width>
					<height>80</height>
					<aspectratio>stretch</aspectratio>
					<texture>vod-focus.png</texture>
                    <visible>false</visible>
				</control>
				<control type="image">
					<left>10</left>
					<top>0</top>
					<width>167</width>
					<height>80</height>
					<aspectratio>stretch</aspectratio>
					<texture>tvg-tv.png</texture>
					<visible>IsEmpty(Control.GetLabel(9000011))</visible>
				</control>
				<control type="image">
					<left>10</left>
					<top>0</top>
					<width>167</width>
					<height>100</height>
					<aspectratio aligny="top">keep</aspectratio>
					<texture>$INFO[ListItem.Art(landscape)]</texture>
				</control>
				<control type="label">
					<left>190</left>
					<width>400</width>
					<label>[B]$INFO[ListItem.Title] ($INFO[ListItem.Property(UnWatchedEpisodes)])[/B]</label>
					<font>font30</font>
					<textcolor>white</textcolor>
				</control>
			</focusedlayout>
			<content target="" sortby="label" sortorder="ascending">library://video/tvshows/titles.xml</content>
		</control>
		<control type="textbox">
			<posx>50</posx>
			<posy>590</posy>
			<width>600</width>
			<label>[B]$INFO[Container(900001).ListItem.Label][/B] [COLOR=blue]   $INFO[Container(900001).ListItem.Studio][/COLOR]</label>
			<textcolor>ffffffff</textcolor>
			<font>font14</font>
			<align>left</align>
			<aligny>top</aligny>
			<height>40</height>
			<wrapmultiline>true</wrapmultiline>
			<visible>Control.HasFocus(900001)</visible>
		</control>
		<control type="textbox">
			<posx>50</posx>
			<posy>620</posy>
			<width>800</width>
			<height>75</height>
			<info>Container(900001).ListItem.Plot</info>
			<textcolor>ffffffff</textcolor>
			<font>font13</font>
			<align>left</align>
			<aligny>top</aligny>
			<wrapmultiline>true</wrapmultiline>
			<autoscroll delay="5000" time="1000" repeat="10000"></autoscroll>
			<visible>Control.HasFocus(900001)</visible>
		</control>
		<control type="textbox">
			<posx>50</posx>
			<posy>690</posy>
			<width>800</width>
			<label>[B]Genres:[/B] $INFO[Container(900001).ListItem.Genre]</label>
			<textcolor>blue</textcolor>
			<font>font13</font>
			<align>left</align>
			<aligny>top</aligny>
			<height>30</height>
			<color>blue</color>
			<wrapmultiline>true</wrapmultiline>
			<visible>Control.HasFocus(900001)</visible>
		</control>
		<control type="textbox">
			<posx>50</posx>
			<posy>630</posy>
			<width>400</width>
			<label>$INFO[Container(900001).ListItem.Studio]</label>
			<textcolor>ffffffff</textcolor>
			<font>font13</font>
			<align>left</align>
			<aligny>top</aligny>
			<height>30</height>
			<wrapmultiline>true</wrapmultiline>
			<visible>false</visible>
		</control>
		<control type="textbox">
			<posx>800</posx>
			<posy>590</posy>
			<width>460</width>
			<label>[B]Unwatched Episodes:[/B] $INFO[Container(900001).ListItem.Property(UnWatchedEpisodes)] / $INFO[Container(900001).ListItem.Property(TotalEpisodes)]</label>
			<textcolor>ffffffff</textcolor>
			<font>font13</font>
			<align>right</align>
			<aligny>top</aligny>
			<height>30</height>
			<wrapmultiline>true</wrapmultiline>
			<visible>Control.HasFocus(900001)</visible>
		</control>

		<!-- SECOND VIDEO-ON-DEMAND SECTION -->
		<control type="panel" id="900011">
			<description>In Progress</description>
			<posx>0</posx>
            <posy>140</posy>
            <width>1280</width>
            <height>450</height>
			<itemgap>5</itemgap>
			<onleft>900011</onleft>
			<onup>90001</onup>
			<ondown>900011</ondown>
			<orientation>horizontal</orientation>
			<preloaditems>2</preloaditems>
			<onclick>back</onclick>
			<onclick>ActivateWindow(10025,$INFO[ListItem.FolderPath],return)</onclick>
			<visible>Control.HasFocus(90001) | Control.HasFocus(900011)</visible>
			<itemlayout width="550" height="140">
				<control type="image">
					<left>50</left>
					<top>10</top>
					<width>100</width>
					<height>140</height>
					<aspectratio>keep</aspectratio>
					<texture>$INFO[ListItem.Art(poster)]</texture>
					<colordiffuse>80FFFFFF</colordiffuse>
				</control>
				<control type="label">
					<left>160</left>
					<top>10</top>
					<width>400</width>
					<height>140</height>
					<aligny>top</aligny>
					<label>$INFO[ListItem.Title] </label>
					<font>font30</font>
					<textcolor>blue</textcolor>
				</control>
				<control type="label">
					<left>165</left>
					<top>50</top>
					<width>400</width>
					<height>140</height>
					<aligny>top</aligny>
					<label>Episodes Left: $INFO[ListItem.Property(UnWatchedEpisodes)][CR]Last Watched: $INFO[ListItem.LastPlayed]</label>
					<font>font14</font>
					<textcolor>blue</textcolor>
				</control>
			</itemlayout>
			<focusedlayout width="600" height="150">
				<control type="image">
					<left>50</left>
					<top>0</top>
					<width>160</width>
					<height>200</height>
					<aspectratio>stretch</aspectratio>
					<texture>vod-focus.png</texture>
                    <visible>false</visible>
				</control>
				<control type="image">
					<left>40</left>
					<top>0</top>
					<width>110</width>
					<height>150</height>
					<aspectratio>keep</aspectratio>
					<texture>$INFO[ListItem.Art(poster)]</texture>
				</control>
				<control type="label">
					<left>160</left>
					<width>400</width>
					<height>140</height>
					<aligny>top</aligny>
					<label>[B]$INFO[ListItem.Title][/B]</label>
					<font>font30</font>
					<textcolor>white</textcolor>
				</control>
				<control type="label">
					<left>165</left>
					<top>40</top>
					<width>400</width>
					<height>140</height>
					<aligny>top</aligny>
					<label>Episodes Left: $INFO[ListItem.Property(UnWatchedEpisodes)][CR]Last Watched: $INFO[ListItem.LastPlayed]</label>
					<font>font14</font>
					<textcolor>white</textcolor>
				</control>
			</focusedlayout>
			<content target="" sortby="lastplayed" sortorder="descending">library://video/tvshows/inprogressshows.xml</content>
		</control>
		<control type="image">
			<posx>10</posx>
			<posy>590</posy>
			<width>200</width>
			<height>120</height>
			<aspectratio>keep</aspectratio>
			<align>left</align>
            <aligny>top</aligny>
			<info>Container(900011).ListItem.Property(Fanart_Image)</info>
			<visible>Control.HasFocus(900011)</visible>
		</control>
		<control type="textbox">
			<posx>220</posx>
			<posy>590</posy>
			<width>600</width>
			<label>[B]$INFO[Container(900011).ListItem.Label][/B] [COLOR=blue]   $INFO[Container(900011).ListItem.Studio][/COLOR]</label>
			<textcolor>ffffffff</textcolor>
			<font>font14</font>
			<align>left</align>
			<aligny>top</aligny>
			<height>40</height>
			<wrapmultiline>true</wrapmultiline>
			<visible>Control.HasFocus(900011)</visible>
		</control>
		<control type="textbox">
			<posx>220</posx>
			<posy>620</posy>
			<width>800</width>
			<height>75</height>
			<info>Container(900011).ListItem.Plot</info>
			<textcolor>ffffffff</textcolor>
			<font>font13</font>
			<align>left</align>
			<aligny>top</aligny>
			<wrapmultiline>true</wrapmultiline>
			<autoscroll delay="5000" time="1000" repeat="10000"></autoscroll>
			<visible>Control.HasFocus(900011)</visible>
		</control>
		<control type="textbox">
			<posx>220</posx>
			<posy>690</posy>
			<width>800</width>
			<label>[B]Genres:[/B] $INFO[Container(900011).ListItem.Genre]</label>
			<textcolor>blue</textcolor>
			<font>font13</font>
			<align>left</align>
			<aligny>top</aligny>
			<height>30</height>
			<color>blue</color>
			<wrapmultiline>true</wrapmultiline>
			<visible>Control.HasFocus(900011)</visible>
		</control>
		<!--<control type="textbox">
			<posx>280</posx>
			<posy>380</posy>
			<width>400</width>
			<label>[B]Total Episodes:[/B] $INFO[Container(900011).ListItem.Property(TotalEpisodes)]  [B]Watched Episodes:[/B] $INFO[Container(900011).ListItem.Property(WatchedEpisodes)]</label>
			<textcolor>ffffffff</textcolor>
			<font>font13</font>
			<align>left</align>
			<aligny>top</aligny>
			<height>30</height>
			<wrapmultiline>true</wrapmultiline>
			<visible>Control.HasFocus(90001) | Control.HasFocus(900011)</visible>
		</control>-->

		<!-- 3rd VIDEO-ON-DEMAND SECTION -->
		<control type="panel" id="900012">
			<description>In Progress</description>
			<posx>0</posx>
            <posy>160</posy>
            <width>1280</width>
            <height>450</height>
			<itemgap>5</itemgap>
			<onleft>900012</onleft>
			<onup>90002</onup>
			<ondown>900012</ondown>
			<orientation>horizontal</orientation>
			<preloaditems>2</preloaditems>
			<onclick>back</onclick>
			<onclick>PlayMedia($INFO[ListItem.Path])</onclick>
			<visible>Control.HasFocus(90002) | Control.HasFocus(900012)</visible>

			<itemlayout width="550" height="80">
				<control type="label">
					<label></label>
					<left>250</left>
					<top>10</top>
				</control>
				<control type="image" id="9000011">
					<left>50</left>
					<top>0</top>
					<width>133</width>
					<height>80</height>
					<aspectratio aligny="top">keep</aspectratio>
					<texture>$INFO[ListItem.Icon]</texture>
					<colordiffuse>80FFFFFF</colordiffuse>
				</control>
				<control type="label">
					<left>200</left>
					<top>-40</top>
					<width>400</width>
					<label>$INFO[ListItem.TVShowTitle]</label>
					<font>font30</font>
					<textcolor>blue</textcolor>
				</control>
				<control type="label">
					<left>205</left>
					<top>15</top>
					<width>400</width>
					<label>Recorded: $INFO[ListItem.DateAdded]</label>
					<font>font14</font>
					<textcolor>blue</textcolor>
				</control>
			</itemlayout>
			<focusedlayout width="600" height="80">
				<control type="image">
					<left>50</left>
					<top>0</top>
					<width>133</width>
					<height>80</height>
					<aspectratio>stretch</aspectratio>
					<texture>vod-focus.png</texture>
                    <visible>false</visible>
				</control>
				<control type="image">
					<left>10</left>
					<top>-10</top>
					<width>167</width>
					<height>100</height>
					<aspectratio aligny="top">keep</aspectratio>
					<texture>$INFO[ListItem.Icon]</texture>
				</control>
				<control type="label">
					<left>190</left>
					<width>400</width>
					<top>-50</top>
					<label>[B]$INFO[ListItem.TVShowTitle][/B]</label>
					<font>font30</font>
					<textcolor>white</textcolor>
				</control>
				<control type="label">
					<left>195</left>
					<width>400</width>
					<top>5</top>
					<label>Recorded: $INFO[ListItem.DateAdded]</label>
					<font>font14</font>
					<textcolor>white</textcolor>
				</control>
			</focusedlayout>

			<content target="" sortby="" sortorder="ascending">library://video/tvshows/recentlyaddedepisodes.xml</content>
		</control>
		<control type="image">
			<posx>10</posx>
			<posy>590</posy>
			<width>200</width>
			<height>120</height>
			<aspectratio>keep</aspectratio>
			<align>left</align>
            <aligny>top</aligny>
			<info>Container(900012).ListItem.Property(Fanart_Image)</info>
			<visible>Control.HasFocus(900012)</visible>
		</control>
		<control type="textbox">
			<posx>210</posx>
			<posy>590</posy>
			<width>600</width>
			<info>Container(900012).ListItem.TVShowTitle</info>
			<textcolor>ffffffff</textcolor>
			<font>font14</font>
			<align>left</align>
			<aligny>top</aligny>
			<height>40</height>
			<wrapmultiline>true</wrapmultiline>
			<visible>false</visible>
		</control>
		<control type="label">
			<posx>220</posx>
			<posy>590</posy>
			<width>600</width>
			<label>[B]$INFO[Container(900012).ListItem.Label][/B]</label>
			<textcolor>ffffffff</textcolor>
			<font>font14</font>
			<align>left</align>
			<aligny>top</aligny>
			<height>40</height>
			<wrapmultiline>true</wrapmultiline>
			<visible>Control.HasFocus(900012)</visible>
		</control>
		<control type="textbox">
			<posx>220</posx>
			<posy>620</posy>
			<width>1000</width>
			<height>50</height>
			<info>Container(900012).ListItem.Plot</info>
			<textcolor>blue</textcolor>
			<font>font13</font>
			<align>left</align>
			<aligny>top</aligny>
			<wrapmultiline>true</wrapmultiline>
			<autoscroll delay="5000" time="1000" repeat="10000"></autoscroll>
			<visible>Control.HasFocus(900012)</visible>
		</control>
		<control type="textbox">
			<posx>280</posx>
			<posy>300</posy>
			<width>800</width>
			<label>[B]Genres:[/B] $INFO[Container(900012).ListItem.Genre]</label>
			<textcolor>ffffffff</textcolor>
			<font>font13</font>
			<align>left</align>
			<aligny>top</aligny>
			<height>30</height>
			<wrapmultiline>true</wrapmultiline>
			<visible>false</visible>
		</control>
		<control type="textbox">
			<posx>220</posx>
			<posy>675</posy>
			<width>400</width>
			<label>$INFO[Container(900012).ListItem.Studio]   Aired: $INFO[Container(900012).ListItem.Premiered]   $INFO[Container(900012).ListItem.Duration] Minutes</label>
			<textcolor>blue</textcolor>
			<font>font13</font>
			<align>left</align>
			<aligny>top</aligny>
			<height>30</height>
			<wrapmultiline>true</wrapmultiline>
			<visible>Control.HasFocus(900012)</visible>
		</control>


		<!-- 4th VIDEO-ON-DEMAND SECTION -->
		<control type="panel" id="900013">
			<description>In Progress</description>
			<posx>0</posx>
            <posy>120</posy>
            <width>1280</width>
            <height>480</height>
			<itemgap>0</itemgap>
			<onleft>900013</onleft>
			<onup>90003</onup>
			<ondown>900013</ondown>
			<orientation>horizontal</orientation>
			<preloaditems>2</preloaditems>
			<onclick>PlayMedia($INFO[ListItem.Path])</onclick>
			<visible>Control.HasFocus(90003) | Control.HasFocus(900013)</visible>
			<itemlayout width="170" height="225">
				<control type="image">
					<left>0</left>
					<top>10</top>
					<width>170</width>
					<height>225</height>
					<aspectratio>stretch</aspectratio>
					<texture>$INFO[ListItem.Art(poster)]</texture>
					<colordiffuse>80FFFFFF</colordiffuse>
				</control>
			</itemlayout>
			<focusedlayout width="180" height="250">
				<control type="image">
					<left>0</left>
					<top>0</top>
					<width>170</width>
					<height>225</height>
					<aspectratio>stretch</aspectratio>
					<texture>vod-focus.png</texture>
                    <visible>false</visible>
				</control>
				<control type="image">
					<left>-5</left>
					<top>0</top>
					<width>180</width>
					<height>240</height>
					<aspectratio>stretch</aspectratio>
					<texture>$INFO[ListItem.Art(poster)]</texture>
				</control>
			</focusedlayout>
			<content target="" sortby="" sortorder="ascending">library://video/movies/recentlyaddedmovies.xml</content>
		</control>
		<control type="image">
			<posx>10</posx>
			<posy>590</posy>
			<width>200</width>
			<height>120</height>
			<aspectratio>keep</aspectratio>
			<align>left</align>
            <aligny>top</aligny>
			<info>Container(900013).ListItem.Property(Fanart_Image)</info>
			<visible>Control.HasFocus(900013)</visible>
		</control>
		<control type="textbox">
			<posx>220</posx>
			<posy>590</posy>
			<width>600</width>
			<label>[B]$INFO[Container(900013).ListItem.Label][/B] [COLOR=blue]   $INFO[Container(900013).ListItem.Studio][/COLOR]</label>
			<textcolor>ffffffff</textcolor>
			<font>font14</font>
			<align>left</align>
			<aligny>top</aligny>
			<height>40</height>
			<wrapmultiline>true</wrapmultiline>
			<visible>Control.HasFocus(900013)</visible>
		</control>
		<control type="textbox">
			<posx>220</posx>
			<posy>620</posy>
			<width>800</width>
			<height>75</height>
			<info>Container(900013).ListItem.Plot</info>
			<textcolor>ffffffff</textcolor>
			<font>font13</font>
			<align>left</align>
			<aligny>top</aligny>
			<wrapmultiline>true</wrapmultiline>
			<autoscroll delay="5000" time="1000" repeat="10000"></autoscroll>
			<visible>Control.HasFocus(900013)</visible>
		</control>
		<control type="textbox">
			<posx>220</posx>
			<posy>690</posy>
			<width>800</width>
			<label>[B]Genres:[/B] $INFO[Container(900013).ListItem.Genre]</label>
			<textcolor>blue</textcolor>
			<font>font13</font>
			<align>left</align>
			<aligny>top</aligny>
			<height>30</height>
			<color>blue</color>
			<wrapmultiline>true</wrapmultiline>
			<visible>Control.HasFocus(900013)</visible>
		</control>


    </controls>
</window>